Date,Open,High,Low,Close,Volume
5/30/2024 0:00,67686.8,67877,67580,67619.1,3017.704
5/29/2024 23:00,67720.6,67775.3,67606.6,67686.7,2724.761
5/29/2024 22:00,67737,67882.2,67639.4,67720.6,2842.41
5/29/2024 21:00,67516.3,67860.5,67362.9,67737,4914.747
5/29/2024 20:00,67316,67547.1,67179.4,67516.3,4079.864
5/29/2024 19:00,67444.5,67790,67263.8,67315.9,4690.797
5/29/2024 18:00,67658.6,67670,67258.7,67444.4,4264.893
5/29/2024 17:00,67594.8,67735.4,67369.1,67658.6,4774.629
5/29/2024 16:00,67421,67767.3,67129,67596.1,12808.56
5/29/2024 15:00,67670.4,67910.1,67321.7,67421,14126.123
5/29/2024 14:00,67921.5,68007.6,67549.4,67670.4,9065.115
5/29/2024 13:00,67944.3,68330.6,67620.3,67921.6,18050.281
5/29/2024 12:00,67816.8,68075.1,67618,67944.3,9834.65
5/29/2024 11:00,68041,68050,67766.3,67816.9,4269.921
5/29/2024 10:00,67951.2,68076,67841.6,68040.9,4061.789
5/29/2024 9:00,67913.6,68085.2,67722.8,67951.2,6278.113
5/29/2024 8:00,67993.7,68046.1,67631,67913.6,11149.109
5/29/2024 7:00,68552.5,68583.1,67975.5,67993.6,10403.013
5/29/2024 6:00,68630.1,68709.4,68506,68552.5,3243.35
5/29/2024 5:00,68884.1,68884.1,68604.5,68630,3712.944
5/29/2024 4:00,68862,68976.4,68777.6,68884.1,4373.628
5/29/2024 3:00,68721.2,68920,68710.4,68862.1,4078.322
5/29/2024 2:00,68604.2,68983,68479.2,68721.2,6626.914
5/29/2024 1:00,68533.1,68765.5,68341.3,68604.2,4315.602
5/29/2024 0:00,68440.4,68648,68302.8,68533.2,3547.064
5/28/2024 23:00,68651.2,68659.8,68378.7,68440.5,3157.607
5/28/2024 22:00,68434.7,68710,68419.4,68650.6,4035.214
5/28/2024 21:00,68368.9,68600.5,68291.5,68434.8,2781.812
5/28/2024 20:00,68466.4,68593.7,68162.2,68369,4635.577
5/28/2024 19:00,67915.9,68657,67902.1,68466.5,12459.276
5/28/2024 18:00,67812.4,68036.9,67273,67915.9,13797.362
5/28/2024 17:00,67748.8,68197,67700,67812.4,6318.573
5/28/2024 16:00,68399.8,68486.4,67731.2,67748.7,9012.253
5/28/2024 15:00,67997.6,68490,67755.9,68399.7,9337.398
5/28/2024 14:00,67822,68274.7,67550,67997.6,16216.701
5/28/2024 13:00,68232.9,68510,67676.1,67821.9,14496.764
5/28/2024 12:00,68411.3,68583.7,68165,68232.9,6931.434
5/28/2024 11:00,68607.3,68703.8,68282.4,68411.3,8608.889
5/28/2024 10:00,68357,68921.6,68281.2,68607.3,12741.275
5/28/2024 9:00,68174,68554.1,68044.3,68357,9529.351
5/28/2024 8:00,67712.1,68282.8,67602.8,68174,9411.681
5/28/2024 7:00,67995.1,68052.4,67690,67712,5923.208
5/28/2024 6:00,68076.2,68122,67800.1,67995.2,4924.445
5/28/2024 5:00,67809,68082.6,67673.4,68076.2,7062.391
5/28/2024 4:00,68070,68153.8,67500,67809.1,11912.627
5/28/2024 3:00,68700.1,68765,67760,68070,19513.118
5/28/2024 2:00,68640.7,68869.2,68429.1,68700.1,12268.351
5/28/2024 1:00,69407.2,69628,68542.2,68640.8,15723.247
5/28/2024 0:00,69461.5,69505,69123.7,69407.2,7039.886
5/27/2024 23:00,69631.2,69631.2,69344,69461.6,4897.315
5/27/2024 22:00,69835.7,69846.3,69588.3,69631.2,3025.422
5/27/2024 21:00,69699.3,69950,69630,69835.7,2877.362
5/27/2024 20:00,69297.9,69774.3,69211.8,69699.3,6869.659
5/27/2024 19:00,70044.7,70183,69100,69298,14800.476
5/27/2024 18:00,70238.5,70316,69926.5,70044.6,5029.901
5/27/2024 17:00,70224.8,70417.5,70085.4,70238.5,5827.972
5/27/2024 16:00,70421.4,70750,70218.9,70224.8,14018.662
5/27/2024 15:00,69548.5,70584.9,69548.5,70421.5,28724.017
5/27/2024 14:00,68951.7,69550,68860,69548.6,12327.341
5/27/2024 13:00,68654.8,69084,68622,68951.7,9849.46
5/27/2024 12:00,68463,68677.6,68401.2,68654.8,4233.858
5/27/2024 11:00,68600.1,68710,68268.7,68462.9,5011.622
5/27/2024 10:00,68615.9,68629.1,68437.1,68600,2959.028
5/27/2024 9:00,68647,68687.5,68451.2,68615.9,4587.958
5/27/2024 8:00,68661,68958.6,68550,68647,6881.119
5/27/2024 7:00,68425.3,68742.8,68359.4,68661.1,4651.483
5/27/2024 6:00,68545,68642.5,68410,68425.4,3409.566
5/27/2024 5:00,68783.3,68810,68327.3,68545,7025.64
5/27/2024 4:00,68900.5,68935.1,68770,68783.4,3955.835
5/27/2024 3:00,69131,69233.5,68850.6,68900.6,3903.307
5/27/2024 2:00,69090.7,69300,69030,69131.1,4985.248
5/27/2024 1:00,68851.6,69331.6,68759.4,69090.6,7200.104
5/27/2024 0:00,68524.4,68851.6,68490.1,68851.5,3239.001
5/26/2024 23:00,68568.1,68591.6,68355,68524.3,3417.223
5/26/2024 22:00,68543.6,68720,68482.4,68568.2,2808.584
5/26/2024 21:00,68732.1,68732.1,68155,68543.7,7124.454
5/26/2024 20:00,68925.5,68937.5,68725.9,68732,1623.398
5/26/2024 19:00,68820,68941.4,68819.9,68925.4,1441.754
5/26/2024 18:00,68796.4,68865.5,68733.5,68820,1534.031
5/26/2024 17:00,68815.2,68926.8,68750.5,68796.4,1929.106
5/26/2024 16:00,68864.7,68987.9,68697.2,68815.3,6282.01
5/26/2024 15:00,69303.9,69425.2,68678.5,68864.6,11193.095
5/26/2024 14:00,69161.8,69333,69053.2,69303.9,4161.202
5/26/2024 13:00,69001.9,69167.6,68963,69161.8,3069.839
5/26/2024 12:00,69160.3,69171.3,68954.6,69001.8,3517.989
5/26/2024 11:00,69235.5,69254.3,69082.5,69160.3,2850.103
5/26/2024 10:00,69106.7,69245.8,69100.4,69235.6,2382.956
5/26/2024 9:00,69182.3,69273.2,68980.6,69106.7,3881.902
5/26/2024 8:00,69359.2,69590.3,69080,69182.2,6794.294
5/26/2024 7:00,69126,69468.9,69114.5,69359.2,4856.849
5/26/2024 6:00,69161.1,69218.2,69061.1,69126.1,1847.693
5/26/2024 5:00,68993.6,69161.1,68934,69161,1890.703
5/26/2024 4:00,69093.2,69093.2,68950,68993.5,1218.382
5/26/2024 3:00,68925.1,69157.2,68893.9,69093.2,2371.075
5/26/2024 2:00,69180.5,69206.7,68830,68925.1,5072.626
5/26/2024 1:00,69176.6,69281.3,69170,69180.6,1244.59
5/26/2024 0:00,69314.5,69339.6,69170,69176.5,1555.966
5/25/2024 23:00,69150.2,69394.6,69150.1,69314.4,3509.989
5/25/2024 22:00,69167.1,69189.3,69064.2,69150.1,1182.153
5/25/2024 21:00,69120,69198.8,69061.5,69167.1,1238.499
5/25/2024 20:00,69166.9,69240.4,69080,69120.1,1202.583
5/25/2024 19:00,69223.8,69287.6,69118,69167,1390.336
5/25/2024 18:00,69075.3,69265.5,69075.3,69223.7,2674.612
5/25/2024 17:00,68955.5,69127.1,68933.4,69075.3,1691.052
5/25/2024 16:00,68949,69071,68870.6,68955.6,4302.168
5/25/2024 15:00,69031.7,69227.8,68844.1,68949.1,4646.141
5/25/2024 14:00,69038.3,69095,68965,69031.7,3595.291
5/25/2024 13:00,69141,69256.9,68888,69038.3,6726.315
5/25/2024 12:00,69112.4,69323.9,69031.4,69141.1,6380.907
5/25/2024 11:00,69397.7,69622.8,69112.4,69112.5,10552.535
5/25/2024 10:00,69118,69492.1,69040.8,69397.6,6360.262
5/25/2024 9:00,68899.7,69185,68865.5,69117.9,4135.36
5/25/2024 8:00,68775.1,69086.1,68767,68899.6,4378.064
5/25/2024 7:00,68687.4,68854.7,68657.3,68775,1984.362
5/25/2024 6:00,68744.1,68773.9,68633.1,68687.3,2118.968
5/25/2024 5:00,68807.1,68843.6,68723,68744.1,1656.887
5/25/2024 4:00,68772.6,68850.8,68701.7,68807,2366.062
5/25/2024 3:00,68830.9,68935.7,68666.6,68772.5,3554.144
5/25/2024 2:00,68622.1,68849,68621.2,68830.8,3474.217
5/25/2024 1:00,68555,68729.2,68554.9,68622,2927.152
5/25/2024 0:00,68584,68711.1,68523.7,68554.9,3065.546
5/24/2024 23:00,68809.2,68809.2,68535.6,68584.1,4203.207
5/24/2024 22:00,68896.1,68896.1,68692.9,68809.2,2852.584
5/24/2024 21:00,68850,69015.3,68805,68896,2730.663
5/24/2024 20:00,69127.3,69222.2,68850,68850.1,5334.58
5/24/2024 19:00,68982,69273.5,68701,69127.4,7320.55
5/24/2024 18:00,68927.9,69242.6,68852.7,68982,13642.103
5/24/2024 17:00,68400,68950,68399.9,68927.8,12085.975
5/24/2024 16:00,68340.3,68500,67950,68399.9,9641.523
5/24/2024 15:00,67885.1,68445,67885.1,68340.2,16879.264
5/24/2024 14:00,67105.7,68050,67018.8,67885.1,17838.455
5/24/2024 13:00,67525.7,67639,66952.6,67105.7,8618.396
5/24/2024 12:00,67383.3,67620.9,67366.6,67525.7,4625.161
5/24/2024 11:00,67381.3,67494,67300.6,67383.4,3586.377
5/24/2024 10:00,67397.8,67540.5,67329.4,67381.4,4646.767
5/24/2024 9:00,67206.6,67474,67059.1,67397.8,7002.709
5/24/2024 8:00,67191.2,67242.8,66639,67206.5,10719.06
5/24/2024 7:00,66910.8,67347.1,66850.1,67191.2,8617.976
5/24/2024 6:00,67318.3,67617.3,66850,66911,11725.526
5/24/2024 5:00,67737.4,67737.4,67093.1,67318.4,11043.419
5/24/2024 4:00,67905.8,67944.2,67668.6,67737.4,5337.685
5/24/2024 3:00,68001.7,68042.9,67833.3,67905.8,5256.567
5/24/2024 2:00,67761.3,68029.2,67655,68001.6,3915.273
5/24/2024 1:00,67871.3,67877.9,67674.9,67761.3,2898.977
5/24/2024 0:00,67999.9,68035,67651.7,67871.2,6158.285
5/23/2024 23:00,67710.5,68030.8,67506.7,67999.9,6321.999
5/23/2024 22:00,68019.2,68024.5,67561,67710.5,6686.294
5/23/2024 21:00,67831.4,68388,67150.1,68019.1,30998.065
5/23/2024 20:00,67239.1,67978.8,66156.6,67831.5,30049.777
5/23/2024 19:00,67428.5,67730,67147.1,67239,9985.77
5/23/2024 18:00,67672.6,67714,66763.9,67428.6,28750.9
5/23/2024 17:00,67858.9,68158.7,67635.7,67672.6,8253.854
5/23/2024 16:00,68102.9,68199,67822,67858.9,7744.016
5/23/2024 15:00,67797.5,68333,67751.4,68103,14399.074
5/23/2024 14:00,68062.8,68380.4,67612.8,67797.6,34387.172
5/23/2024 13:00,69461.1,69595.5,67800,68062.8,49800.98
5/23/2024 12:00,70019.4,70133.3,69002,69461.1,15744.447
5/23/2024 11:00,69588.1,70100,69586,70019.5,10195.134
5/23/2024 10:00,69687.7,69848.1,69561.8,69588.1,3756.384
5/23/2024 9:00,69734,69880,69616.8,69687.6,5101.7
5/23/2024 8:00,69770.6,69896.4,69617.9,69734,5273.719
5/23/2024 7:00,69591.7,69900,69484.6,69770.6,6360.466
5/23/2024 6:00,69508.7,69719.5,69408.2,69591.8,4292.345
5/23/2024 5:00,69589.3,69599,69371.6,69508.6,3162.117
5/23/2024 4:00,69483.2,69624.5,69443.5,69589.4,2679.69
5/23/2024 3:00,69548.9,69572,69336.6,69483.2,3593.033
5/23/2024 2:00,69527.1,69611.7,69400,69548.6,2759.296
5/23/2024 1:00,69546,69664.5,69300,69527.1,3755.659
5/23/2024 0:00,69219.2,69670.1,69219.1,69546,6041.731
5/22/2024 23:00,69191.8,69285.1,69066,69219.1,3578.143
5/22/2024 22:00,69532.4,69590,69085.4,69191.8,6008.49
5/22/2024 21:00,69475.6,69724.3,68736.8,69532.3,11621.209
5/22/2024 20:00,69668,69999,69412.4,69475.6,7176.42
5/22/2024 19:00,69617.1,69849,69477,69668,5499.675
5/22/2024 18:00,69890.2,69940.4,69241.5,69617.2,16138.354
5/22/2024 17:00,70269.4,70485,69700,69891,11173.801
5/22/2024 16:00,70485.7,70715.4,70226.3,70269.4,8809.617
5/22/2024 15:00,70144.7,70642.8,69955.1,70485.7,14103.885
5/22/2024 14:00,69626.1,70226.1,69474.9,70144.8,16200.042
5/22/2024 13:00,69685.3,69930.4,69466.7,69626,11958.496
5/22/2024 12:00,69770.3,70136,69546.1,69685.2,10623.79
5/22/2024 11:00,70226.7,70321.8,69760.4,69770.3,6076.29
5/22/2024 10:00,70030.3,70283.3,69980,70226.7,4396.258
5/22/2024 9:00,70049,70135.8,69883,70030.3,4135.833
5/22/2024 8:00,69759.6,70269,69680,70049,7105.05
5/22/2024 7:00,69925,69958.7,69632,69759.6,5832.185
5/22/2024 6:00,69956.5,70137.7,69850,69925,4848.942
5/22/2024 5:00,69647.7,69973.7,69566.7,69956.4,6736.295
5/22/2024 4:00,70001.9,70050.1,69242,69647.6,12547.383
5/22/2024 3:00,70042,70096.8,69868.1,70002,4490.914
5/22/2024 2:00,70200,70423.2,69951,70042,6819.701
5/22/2024 1:00,70133.5,70235.4,70022.4,70200,2910.644
5/22/2024 0:00,70168.7,70307.9,70068.4,70133.5,5369.077
5/21/2024 23:00,70238.7,70393.2,70107.1,70168.8,5336.046
5/21/2024 22:00,69751.7,70238.8,69744.1,70238.8,8721.314
5/21/2024 21:00,69749.9,69846.3,69473.4,69751.7,3731.69
5/21/2024 20:00,69319.2,69800,69269.1,69750,5323.651
5/21/2024 19:00,69886,69988,69165.6,69317.7,13628.804
5/21/2024 18:00,69914.3,70005.8,69544.9,69886,6731.118
5/21/2024 17:00,69722.2,70043.4,69608.5,69914.2,10598.557
5/21/2024 16:00,69874.8,70300,69722.2,69722.2,15259.832
5/21/2024 15:00,70247,70547.3,69722,69874.9,17297.457
5/21/2024 14:00,70622.9,70965.8,70222,70247,19940.306
5/21/2024 13:00,71387.9,71388,70563,70622.9,24101.485
5/21/2024 12:00,71163,71487.6,71080,71388,13878.591
5/21/2024 11:00,71109.4,71498.6,71020.9,71163,12235.785
5/21/2024 10:00,71037.2,71342.6,71007,71109.3,7367.942
5/21/2024 9:00,70970.6,71136,70927,71037.3,4672.377
5/21/2024 8:00,70926.3,71131.9,70900.2,70970.5,5766.668
5/21/2024 7:00,71249.4,71280.3,70921.2,70926.4,5876.641
5/21/2024 6:00,71236.7,71462,71136,71249.3,6730.163
5/21/2024 5:00,70955.9,71261.5,70876,71236.8,6578.816
5/21/2024 4:00,71323.7,71332.6,70858.4,70955.9,6507.871
5/21/2024 3:00,71307.9,71436,71150.4,71323.8,6708.949
5/21/2024 2:00,71124.8,71467.9,70920,71307.9,11863.409
5/21/2024 1:00,71347.2,71379.8,70740.8,71124.8,17975.702
5/21/2024 0:00,71466.5,72132.8,71136,71347.2,26841.153
5/20/2024 23:00,69577.6,71674.6,69569.2,71466.5,43079.3
5/20/2024 22:00,69693,69953.3,69502.6,69577.6,11186.427
5/20/2024 21:00,69490,69740,68900,69692.9,16807.52
5/20/2024 20:00,69996.5,70473.3,69161.4,69490,32225.823
5/20/2024 19:00,68681.8,70120,68550.6,69996.4,57594.981
5/20/2024 18:00,68294.6,68749.4,68247.9,68681.8,13257.306
5/20/2024 17:00,68164.4,68599,68001.3,68294.7,22206.698
5/20/2024 16:00,67382.1,68248,67344.9,68164.4,36634.924
5/20/2024 15:00,66963,67499.9,66862.1,67382.1,15685.356
5/20/2024 14:00,67063.9,67078.8,66716.3,66963,7967.246
5/20/2024 13:00,66903.5,67157.4,66730,67063.8,10362.087
5/20/2024 12:00,66974,67063,66760,66903.5,6595.706
5/20/2024 11:00,67072.7,67278.4,66868.6,66974,6822.769
5/20/2024 10:00,66865.7,67341.4,66835.1,67072.8,12525.502
5/20/2024 9:00,66734.7,66988.9,66730,66865.7,3145.384
5/20/2024 8:00,66788.9,67038.7,66720.9,66734.6,6267.493
5/20/2024 7:00,66372.5,66878,66314.7,66788.9,10788.557
5/20/2024 6:00,67107.5,67133.8,66236.9,66372.5,12323.676
5/20/2024 5:00,67100,67270,67017,67107.5,7690.311
5/20/2024 4:00,66643,67128,66591.2,67100,10754.954
5/20/2024 3:00,66636,66737.1,66531,66643.1,3724.246
5/20/2024 2:00,66494,66748,66466.5,66635.9,5838.299
5/20/2024 1:00,66428.9,66550,66010,66494,7912.322
5/20/2024 0:00,66239.4,66463,66116.7,66428.9,4631.191
5/19/2024 23:00,66322.8,66322.8,66180,66239.4,2764.516
5/19/2024 22:00,66253.3,66438,66216.5,66322.8,3947.985
5/19/2024 21:00,66134,66324.2,65958.2,66253.3,3479.533
5/19/2024 20:00,66002.9,66279.3,65971,66134,4179.462
5/19/2024 19:00,66567.4,66624,65835.8,66002.9,19144.586
5/19/2024 18:00,66693.6,66741,66494.9,66567.5,3864.5
5/19/2024 17:00,66639.8,66817.2,66501.1,66693.7,5364.686
5/19/2024 16:00,66863,66964.7,66505.6,66639.9,8102.859
5/19/2024 15:00,66896,66968.1,66700.2,66863,4603.025
5/19/2024 14:00,67010.5,67119.8,66812.2,66895.9,4578.498
5/19/2024 13:00,66798.9,67149.9,66619.4,67010.5,10038.562
5/19/2024 12:00,67303.4,67303.4,66750,66799,10415.097
5/19/2024 11:00,67247,67368,66921.9,67303.3,13112.332
5/19/2024 10:00,67146.9,67750,67086,67246.9,20192.022
5/19/2024 9:00,67124.2,67160.8,66950,67146.9,4665.029
5/19/2024 8:00,67295.1,67320.8,67063,67124.3,3595.846
5/19/2024 7:00,66994.2,67313.8,66947.5,67295,6551.235
5/19/2024 6:00,67069.5,67125,66895,66994.1,2895.882
5/19/2024 5:00,67119.9,67143.7,67049,67069.5,1630.204
5/19/2024 4:00,67133.1,67158.8,66951.9,67120,2573.096
5/19/2024 3:00,67174.6,67279,67052.2,67133,5266.164
5/19/2024 2:00,66894,67198.4,66893.9,67174.5,4285.238
5/19/2024 1:00,66883,66952.8,66854.3,66894,1193.524
5/19/2024 0:00,66884.9,66960.5,66810,66882.9,1726.469
5/18/2024 23:00,66890,67035.1,66881.2,66884.9,2788.984
5/18/2024 22:00,66869.8,66966,66786.2,66890,1723.527
5/18/2024 21:00,66934,66959,66761.1,66869.8,1604.344
5/18/2024 20:00,66881.8,66997.6,66843.3,66934,2001.494
5/18/2024 19:00,66761.2,66922,66734,66881.7,1340.33
5/18/2024 18:00,66826.9,66880,66738.9,66761.2,1546.849
5/18/2024 17:00,66856.9,66950,66711,66826.8,2903.199
5/18/2024 16:00,66781.3,66965,66682.6,66856.8,4794.986
5/18/2024 15:00,66757.6,66857.1,66533,66781.4,5979.02
5/18/2024 14:00,66831.4,67018.2,66503.2,66757.5,9642.198
5/18/2024 13:00,66917.1,67045,66750,66831.4,7170.058
5/18/2024 12:00,67152.5,67198.7,66858.1,66916.9,4976.47
5/18/2024 11:00,67183.3,67340.5,67070.1,67152.4,5696.28
5/18/2024 10:00,67103.4,67281.1,67010.2,67183.3,7662.253
5/18/2024 9:00,66990,67120.3,66968.2,67103.4,3311.045
5/18/2024 8:00,66854.1,67060,66808.4,66990,2959.279
5/18/2024 7:00,66897.7,67233.6,66799,66854.1,8732.15
5/18/2024 6:00,66826.2,66926.3,66700.1,66897.7,3020.237
5/18/2024 5:00,66859.3,66860.1,66774.7,66826.2,1740.097
5/18/2024 4:00,66919,66970,66763,66859.3,2350.813
5/18/2024 3:00,66875.4,66979.5,66825.9,66918.9,2404.698
5/18/2024 2:00,66943.5,67048.5,66770.9,66875.4,3521.299
5/18/2024 1:00,66865.7,67007.5,66728.5,66943.5,3383.174
5/18/2024 0:00,66980,67059.8,66696.1,66865.7,5678.764
5/17/2024 23:00,66745.7,67027.7,66663.3,66980,3849.888
5/17/2024 22:00,66779.1,66779.7,66636,66745.7,2321.773
5/17/2024 21:00,66855.1,66885,66703,66779.1,1990.973
5/17/2024 20:00,67007.5,67011.5,66726.1,66855.1,3800.062
5/17/2024 19:00,66785.7,67036.9,66618.4,67007.5,8156.597
5/17/2024 18:00,66677.4,66816.9,66158.4,66785.7,16107.501
5/17/2024 17:00,66898.4,66966.6,66632.3,66677.4,8499.756
5/17/2024 16:00,67169.9,67277.8,66871,66898.5,9641.848
5/17/2024 15:00,66777.9,67400.6,66520.6,67170,35437.093
5/17/2024 14:00,65918.7,66856.3,65885.2,66778,16412.722
5/17/2024 13:00,66350,66424.3,65773.8,65918.7,16206.636
5/17/2024 12:00,66182.6,66528.7,66071.2,66350.1,8833.915
5/17/2024 11:00,66465,66550,66158,66182.7,6836.428
5/17/2024 10:00,66324.2,66500,66152.2,66464.9,6355.821
5/17/2024 9:00,66115.2,66370,66040,66324.1,5086.471
5/17/2024 8:00,66350.5,66449,66037.3,66115.3,8062.26
5/17/2024 7:00,65918,66478.5,65918,66350.6,19960.927
5/17/2024 6:00,65675,66143.4,65538.1,65918,10856.03
5/17/2024 5:00,65422.8,65675,65400,65674.9,4946.005
5/17/2024 4:00,65545.1,65600,65327.7,65422.7,5906.313
5/17/2024 3:00,65351.4,65850,65300.3,65545.2,11900.518
5/17/2024 2:00,65311.1,65430,65146.5,65351.5,4190.566
5/17/2024 1:00,65477.9,65478,65061.2,65311,6160.987
5/17/2024 0:00,65217.7,65479.7,65213.7,65478,5542.829
5/16/2024 23:00,65389.1,65391.3,65162.1,65217.7,4410.46
5/16/2024 22:00,65429,65457,65100,65389.2,4533.237
5/16/2024 21:00,65247.9,65480,65204.2,65429.1,4205.893
5/16/2024 20:00,65152.3,65270.1,65018.7,65248,3804.218
5/16/2024 19:00,65091.5,65553,65062.7,65152.2,10280.552
5/16/2024 18:00,64976.7,65181.2,64808,65091.4,9827.579
5/16/2024 17:00,65134.1,65372.2,64567,64976.6,24811.463
5/16/2024 16:00,65800,65809.6,65077.5,65134.2,18995.908
5/16/2024 15:00,65577.2,65883.6,65339,65800.1,18049.794
5/16/2024 14:00,66300,66366,65505,65577.3,20263.796
5/16/2024 13:00,65976.9,66334.1,65736.7,66299.9,15085.549
5/16/2024 12:00,66483.8,66800,65861.4,65976.8,26636.048
5/16/2024 11:00,66130.9,66573,65962.2,66483.8,8775.217
5/16/2024 10:00,66319.9,66320,66069.9,66130.9,4517.758
5/16/2024 9:00,66258.9,66339.9,66059,66320,5587.587
5/16/2024 8:00,66100,66427.2,66045.8,66258.9,8095.255
5/16/2024 7:00,65933.4,66232.8,65905,66100,7570.25
5/16/2024 6:00,65757.3,65970.9,65633,65933.6,6164.772
5/16/2024 5:00,65789.9,65880,65716.2,65757.4,4145.212
5/16/2024 4:00,65946.8,65987.2,65773.4,65789.9,4883.17
5/16/2024 3:00,65892.9,66054.8,65781.6,65946.9,4376.178
5/16/2024 2:00,65965.9,66088,65735.9,65892.9,4951.573
5/16/2024 1:00,66056.3,66184.8,65819,65966,6531.814
5/16/2024 0:00,66175.4,66644,65901.2,66056.3,15952.041
5/15/2024 23:00,66078.6,66440,66027.2,66175.4,11534.488
5/15/2024 22:00,65835.5,66270,65802,66078.6,7792.829
5/15/2024 21:00,65900.9,66180,65748.8,65835.5,5836.194
5/15/2024 20:00,65959.6,66055,65687.2,65901,11900.67
5/15/2024 19:00,65685.1,66382.3,65261.1,65959.6,27532.003
5/15/2024 18:00,65004.5,65798.8,64919,65685,24803.43
5/15/2024 17:00,64728.8,65094.3,64728.8,65004.4,9877.032
5/15/2024 16:00,64685.4,65100,64681.5,64728.8,16881.511
5/15/2024 15:00,64465.7,65055,64300.9,64685.5,31108.958
5/15/2024 14:00,64106.6,64471.2,63958.1,64465.7,17097.023
5/15/2024 13:00,63735.1,64645.2,63514.2,64106.7,45934.996
5/15/2024 12:00,62447.3,64200,62371.5,63735.1,60979.67
5/15/2024 11:00,62643,62798,62215.9,62447.4,13367.361
5/15/2024 10:00,62626.1,62972.7,62360,62643,16190.676
5/15/2024 9:00,62116.2,62898,61886.8,62626.1,19831.478
5/15/2024 8:00,62157.5,62240,62011,62116.2,5416.799
5/15/2024 7:00,61933.5,62245.1,61856.4,62157.4,7712.897
5/15/2024 6:00,61902.1,61956.3,61792.1,61933.5,3528.723
5/15/2024 5:00,61875.1,62030.4,61850,61902.1,4961.513
5/15/2024 4:00,61923.2,61956,61783.2,61875.1,4099.806
5/15/2024 3:00,61738.1,61998,61738,61923.2,4766.463
5/15/2024 2:00,61668.7,61884,61656,61738,3891.645
5/15/2024 1:00,61413.2,61730.1,61403.7,61668.7,3992.413
5/15/2024 0:00,61550.5,61774.7,61316.1,61413.2,5993.102
5/14/2024 23:00,61680,61694.5,61508,61550.5,2652.607
5/14/2024 22:00,61670.1,61735.5,61535.8,61679.9,3172.44
5/14/2024 21:00,61589.5,61768.9,61444.6,61670,4252.918
5/14/2024 20:00,61563.6,61694.7,61530.5,61589.5,2673.433
5/14/2024 19:00,61408.3,61661,61366.8,61563.6,5346.452
5/14/2024 18:00,61288.9,61436.9,61192.5,61408.3,5535.169
5/14/2024 17:00,61407,61487.9,61116.6,61288.8,11567.667
5/14/2024 16:00,61750,61793,61203,61406.4,12091.432
5/14/2024 15:00,61772.2,62021.7,61615.3,61749.9,10943.65
5/14/2024 14:00,61670.6,62295.9,61094.8,61772.1,37272.211
5/14/2024 13:00,61536.5,62039,61418,61670.5,13973.855
5/14/2024 12:00,61770.2,62086.8,60950,61536.4,28941.612
5/14/2024 11:00,61695.7,61867.1,61662.2,61770.2,4598.828
5/14/2024 10:00,61767.4,61801.1,61492.8,61695.7,7699.012
5/14/2024 9:00,61829.6,61937,61720.9,61767.5,3504.021
5/14/2024 8:00,62002,62015.7,61666,61829.6,6764.491
5/14/2024 7:00,62014.6,62090.5,61797.9,62002.1,8027.269
5/14/2024 6:00,62693.9,62694,61373.2,62014.7,34696.028
5/14/2024 5:00,62523.9,62749.9,62463,62693.9,5027.458
5/14/2024 4:00,62464.8,62650,62381.7,62524,5359.938
5/14/2024 3:00,62529.2,62678.3,62377.2,62464.8,8140.943
5/14/2024 2:00,62627.3,62694.5,62466.4,62529.2,7774.997
5/14/2024 1:00,62798.1,63002,62550,62627.3,7795.806
5/14/2024 0:00,62912.2,63099.6,62700,62798.1,6533.037
5/13/2024 23:00,62742.6,62958.5,62688.3,62912.1,3721.138
5/13/2024 22:00,62881.5,62929.6,62683.5,62742.7,3644.133
5/13/2024 21:00,63073.3,63100,62814.6,62881.6,2756.698
5/13/2024 20:00,63139.6,63162.1,62965.8,63073.4,4091.979
5/13/2024 19:00,62770.2,63162,62770.2,63140.5,7006.699
5/13/2024 18:00,62784.1,62810.7,62540.2,62770.2,5342.831
5/13/2024 17:00,63144.1,63162.7,62584,62784,13832.717
5/13/2024 16:00,62981.2,63440,62882.6,63144,16891.261
5/13/2024 15:00,62730.1,63183,62684.3,62980.5,8911.638
5/13/2024 14:00,62763,63098.4,62695.2,62730,11119.211
5/13/2024 13:00,62818,63033,62573.1,62762.9,11975.679
5/13/2024 12:00,62699.9,62887.5,62400,62817.9,10591.475
5/13/2024 11:00,62642,62748.9,62461.5,62700,7066.429
5/13/2024 10:00,63028.3,63068.6,62350,62642,16933.765
5/13/2024 9:00,62749.4,63289.3,62749.4,63028.3,16248.313
5/13/2024 8:00,62296.5,63107.6,62296.5,62749.5,34051.56
5/13/2024 7:00,61479.1,62426,61431.5,62296.6,23057.899
5/13/2024 6:00,60837.8,61552.6,60757.6,61479.1,11469.425
5/13/2024 5:00,60957,60990.5,60765,60837.8,5020.562
5/13/2024 4:00,61130,61154.2,60869.8,60956.9,5200.392
5/13/2024 3:00,61023.2,61167,60750,61130,12090.288
5/13/2024 2:00,61394,61486.5,60921.4,61023.3,16112.245
5/13/2024 1:00,61485.5,61528.1,61155.3,61394,8687.971
5/13/2024 0:00,61455.7,61787.6,61454.9,61485.6,6102.765
5/12/2024 23:00,61310,61527.5,61248.2,61455.8,4075.929
5/12/2024 22:00,61219.9,61399,61179,61310,2781.76
5/12/2024 21:00,61257.1,61302.9,60870,61219.9,6385.358
5/12/2024 20:00,61393.4,61415.6,61255.4,61257.1,1897.397
5/12/2024 19:00,61344.3,61420,61173.6,61393.5,3295.31
5/12/2024 18:00,61585,61620.5,61321.4,61344.3,2968.142
5/12/2024 17:00,61315.1,61648,61158.3,61585,7986.709
5/12/2024 16:00,61395.9,61849.4,61315,61315,14568.253
5/12/2024 15:00,61154,61598.8,61123,61395.9,8923.55
5/12/2024 14:00,61172.6,61302,61100.2,61154,3401.442
5/12/2024 13:00,61135,61227.4,61065.1,61172.6,2088.923
5/12/2024 12:00,61120.1,61221.9,61050,61139.9,2754.115
5/12/2024 11:00,61148,61214.2,61081.6,61120,2334.646
5/12/2024 10:00,60975.8,61361.9,60920.5,61148,9222.754
5/12/2024 9:00,61036.2,61060,60930.9,60975.7,2594.099
5/12/2024 8:00,60803.8,61090.2,60757.7,61036.3,6127.55
5/12/2024 7:00,60920,60973,60557.3,60803.8,7714.184
5/12/2024 6:00,61018.2,61042.6,60909,60920,1551.981
5/12/2024 5:00,61065.4,61065.5,60946,61018.2,1635.115
5/12/2024 4:00,60902.6,61097,60882.5,61065.4,2779.436
5/12/2024 3:00,60898.9,60947,60831.2,60902.5,1558.521
5/12/2024 2:00,60840.7,60953.8,60800.4,60898.9,1730.582
5/12/2024 1:00,60951.9,61059.9,60824.6,60840.7,2307.067
5/12/2024 0:00,60809.2,61081.3,60778,60951.9,3361.074
5/11/2024 23:00,60879.8,60964.1,60729.4,60809.2,3064.459
5/11/2024 22:00,60890,60964.7,60856.5,60879.7,1572.637
5/11/2024 21:00,60986.1,60986.1,60806,60890.1,1966.338
5/11/2024 20:00,61113,61129.9,60720.3,60986.1,6190.417
5/11/2024 19:00,61180,61192.8,61022.6,61112.9,2388.065
5/11/2024 18:00,61070.1,61275.1,60981.6,61180,3071.091
5/11/2024 17:00,61160,61215.6,60976.8,61070.2,3793.036
5/11/2024 16:00,61146.1,61390,61060,61160,6409.757
5/11/2024 15:00,60806.1,61491.4,60806.1,61146.1,18318.747
5/11/2024 14:00,60939.1,60973.2,60748,60806.2,3249.808
5/11/2024 13:00,60681,60969.9,60634.1,60939.2,5151.067
5/11/2024 12:00,60654.6,60797.2,60602.6,60681,3070.866
5/11/2024 11:00,60725.1,60770.1,60432.6,60654.5,6847.386
5/11/2024 10:00,60876.2,60886.8,60656.8,60725.1,2899.128
5/11/2024 9:00,60763.8,60883,60638.4,60876.2,4611.844
5/11/2024 8:00,60989,61028,60736.8,60763.8,4533.882
5/11/2024 7:00,60925.3,60989.1,60825.1,60988.9,3822.011
5/11/2024 6:00,60900.6,61055.5,60868.2,60925.4,4783.064
5/11/2024 5:00,60739.5,60911,60739.5,60900.6,3328.347
5/11/2024 4:00,60706,60855.5,60680.4,60739.6,4235.434
5/11/2024 3:00,60862.9,60891.2,60678.1,60706,3352.98
5/11/2024 2:00,60840.7,60947.1,60718.2,60862.9,4035.485
5/11/2024 1:00,60753.7,61079.4,60734.4,60840.7,6493.295
5/11/2024 0:00,60778,60915.9,60617,60753.6,6105.643
5/10/2024 23:00,60821.2,60985.8,60736,60778.1,4922.752
5/10/2024 22:00,60697.7,60909,60563.5,60821.2,6226.012
5/10/2024 21:00,60494.1,60766,60434.7,60697.7,4308.423
5/10/2024 20:00,60682.4,60946.9,60416.6,60494.1,7632.958
5/10/2024 19:00,60684.1,60865.8,60507.5,60682.4,7521.706
5/10/2024 18:00,60368.3,60745.5,60192.3,60684,11761.429
5/10/2024 17:00,61037.6,61037.7,60117.4,60368.4,25864.076
5/10/2024 16:00,60893.7,61262.7,60200,61037.7,38191.691
5/10/2024 15:00,61034.7,61287.9,60645.3,60893.8,38536.362
5/10/2024 14:00,62977.5,63079,60650,61034.8,70579.927
5/10/2024 13:00,62990.6,63086.6,62773,62977.6,8650.33
5/10/2024 12:00,63276.5,63446.5,62901.1,62990.5,11908.957
5/10/2024 11:00,63007.1,63299,62758.7,63276.5,6239.495
5/10/2024 10:00,63108.9,63122.3,62830.2,63007,4321.78
5/10/2024 9:00,63024.6,63199,62826.3,63108.8,5696.953
5/10/2024 8:00,63053.8,63119.1,62826.1,63024.6,5693.819
5/10/2024 7:00,63131,63365.5,62960.2,63053.9,15545.069
5/10/2024 6:00,62745.5,63197.7,62714,63131,5764.657
5/10/2024 5:00,62906.6,62948,62638.3,62745.4,4646.616
5/10/2024 4:00,62880,62989.5,62761.8,62906.5,3708.869
5/10/2024 3:00,62874.5,62904.7,62755,62880,2692.985
5/10/2024 2:00,62850.8,63023.9,62737.5,62874.4,4018.375
5/10/2024 1:00,62818.5,62943.8,62633.2,62850.8,7041.955
5/10/2024 0:00,63050,63070.2,62716,62818.4,5739.764
5/9/2024 23:00,63252.7,63321.4,62830.6,63050.1,9630.117
5/9/2024 22:00,62500.5,63447.2,62456.2,63252.7,16339.899
5/9/2024 21:00,62580.1,62790.5,62389.3,62500.5,8347.238
5/9/2024 20:00,62420.6,62624.7,62312.3,62580,6437.81
5/9/2024 19:00,62228.7,62553.6,62141.3,62420.6,8960.967
5/9/2024 18:00,61916,62235.4,61855,62228.7,4894.984
5/9/2024 17:00,61832.4,62181.8,61707.8,61916,10354.078
5/9/2024 16:00,62122.5,62637.3,61778.6,61832.3,24584.832
5/9/2024 15:00,61505.4,62262.1,61436.6,62122.5,26911.743
5/9/2024 14:00,61165.4,61543.9,61100,61505.5,12781.418
5/9/2024 13:00,61480.8,61512.1,60846.7,61165.4,14494.841
5/9/2024 12:00,61033,61604.7,60998.9,61480.8,12658.837
5/9/2024 11:00,60789.9,61169,60550,61033,13326.362
5/9/2024 10:00,61272.8,61312.8,60733.2,60789.9,10778.602
5/9/2024 9:00,61293.7,61341.1,60900,61272.7,12156.874
5/9/2024 8:00,61222.5,61429.2,61123.5,61293.7,6295.176
5/9/2024 7:00,61579.8,61618.7,61087,61222.5,8931.471
5/9/2024 6:00,61547.2,61753.2,61488.1,61579.7,4201.755
5/9/2024 5:00,61476.6,61690.5,61425,61547.2,3540.309
5/9/2024 4:00,61647.5,61732.9,61401.3,61476.5,4783.349
5/9/2024 3:00,61629.7,61779,61375.6,61647.4,6429.125
5/9/2024 2:00,61529,61666,61460.1,61629.6,4249.131
5/9/2024 1:00,61367.9,61553.9,61344,61528.9,5401.329
5/9/2024 0:00,61157.9,61449.6,61113,61367.9,5961.055
5/8/2024 23:00,61226.8,61242.8,60843.6,61157.9,14927.544
5/8/2024 22:00,61464.1,61553.2,61066,61226.7,12526.164
5/8/2024 21:00,61544.1,61739.4,61333,61464,10436.741
5/8/2024 20:00,62148.6,62224.5,61400,61544,17521.955
5/8/2024 19:00,62490.7,62515.9,61902.8,62148.7,9481.503
5/8/2024 18:00,62574.6,62743.9,62424.5,62490.6,4924.591
5/8/2024 17:00,62419,62675.1,62336.1,62574.7,7406.609
5/8/2024 16:00,62251.9,62428,61964.5,62419.1,7812.835
5/8/2024 15:00,62530,62583.8,61834.1,62251.8,20999.435
5/8/2024 14:00,62417.4,62800,62132.3,62530,15736.52
5/8/2024 13:00,62207.2,62448.2,61736.7,62417.4,22617.848
5/8/2024 12:00,62224.9,62430.3,62059.9,62207.2,8179.382
5/8/2024 11:00,62422.7,62490.9,62112.5,62224.9,6690.364
5/8/2024 10:00,62285.7,62517.6,62240.9,62422.7,6286.329
5/8/2024 9:00,62358.4,62406.6,62062,62285.6,7159.017
5/8/2024 8:00,62186.7,62413.9,62005.8,62358.4,9127.371
5/8/2024 7:00,62467.6,62577.9,62036.1,62186.7,7712.422
5/8/2024 6:00,62589.9,62691.8,62101.1,62467.7,9946.71
5/8/2024 5:00,62503.4,62731.2,62329.8,62590,5050.052
5/8/2024 4:00,62864,62994.9,62304.7,62503.4,8954.696
5/8/2024 3:00,62729.4,62949.2,62555.6,62864,4875.491
5/8/2024 2:00,62500,62829.9,62500,62729.5,5472.347
5/8/2024 1:00,62565.9,62700,62391.5,62500.1,4849.041
5/8/2024 0:00,62296,62679,62055,62566,12956.612
5/7/2024 23:00,62819.9,62851.8,62203.6,62296,19020.942
5/7/2024 22:00,63040.4,63091.9,62700,62819.9,8513.02
5/7/2024 21:00,62957.6,63145.8,62801.2,63040.3,4440.036
5/7/2024 20:00,63034.7,63177.3,62864.1,62957.7,4943.816
5/7/2024 19:00,63149.8,63255,62936.1,63034.7,5623.595
5/7/2024 18:00,63362,63377.4,62758.1,63149.9,15978.077
5/7/2024 17:00,63613,63644.5,63277,63362.1,6079.729
5/7/2024 16:00,63710.1,63875,63424.8,63613,6541.158
5/7/2024 15:00,63995.4,64320,63563.6,63710,19379.523
5/7/2024 14:00,63191.5,64061.4,63001,63995.8,17173.344
5/7/2024 13:00,63634.7,63697.3,63063,63191.5,13798.252
5/7/2024 12:00,63472.4,63746.7,63446.2,63634.7,7538.749
5/7/2024 11:00,64067.2,64101.4,63313.2,63472.4,13342.384
5/7/2024 10:00,64091.9,64150,63715,64067.1,11462.945
5/7/2024 9:00,64206.8,64350.4,64029.2,64091.9,6319.183
5/7/2024 8:00,63648.9,64392.2,63555.1,64206.8,16763.848
5/7/2024 7:00,63594.4,63830,63518.8,63648.9,5309.36
5/7/2024 6:00,63530,63695.2,63362.3,63594,6044.253
5/7/2024 5:00,63426.8,63700,63211,63530,6932.466
5/7/2024 4:00,63204.1,63437.6,63056.8,63426.8,5483.942
5/7/2024 3:00,63673.8,63705.7,62805.6,63204.1,15313.12
5/7/2024 2:00,63861.1,63919,63588,63673.8,3838.393
5/7/2024 1:00,63511.1,63950,63442,63861.1,9206.869
5/7/2024 0:00,63142.7,63644.7,62921.2,63511.2,9927.642
5/6/2024 23:00,63466.5,63466.5,63105,63142.8,4965.346
5/6/2024 22:00,63514,63543.6,63363.8,63466.5,2801.78
5/6/2024 21:00,63284,63598.7,63284,63514,4912.402
5/6/2024 20:00,63199.9,63387.1,63025,63284.1,5694.106
5/6/2024 19:00,63368.1,63385.4,62655.3,63200,16327.915
5/6/2024 18:00,63151.8,63520,62933.6,63368.1,10555.795
5/6/2024 17:00,63167,63489.1,62932.4,63151.7,12052.751
5/6/2024 16:00,63599.9,63731.3,63072.4,63167.1,13450.374
5/6/2024 15:00,63231.4,63766.4,62900,63599.8,25015.338
5/6/2024 14:00,63855.9,64198.2,63159.3,63231.4,21165.03
5/6/2024 13:00,63579.9,63965.6,63420.6,63856,15867.591
5/6/2024 12:00,64178.1,64295.1,63324,63580,29957.518
5/6/2024 11:00,63981.9,64327,63968,64178.1,12999.204
5/6/2024 10:00,65133.7,65249.8,63779.1,63982,33102.908
5/6/2024 9:00,65109.1,65332.1,65074,65133.7,8614.037
5/6/2024 8:00,64509.5,65500,64421.2,65109,35829.957
5/6/2024 7:00,64199.1,64564.5,64111.9,64509.6,8932.784
5/6/2024 6:00,64146,64450,64100,64199.1,7762.631
5/6/2024 5:00,64120.5,64315.7,64000,64146,7896.527
5/6/2024 4:00,63830,64159.7,63738.9,64120.4,4776.881
5/6/2024 3:00,63788.1,63912.1,63666,63830.1,4896.927
5/6/2024 2:00,64108.3,64199,63788,63788,4868.165
5/6/2024 1:00,64183.8,64443.3,64020,64108.3,7777.506
5/6/2024 0:00,63987.9,64337.7,63981,64183.7,4886.594
5/5/2024 23:00,63824.2,64217.4,63791.2,63988,7485.161
5/5/2024 22:00,63848.3,63865,63670,63824.1,2862.372
5/5/2024 21:00,63713.3,63848.3,63562.3,63848.3,3539.555
5/5/2024 20:00,63846,63850,63520.3,63713.4,7086.628
5/5/2024 19:00,63900,63977,63807.7,63846,3033.474
5/5/2024 18:00,64189.9,64222.5,63756,63900,10339.778
5/5/2024 17:00,64294,64462.4,64120.5,64190,6171.324
5/5/2024 16:00,64398.1,64531.9,64151.6,64294.1,10070.811
5/5/2024 15:00,64068.3,64644.3,63960.6,64398,21050.493
5/5/2024 14:00,64088.3,64129.4,63718,64068.2,9168.57
5/5/2024 13:00,63703.5,64266,63588.7,64088.3,17797.353
5/5/2024 12:00,63838.1,63863.6,63600.1,63703.5,3781.964
5/5/2024 11:00,63664,63907.9,63577.7,63838,5486.152
5/5/2024 10:00,63638.3,63820,63523,63663.9,3451.611
5/5/2024 9:00,63639.6,63719.4,63521.1,63638.3,3869.077
5/5/2024 8:00,63697.1,63900,63505.7,63639.7,8100.912
5/5/2024 7:00,63345.1,63932.4,63321.9,63697.1,11298.688
5/5/2024 6:00,63184.8,63431.8,63128,63345,3131.422
5/5/2024 5:00,63315.3,63474,63067.3,63184.8,4579.681
5/5/2024 4:00,63209.8,63398.6,63206.7,63318,3124.468
5/5/2024 3:00,63119.8,63250,62973,63209.8,4758.135
5/5/2024 2:00,63285.9,63409.2,63100,63119.8,5082.4
5/5/2024 1:00,63480,63550,62833,63286,17397.118
5/5/2024 0:00,63864.3,64170.6,63372.6,63479.9,12828.506
5/4/2024 23:00,63581.3,63900,63576.1,63864.2,3415.436
5/4/2024 22:00,63877.4,63919.7,63555,63581.3,3524.336
5/4/2024 21:00,63849.6,64094.1,63503.1,63877.3,7794.968
5/4/2024 20:00,63885.2,64198.9,63822,63849.5,5780.969
5/4/2024 19:00,63621,64000,63516.5,63885.2,4896.641
5/4/2024 18:00,63438.4,63732.9,63380.8,63620.9,3501.649
5/4/2024 17:00,63663.9,63718,63278.1,63438.3,5913.826
5/4/2024 16:00,63590.1,63712,63365.1,63663.9,6897.68
5/4/2024 15:00,63790.4,63817.9,63431,63590,5598.434
5/4/2024 14:00,63705,63950,63520,63790.3,6871.609
5/4/2024 13:00,64044,64137.8,63424,63704.9,14117.152
5/4/2024 12:00,63850,64079.9,63729.2,64043.9,9221.28
5/4/2024 11:00,64393.6,64547.9,63607.5,63850,23719.29
5/4/2024 10:00,63154.9,64472.3,63076.7,64393.6,29147.418
5/4/2024 9:00,63144,63277,63023,63155,5332.865
5/4/2024 8:00,62931.4,63199,62888,63144,4289.107
5/4/2024 7:00,62932.1,63108.2,62846.7,62931.3,4990.594
5/4/2024 6:00,63358.9,63372.3,62865.4,62932.1,6701.223
5/4/2024 5:00,63032.8,63430,62922.5,63358.8,9282.815
5/4/2024 4:00,62698,63174.1,62652.5,63032.7,8663.781
5/4/2024 3:00,62670.9,62868.6,62632.3,62698.1,4203.273
5/4/2024 2:00,62832.1,62885.5,62520,62671,8149.649
5/4/2024 1:00,63044.7,63555.5,62785,62832.1,15686.276
5/4/2024 0:00,62853.7,63143.6,62732.8,63044.7,7504.928
5/3/2024 23:00,62754.7,63333,62739.1,62853.7,11975.192
5/3/2024 22:00,62713.8,62983,62600.8,62754.7,9311.208
5/3/2024 21:00,62880,62928.4,62335.9,62713.8,11131.475
5/3/2024 20:00,62031.9,63185.5,61931.1,62880,32630.838
5/3/2024 19:00,61794.1,62079.3,61556.7,62031.9,7788.539
5/3/2024 18:00,61770.8,61961.9,61651.2,61794.1,5557.99
5/3/2024 17:00,61650,61931.8,61497.6,61770.8,9489.425
5/3/2024 16:00,61662.2,62181,61500,61650.1,17976.609
5/3/2024 15:00,61598.1,61780,61313.5,61662.1,15110.481
5/3/2024 14:00,61654,62239.6,61349,61598.1,34461.371
5/3/2024 13:00,60604.7,61888,60482.3,61654.1,56036.116
5/3/2024 12:00,59269.4,60737.7,58970.5,60604.8,50063.914
5/3/2024 11:00,59009.1,59417.4,58828.5,59269.3,9720.121
5/3/2024 10:00,59445.3,59459.2,58818.2,59009,11484.625
5/3/2024 9:00,59199.9,59562.9,59166.7,59445.3,5534.035
5/3/2024 8:00,59158.1,59365,59108.1,59199.9,4817.487
5/3/2024 7:00,59220.4,59421.4,59031.5,59158.1,8942.083
5/3/2024 6:00,59495,59537.8,59200,59220.3,5759.284
5/3/2024 5:00,59571,59592.3,59429.8,59495,4703.32
5/3/2024 4:00,59687.9,59810,59511,59571,4315.295
5/3/2024 3:00,59516.6,59976.9,59470.8,59687.9,9534.366
5/3/2024 2:00,59284.9,59888,59228.9,59516.7,12829.4
5/3/2024 1:00,59007.7,59476,58974.1,59284.8,7825.859
5/3/2024 0:00,59036.7,59115.2,58781.3,59007.8,6607.426
5/2/2024 23:00,59300.9,59350,59027.3,59036.7,3597.883
5/2/2024 22:00,59085.1,59423,59043.8,59300.8,5691.238
5/2/2024 21:00,58691.3,59637.3,58663.8,59085.1,11989.546
5/2/2024 20:00,59324.5,59409.2,58594.4,58691.4,14825.323
5/2/2024 19:00,59354.1,59354.1,58994.4,59324.4,7579.071
5/2/2024 18:00,59169.9,59557.4,58951,59354,13245.57
5/2/2024 17:00,58989.2,59262.6,58916.9,59170,7921.085
5/2/2024 16:00,59230.8,59279.7,58895.6,58989.2,9634.202
5/2/2024 15:00,59015.8,59441.6,58931.6,59230.7,16097.295
5/2/2024 14:00,58429.6,59288.4,58245.7,59015.8,32571.415
5/2/2024 13:00,58532.9,58768.6,58186.7,58429.5,20831.255
5/2/2024 12:00,58538.5,59089.5,58423.5,58533,27624.395
5/2/2024 11:00,57775.6,58696.6,57759,58538.4,32954.341
5/2/2024 10:00,57775.8,57890.3,57542.4,57775.5,7421.889
5/2/2024 9:00,57804.6,57867.5,57615,57775.7,5708.662
5/2/2024 8:00,57645,57949.5,57572.9,57804.6,8250.524
5/2/2024 7:00,57600.8,57933.1,57592.5,57645,7441.477
5/2/2024 6:00,57463.1,57710.4,57379.6,57600.7,6342.244
5/2/2024 5:00,57372.9,57514,57175.4,57463.2,6164.966
5/2/2024 4:00,57407.7,57619,57274,57373,4694.508
5/2/2024 3:00,57439.1,57661.5,57344.9,57407.6,6145.515
5/2/2024 2:00,57096.5,57627.2,57087.9,57439.1,10036.336
5/2/2024 1:00,57736.4,57873.3,56951.6,57096.6,17976.843
5/2/2024 0:00,58307.7,58571.1,57616,57736.5,14483.719
5/1/2024 23:00,57858,58550.8,57800,58307.6,14033.125
5/1/2024 22:00,57888,58188.6,57824.5,57857.9,8709.594
5/1/2024 21:00,57334.1,58147.1,57231.1,57888,13757.34
5/1/2024 20:00,56935.7,57518,56729,57334.2,18836.915
5/1/2024 19:00,58884.4,59232.8,56860,56935.7,56904.011
5/1/2024 18:00,57398.5,59438.2,57256.7,58884.4,68962.061
5/1/2024 17:00,57021.7,57760,56600,57398.6,19540.45
5/1/2024 16:00,56865.3,57434.7,56729.9,57021.7,17948.888
5/1/2024 15:00,57461.5,57496.8,56651.2,56865.2,23722.161
5/1/2024 14:00,57283.5,57575,57035.4,57461.5,18235.903
5/1/2024 13:00,57946.3,57975,57142.6,57283.4,24236.777
5/1/2024 12:00,57862.2,58257.8,57693.8,57946.3,20476.181
5/1/2024 11:00,57742.7,57881,57433,57862.1,11939.642
5/1/2024 10:00,57090,57753.6,56855,57742.7,19944.004
5/1/2024 9:00,57153,57640,57016.8,57090,20996.732
5/1/2024 8:00,57482,57573.4,56537.7,57153.1,52439.249
5/1/2024 7:00,59504,59553.8,57030,57482,89034.023
5/1/2024 6:00,60030.1,60093.8,59455.6,59504,10437.072
5/1/2024 5:00,60262.6,60317.1,59923.4,60030.1,7410.252
5/1/2024 4:00,60214,60331.8,60156.2,60262.6,4701.579
5/1/2024 3:00,59902.3,60294.8,59873,60214,6341.794
5/1/2024 2:00,60110.6,60159.2,59555,59902.4,13309.707
5/1/2024 1:00,60217.3,60389,59833,60110.6,11290.556
5/1/2024 0:00,60651.2,60816.7,60060.6,60217.2,10900.384
4/30/2024 23:00,60560.9,60901.6,60372,60651.2,6496.84
4/30/2024 22:00,60149.2,61063.2,60126,60561,16550.114
4/30/2024 21:00,59931.9,60383.2,59927.6,60149.2,7983.989
4/30/2024 20:00,59276.1,60165.2,59256.6,59931.8,22799.676
4/30/2024 19:00,60388,60486,59150,59276.2,41027.601
4/30/2024 18:00,60352.4,60529,60000,60388,13332.617
4/30/2024 17:00,60315.5,60489,60042.4,60352.4,15999.24
4/30/2024 16:00,60764.9,60887.9,60123,60315.5,28828.642
4/30/2024 15:00,61213.7,61371.6,60568.1,60764.9,18592.793
4/30/2024 14:00,60800.1,61576.1,60517.6,61213.6,29311.52
4/30/2024 13:00,61204.7,61298.6,60755.8,60800,15020.793
4/30/2024 12:00,61182.3,61316.3,60714,61204.6,23816.82
4/30/2024 11:00,61759.1,61759.1,61000,61182.3,22839.184
4/30/2024 10:00,61658.9,61770,61379,61759,13566.452
4/30/2024 9:00,61905,62134.5,61476.1,61659,23971.406
4/30/2024 8:00,63123.7,63220.4,61801,61904.9,32371.212
4/30/2024 7:00,63377.6,63434.2,63109.6,63123.8,5401.33
4/30/2024 6:00,63296,63440,63198.5,63377.5,3865.278
4/30/2024 5:00,63384.7,63467.3,63050,63295.9,7723.246
4/30/2024 4:00,63627.1,63691.3,63321.1,63384.6,4892.076
4/30/2024 3:00,63754.1,63810.5,63536.6,63627.1,5166.221
4/30/2024 2:00,63580.4,63874.8,63075.9,63754,18026.889
4/30/2024 1:00,64565.9,64595.6,63503.3,63580.4,14108.63
4/30/2024 0:00,63842.4,64700,63670.4,64565.9,17055.134
4/29/2024 23:00,63860.1,64200,63780,63842.4,11095.513
4/29/2024 22:00,63066.4,63929.9,63012.9,63860,16440.409
4/29/2024 21:00,62942.1,63161.3,62787.6,63066.4,2732.414
4/29/2024 20:00,62953.4,63111,62857.9,62942.1,4308.582
4/29/2024 19:00,62843,62966.5,62511.1,62953.4,9393.943
4/29/2024 18:00,63000,63028.6,62681.4,62842.9,4272.089
4/29/2024 17:00,62761.9,63227.3,62733.4,63000,7469.736
4/29/2024 16:00,63012.2,63149.8,62719.8,62761.9,9220.97
4/29/2024 15:00,62810,63085,62700,63012.2,10119.341
4/29/2024 14:00,61990.1,62986.3,61847.4,62810,23387.997
4/29/2024 13:00,62581.3,62688,61726.2,61990.1,20386.719
4/29/2024 12:00,62222.6,62636.6,62001.1,62581.3,12593.988
4/29/2024 11:00,62368.3,62408.3,62150,62222.9,6111.604
4/29/2024 10:00,62508.6,62658.7,62356.6,62368.3,6198.418
4/29/2024 9:00,62371.9,62633,62241.5,62508.6,5389.362
4/29/2024 8:00,62362.1,62465,62185.9,62371.8,5256.368
4/29/2024 7:00,62170.9,62386.7,61913.4,62362,9910.978
4/29/2024 6:00,62422.3,62438.7,61888,62171,13483.935
4/29/2024 5:00,62515.6,62515.6,62020.7,62422.3,8420.94
4/29/2024 4:00,62259.9,62632.1,62173.7,62515.7,8287.91
4/29/2024 3:00,62678.2,62750,62056.1,62259.9,13750.483
4/29/2024 2:00,63197.9,63265.1,62516.7,62678.3,10487.881
4/29/2024 1:00,63229.2,63337.8,63051.7,63197.8,3672.681
4/29/2024 0:00,63088.4,63294.1,62952,63229.2,6018.902
4/28/2024 23:00,63127.9,63143,62700,63088.3,12465.786
4/28/2024 22:00,63640.9,63691.5,62745.8,63127.9,13739.779
4/28/2024 21:00,63654.7,63714.6,63569.5,63640.8,1350.024
4/28/2024 20:00,63688.9,63716.9,63551.2,63654.7,2152.512
4/28/2024 19:00,63900.4,63906,63672.2,63688.9,2481.842
4/28/2024 18:00,63730.1,63973.9,63662,63900.4,3766.048
4/28/2024 17:00,63676.5,63798.2,63533.1,63730.1,3051.118
4/28/2024 16:00,63508.5,63770.1,63446.2,63676.5,5081.732
4/28/2024 15:00,63573.3,63626.8,63423.7,63508.6,2763.28
4/28/2024 14:00,63740.2,63758.4,63450,63573.3,4896.024
4/28/2024 13:00,63547.7,63832,63499.9,63740.2,5781.543
4/28/2024 12:00,63459,63644.9,63385.1,63547.7,4252.146
4/28/2024 11:00,63663.7,63682.2,63355.5,63459.1,5423.901
4/28/2024 10:00,63728.3,63768.9,63230.7,63663.8,8320.444
4/28/2024 9:00,63677.7,63802.6,63635.7,63728.4,3113.88
4/28/2024 8:00,63883.2,63954.6,63633.9,63677.8,4354.892
4/28/2024 7:00,63935.8,64041.4,63864,63883.1,2489.591
4/28/2024 6:00,63921.1,63993,63760.9,63935.7,3353.64
4/28/2024 5:00,63813,63969.9,63770.7,63921,4138.816
4/28/2024 4:00,63989.9,64022,63794.5,63813,4716.201
4/28/2024 3:00,63919.4,64350,63900.1,63989.8,12556.542
4/28/2024 2:00,63569.3,64039,63512.5,63919.4,7399.43
4/28/2024 1:00,63583.3,63675,63487,63569.3,3070.465
4/28/2024 0:00,63420.9,63748,63420.9,63583.3,5336.515
4/27/2024 23:00,63228,63532.6,63228,63421,4277.342
4/27/2024 22:00,63255.3,63476.3,63199.2,63228,4101.117
4/27/2024 21:00,63249.1,63337.1,63115,63255.2,1730.029
4/27/2024 20:00,63329.9,63448.2,63128.2,63249.1,3371.811
4/27/2024 19:00,63303,63368,63157.6,63329.8,3130.513
4/27/2024 18:00,63381.1,63576.3,62800,63303,15626.931
4/27/2024 17:00,62712.9,63624.4,62700.2,63381.1,13526.036
4/27/2024 16:00,62928.3,63082.7,62704.5,62712.8,6775.525
4/27/2024 15:00,63101.8,63177,62815.3,62928.4,4899.933
4/27/2024 14:00,63191.5,63390.8,63025,63101.8,6370.921
4/27/2024 13:00,63008.4,63227.5,62965.7,63191.5,5116.841
4/27/2024 12:00,62834.4,63149.7,62780.3,63008.4,6971.005
4/27/2024 11:00,62772.4,62926.8,62650,62834.5,3981.91
4/27/2024 10:00,62958.1,62968,62703,62772.4,4308.225
4/27/2024 9:00,62999.8,63035,62850.1,62958.2,3363.284
4/27/2024 8:00,62944.3,63044.6,62886.8,62999.9,2850.919
4/27/2024 7:00,62996.7,63139,62920,62944.3,3776.119
4/27/2024 6:00,62957.7,63115.9,62840,62996.8,4215.34
4/27/2024 5:00,63025,63079.5,62760.7,62957.6,5083.923
4/27/2024 4:00,63047.2,63157.6,62905.4,63025,4177.645
4/27/2024 3:00,62888.3,63129.1,62773.3,63047.2,4723.452
4/27/2024 2:00,62565,63300,62449,62888.4,12641.21
4/27/2024 1:00,63155,63253.1,62332.8,62564.9,21228.34
4/27/2024 0:00,63748.7,63901.4,62807.1,63154.9,21100.738
4/26/2024 23:00,63799.7,63893.7,63720.9,63748.8,2313.99
4/26/2024 22:00,64029.6,64029.6,63648.6,63799.7,4132.669
4/26/2024 21:00,63949.1,64059.1,63796.1,64029.6,2436.717
4/26/2024 20:00,63723.6,64097.4,63723.6,63949.1,4019.539
4/26/2024 19:00,64032.1,64116.4,63711,63723.6,4843.065
4/26/2024 18:00,63984.5,64156,63911.3,64032.1,4980.497
4/26/2024 17:00,63639,64100,63521.2,63984,11425.044
4/26/2024 16:00,63481.2,63764.4,63291.5,63639,11604.935
4/26/2024 15:00,63827.2,63999,63325,63481.3,19042.333
4/26/2024 14:00,64465.4,64783.1,63761.3,63827.1,26541.824
4/26/2024 13:00,64114.5,64566.1,63650,64465.4,23577.707
4/26/2024 12:00,64213.6,64500,63911.2,64114.5,12141.696
4/26/2024 11:00,64069,64246.1,64035,64213.6,4234.957
4/26/2024 10:00,64454.1,64534.6,64031.5,64069.1,6952.935
4/26/2024 9:00,64384.9,64544.8,64294.2,64454.1,4429.092
4/26/2024 8:00,64236.7,64439.2,64190.1,64385,4398.833
4/26/2024 7:00,64338.2,64590.3,64200,64236.6,6655.241
4/26/2024 6:00,64527.1,64548.9,64216,64338.2,4008.963
4/26/2024 5:00,64187.1,64548.8,63992.6,64527.1,6720.504
4/26/2024 4:00,64359.6,64373.5,64138,64187,4940.225
4/26/2024 3:00,64470.3,64484,64269,64359.7,3730.808
4/26/2024 2:00,64370.9,64649.7,64263.5,64470.2,5562.115
4/26/2024 1:00,64285.7,64640.9,63844,64371,12960.866
4/26/2024 0:00,64478.8,64537.4,64071.9,64285.2,10495.258
4/25/2024 23:00,64581.2,64718.9,64413.4,64478.8,4387.498
4/25/2024 22:00,64672.8,64712.8,64520,64581.1,4770.682
4/25/2024 21:00,64758.9,65270.6,64636.9,64672.8,12391.059
4/25/2024 20:00,64721.6,64970,64455,64758.9,8558.781
4/25/2024 19:00,64689.2,64759,64520.6,64721.5,4991.671
4/25/2024 18:00,64674.9,64995.7,64404.4,64689.1,13181.605
4/25/2024 17:00,64401.5,64850,64338,64674.9,18248.813
4/25/2024 16:00,64091.6,64497.8,63934,64401.6,16160.152
4/25/2024 15:00,63358,64179,63224.8,64091.7,16221.52
4/25/2024 14:00,63400,63842,63182.4,63358,17343.074
4/25/2024 13:00,63388.9,63549,62721.3,63399.9,33611.666
4/25/2024 12:00,63827,64316.5,63188,63388.9,25073.427
4/25/2024 11:00,63438.4,63978,63429.5,63826.9,9488.272
4/25/2024 10:00,63948.2,63949,63300,63438.3,20080.305
4/25/2024 9:00,63929.9,64180,63793.3,63948.2,7206.648
4/25/2024 8:00,63996.2,64158,63688,63929.8,10748.141
4/25/2024 7:00,64260.5,64355.7,63800,63996.1,8673.72
4/25/2024 6:00,64190.7,64365,64164.2,64260.5,3087.25
4/25/2024 5:00,64315.4,64350,64000.4,64190.7,5760.788
4/25/2024 4:00,64259.9,64377.1,64026.1,64315.5,6107.875
4/25/2024 3:00,64275.8,64446,64111.1,64260,5193.112
4/25/2024 2:00,64028.4,64317.1,63823.2,64275.8,7424.439
4/25/2024 1:00,64517.4,64634.8,64016.5,64028.4,8370.657
4/25/2024 0:00,64250,64713.6,64191.9,64517.5,8129.907
4/24/2024 23:00,64060.9,64315.6,63786.1,64250,9041.342
4/24/2024 22:00,64362,64380.5,63916.1,64061.1,7124.036
4/24/2024 21:00,64082.5,64426.6,63954.5,64362.1,7096.124
4/24/2024 20:00,63960.8,64223.9,63575,64082.4,16770.36
4/24/2024 19:00,64100,64464.6,63695,63960.9,21204.947
4/24/2024 18:00,64850,64898.3,64022,64100.1,16086.537
4/24/2024 17:00,64771.4,65122,64725.5,64850,11624
4/24/2024 16:00,64593.5,64947.6,64315.9,64771.4,22142.739
4/24/2024 15:00,65212.8,65221.1,64489.7,64594,26147.663
4/24/2024 14:00,66041,66180,64706,65212.7,48486.813
4/24/2024 13:00,66317.8,66325.2,65810,66040.9,21658.894
4/24/2024 12:00,66550.7,66711.9,66302.6,66317.8,6733.543
4/24/2024 11:00,66395.2,66610.3,66336.6,66550.7,5285.434
4/24/2024 10:00,66328.5,66484.7,66172,66395.3,6057.844
4/24/2024 9:00,66506.1,66533.5,66232.8,66328.4,8118.777
4/24/2024 8:00,66588.9,66721.7,66443.7,66506,5340.763
4/24/2024 7:00,66748,66856,66549,66588.9,3899.518
4/24/2024 6:00,66706.8,66774.9,66520.8,66748,4730.408
4/24/2024 5:00,66978.4,67049.5,66594,66706.8,7125.514
4/24/2024 4:00,66585.8,67068.2,66552.7,66978.4,7529.603
4/24/2024 3:00,66499.2,66694.3,66477,66585.7,2950.164
4/24/2024 2:00,66704.9,66741.5,66414,66499.2,4660.979
4/24/2024 1:00,66721.8,66869.8,66640.7,66704.9,4450.335
4/24/2024 0:00,66386.2,66723,66347.2,66721.8,6278.724
4/23/2024 23:00,66334,66404.6,66074.4,66386.3,3873.887
4/23/2024 22:00,66323.5,66429,66238,66334,2679.316
4/23/2024 21:00,66316.3,66439.5,66219.6,66323.5,2699.538
4/23/2024 20:00,66455.9,66457.1,65924.7,66316.2,10255.617
4/23/2024 19:00,66756.3,66756.4,66351.1,66456,4364.975
4/23/2024 18:00,66723.6,66826.8,66551.5,66756.4,3997.259
4/23/2024 17:00,66723.4,66887,66543.2,66723.6,4651.893
4/23/2024 16:00,66393.2,66784,66311.4,66723.4,9315.042
4/23/2024 15:00,66880.4,66901.1,66283.6,66393.2,12686.532
4/23/2024 14:00,66467.3,67099.7,66370.2,66880.5,26033.215
4/23/2024 13:00,66115,66538.2,66006.6,66467.2,13266.61
4/23/2024 12:00,66023.5,66140.2,65750,66115.1,7217.39
4/23/2024 11:00,66188.1,66218.1,65812,66023.5,8545.014
4/23/2024 10:00,66039.9,66297,66039.9,66188.1,4749.648
4/23/2024 9:00,66178.9,66276.8,66009.9,66040,4514.837
4/23/2024 8:00,66079.9,66229.2,65900.7,66179,7167.779
4/23/2024 7:00,66351,66423.5,65988,66079.9,7837.021
4/23/2024 6:00,66462,66627.6,66270,66351,4503.391
4/23/2024 5:00,66216.7,66591.7,66153.5,66462,6616.877
4/23/2024 4:00,66410,66559.2,66142.6,66216.8,8618.965
4/23/2024 3:00,66582.8,66730,66383.5,66410.1,5672.088
4/23/2024 2:00,66742,66889.5,66513.2,66582.8,5425.283
4/23/2024 1:00,66993.5,67158.9,66735.6,66742,7745.581
4/23/2024 0:00,66777.9,67000,66669.2,66993.4,6227.806
4/22/2024 23:00,66999.9,67222,66750.4,66778,9865.115
4/22/2024 22:00,66490.9,67200,66490.9,67000,12590.002
4/22/2024 21:00,66483.7,66540,66300.1,66490.8,3010.924
4/22/2024 20:00,66495.6,66731,66356,66483.6,6495.394
4/22/2024 19:00,66301.1,66585.4,66094.6,66495.6,6987.254
4/22/2024 18:00,66507.2,66656.2,66261,66301.1,6585.888
4/22/2024 17:00,66111,66819.6,66100,66507.2,18870.802
4/22/2024 16:00,65966.8,66398,65866.8,66111.1,10696.843
4/22/2024 15:00,66000,66059.1,65600.7,65966.8,14025.079
4/22/2024 14:00,66077.2,66449,65920.6,65999.9,15588.278
4/22/2024 13:00,65971.4,66239.2,65652.6,66077.2,13691.858
4/22/2024 12:00,65856.1,65976.8,65600.7,65971.5,6509.05
4/22/2024 11:00,66022.8,66085.9,65664.6,65856.2,6741.949
4/22/2024 10:00,65913.6,66131.4,65855.6,66022.7,5132.343
4/22/2024 9:00,65935.9,66035.6,65764.1,65913.6,5050.064
4/22/2024 8:00,65943.8,66180,65871,65935.8,6568.76
4/22/2024 7:00,66268.7,66449,65936.5,65943.7,9052.901
4/22/2024 6:00,66342.8,66387,66117,66268.8,8633.482
4/22/2024 5:00,65708.5,66390,65668.1,66342.8,12879.605
4/22/2024 4:00,65677.5,65854.1,65466.6,65708.4,10503.721
4/22/2024 3:00,64774.2,66101,64721,65677.6,21984.705
4/22/2024 2:00,64634.4,64843.1,64470.5,64774.3,6259.461
4/22/2024 1:00,64873.2,65654.9,64566.8,64634.3,22443.571
4/22/2024 0:00,64912.7,65135.6,64712,64873.3,6101.362
4/21/2024 23:00,64998.2,65041.4,64830.3,64912.6,2910.748
4/21/2024 22:00,64632.2,65078.9,64520.2,64998.2,6269.666
4/21/2024 21:00,64621.5,65242,64611,64632,9943.072
4/21/2024 20:00,64507,64690.8,64322.7,64621.5,5603.895
4/21/2024 19:00,64754.5,64830,64498.3,64506.9,4107.058
4/21/2024 18:00,64793,64847.7,64600,64754.5,3965.652
4/21/2024 17:00,64557.3,64859,64506.3,64793,5958.88
4/21/2024 16:00,65014.9,65068.7,64214.2,64557.4,23738.192
4/21/2024 15:00,64865.4,65112,64840,65015,3853.727
4/21/2024 14:00,64850.2,65015.5,64752.2,64865.4,4701.353
4/21/2024 13:00,64976.4,65226.9,64743.7,64850.1,9309.087
4/21/2024 12:00,65203.5,65362.3,64901,64976.4,6365.952
4/21/2024 11:00,64925.3,65425,64918.7,65203.5,11841.3
4/21/2024 10:00,64872.7,64972.3,64751.4,64925.2,3209.705
4/21/2024 9:00,64897.6,64963,64728.3,64872.6,5089.614
4/21/2024 8:00,65109.8,65199.4,64884.2,64895,5195.021
4/21/2024 7:00,65020.6,65139.1,64861.2,65109.8,4371.693
4/21/2024 6:00,64992.9,65174,64901.2,65020.7,3072.561
4/21/2024 5:00,65029.6,65216.3,64943.1,64992.9,3670.8
4/21/2024 4:00,65131.3,65167.9,64803.1,65029.6,6787.611
4/21/2024 3:00,65274.4,65678.7,65048,65131.2,13774.156
4/21/2024 2:00,64915.6,65363.2,64890.6,65274.3,7533.55
4/21/2024 1:00,64732.1,65087.8,64700.5,64915.7,4487.758
4/21/2024 0:00,64897.2,64929.9,64570.5,64732.1,4772.897
4/20/2024 23:00,64581.1,64963.6,64581,64897.2,4037.793
4/20/2024 22:00,64700.3,64757.3,64513.1,64581.1,3754.712
4/20/2024 21:00,64690.6,64800,64587.4,64700.4,3100.388
4/20/2024 20:00,64834.8,65013,64573.2,64690.7,6634.979
4/20/2024 19:00,64932.5,64973.7,64756.2,64834.7,5187.046
4/20/2024 18:00,65167.9,65281.9,64793.8,64932.6,10221.117
4/20/2024 17:00,64708.8,65400,64708.8,65167.9,18625.198
4/20/2024 16:00,64771,64949,64421.8,64708.9,16063.835
4/20/2024 15:00,63905.9,64940,63758,64771,19737.277
4/20/2024 14:00,63846.4,63963.6,63703.2,63906,3993.655
4/20/2024 13:00,63790.8,64034.1,63768,63846.5,5066.921
4/20/2024 12:00,63688.7,63916,63537.3,63790.8,5018.383
4/20/2024 11:00,63538.6,63900,63525.3,63688.7,6455.652
4/20/2024 10:00,63583.4,63757.7,63333.7,63538.7,7733.98
4/20/2024 9:00,63706.8,63759.3,63244,63583.4,13908.956
4/20/2024 8:00,63938,63967.2,63620,63706.8,7224.432
4/20/2024 7:00,64017.4,64134.2,63893.7,63937.9,3266.409
4/20/2024 6:00,64117.6,64190,63901.7,64017.3,5107.518
4/20/2024 5:00,64102,64217.3,63950.4,64117.8,3776.103
4/20/2024 4:00,63931.8,64244,63779.9,64102,6975.133
4/20/2024 3:00,63803.7,64000,63730,63931.8,4449.887
4/20/2024 2:00,63623.7,64078.7,63501.9,63803.7,6933.635
4/20/2024 1:00,63407.5,63767,63045.1,63623.7,11707.381
4/20/2024 0:00,63787.4,64236.2,63384.7,63407.4,18161.872
4/19/2024 23:00,63980.5,64111.7,62910,63787.4,25608.655
4/19/2024 22:00,64378.9,64478.8,63970.6,63980.4,7682.317
4/19/2024 21:00,64026.1,64432.5,64020.6,64378.9,6013.981
4/19/2024 20:00,64307.2,64315,63655,64026,8702.587
4/19/2024 19:00,64189.7,64378,64064.7,64307.2,6182.964
4/19/2024 18:00,64604.3,64640.4,64076.7,64189.8,9912.069
4/19/2024 17:00,63985.9,64823.6,63900.9,64604.2,18921.727
4/19/2024 16:00,64417.6,64516.9,63477.5,63986,32721.772
4/19/2024 15:00,64426.2,64695.9,64305.3,64417.7,12788.562
4/19/2024 14:00,64870.8,64929,63779.7,64426.1,30283.169
4/19/2024 13:00,64924.1,65046,64404.9,64870.9,23383.175
4/19/2024 12:00,64839.8,65420.5,64726.2,64924,17366.676
4/19/2024 11:00,64754.3,65480,64652.5,64839.8,21793.99
4/19/2024 10:00,64744.8,65144.9,64370,64754.3,15318.884
4/19/2024 9:00,64598.1,64924.9,64450.2,64744.8,11318.17
4/19/2024 8:00,64519.5,65077.1,64088.1,64598.1,31537.524
4/19/2024 7:00,64595.9,65189,64160.2,64519.6,37157.592
4/19/2024 6:00,62045.6,64995.8,61798.5,64596,54507.101
4/19/2024 5:00,62406.3,62567.2,61701.3,62045.6,20909.054
4/19/2024 4:00,61757.1,62730,61740,62406.2,19826.878
4/19/2024 3:00,61334.1,62088,61116,61757.1,31303.074
4/19/2024 2:00,61000,61420,59541,61334.1,63318.434
4/19/2024 1:00,62692.1,62760,60578.2,61000,56497.927
4/19/2024 0:00,63445,63449.9,62612,62692.1,11207.776
4/18/2024 23:00,63471.9,63640.5,63339.5,63445,3805.902
4/18/2024 22:00,63429.1,63629.1,63123.3,63471.9,8097.262
4/18/2024 21:00,63460.8,63815.6,63275,63429.1,11103.84
4/18/2024 20:00,63437.3,63611,63229.2,63460.8,7056.589
4/18/2024 19:00,63074,63542.1,63061.5,63438,12603.726
4/18/2024 18:00,62755.1,63193.5,62268.4,63074.1,21408.706
4/18/2024 17:00,63500,63595.5,62556.9,62755.2,18898.324
4/18/2024 16:00,63473.9,63857.5,63250.2,63500,16073.36
4/18/2024 15:00,63778.3,64100,63402.5,63474,20127.868
4/18/2024 14:00,62759.5,63950,62518.7,63778.3,42128.112
4/18/2024 13:00,62212.2,62799,61853.3,62759.5,28190.897
4/18/2024 12:00,62563,62708.5,61558,62212.2,28356.896
4/18/2024 11:00,61789.7,63049.9,61789.3,62563,32787.628
4/18/2024 10:00,61608.4,61904,61465.8,61789.7,8196.565
4/18/2024 9:00,61313.7,61681.8,61294,61608.4,8211.662
4/18/2024 8:00,61154.6,61537.9,60824.2,61313.7,11786.658
4/18/2024 7:00,61127.3,61347.2,60906.9,61154.7,8784.041
4/18/2024 6:00,61051.4,61298,60763.8,61127.3,14755.724
4/18/2024 5:00,61613.8,61797,60938.6,61051.4,13194.891
4/18/2024 4:00,61953.6,62048,61520.1,61613.9,8342.463
4/18/2024 3:00,61640.3,62194.8,61633.3,61953.5,12896.417
4/18/2024 2:00,61618.8,61900,61408.4,61640.4,7980.643
4/18/2024 1:00,61495.5,61650,61350.2,61618.7,7397.392
4/18/2024 0:00,61254.5,61503,60900,61495.6,11116.828
4/17/2024 23:00,61661.9,61743.7,61177.4,61254.5,6293.874
4/17/2024 22:00,61282.7,61698.8,61136.6,61660.8,5054.375
4/17/2024 21:00,60814.7,61645.1,60814.7,61282.7,12862.116
4/17/2024 20:00,60997.1,61437.6,60741.3,60814.7,11277.641
4/17/2024 19:00,61419.4,61447.2,60700,60997.2,20236.802
4/17/2024 18:00,61242.8,61938,61120.1,61419.4,25414.196
4/17/2024 17:00,60166,61326,60078.5,61242.7,22780.156
4/17/2024 16:00,60274,61086.2,59625,60165.9,53607.25
4/17/2024 15:00,61263.2,61518.6,59713.2,60272,72019.749
4/17/2024 14:00,62606.5,62629.8,60663,61263.2,67925.053
4/17/2024 13:00,62286.4,62957.2,62100,62606.6,19987.106
4/17/2024 12:00,62576.8,62810.9,62024.8,62286.4,20270.686
4/17/2024 11:00,62878,63147.1,62490,62576.9,12961.088
4/17/2024 10:00,63302.3,63323.8,62712.6,62878,14372.228
4/17/2024 9:00,63304.2,63518.7,63202.1,63302.2,5652.434
4/17/2024 8:00,63260.7,63562.7,63104.3,63304.2,8820.085
4/17/2024 7:00,63853.6,63913,63170.5,63260.8,12918.071
4/17/2024 6:00,63893.2,63975,63700,63853.5,5208.444
4/17/2024 5:00,64060.4,64483.3,63787.1,63893.1,11144.879
4/17/2024 4:00,63806.1,64216.6,63633,64060.4,6889.782
4/17/2024 3:00,63825.4,64048.8,63702.8,63806,4021.983
4/17/2024 2:00,63993.1,64283.3,63680,63825.3,7877.403
4/17/2024 1:00,63991.8,64035.6,63575.6,63993.1,7042.858
4/17/2024 0:00,63764.9,64214.5,63541.7,63991.9,9394.733
4/16/2024 23:00,63751.7,63855,63584.7,63765,4679.11
4/16/2024 22:00,63977,64056,63581.2,63751.6,7573.176
4/16/2024 21:00,62997.9,64356.3,62942.2,63977.3,22051.396
4/16/2024 20:00,62690.9,63040.7,62519.3,62998,6354.824
4/16/2024 19:00,62979.4,63080,62621.6,62691,8359.258
4/16/2024 18:00,62472.2,63015,62405.4,62979.4,14571.242
4/16/2024 17:00,62721.9,63277.1,62256.9,62472.3,25940.479
4/16/2024 16:00,61749.2,62729,61680,62721.9,24897.772
4/16/2024 15:00,62064.8,62391.8,61704.7,61749.2,24404.463
4/16/2024 14:00,62666,63079.4,61987.1,62064.9,27120.474
4/16/2024 13:00,63017.2,63314.7,62100.6,62665,31975.333
4/16/2024 12:00,63064.6,63399.7,62774.2,63017.3,14958.1
4/16/2024 11:00,62534.1,63249.3,62323.8,63064.6,19290.018
4/16/2024 10:00,63220,63317.3,61521,62534.2,46004.034
4/16/2024 9:00,63265.6,63556,63164.9,63220,6973.157
4/16/2024 8:00,63488,63646.9,63051.5,63265.6,8664.37
4/16/2024 7:00,63172.2,63786.3,63076,63487.9,15047.66
4/16/2024 6:00,62682.7,63236.7,62612.6,63172.3,9312.973
4/16/2024 5:00,62464.3,62874.5,62342,62682.8,11199.388
4/16/2024 4:00,62937.6,63021.4,61651.8,62464.4,32852.543
4/16/2024 3:00,63369.4,63525,62804,62937.6,9302.574
4/16/2024 2:00,63112.9,63485,62711,63369.5,11197.962
4/16/2024 1:00,63238,63879.6,63056.9,63113.1,11558.221
4/16/2024 0:00,63392.8,63700,62899.9,63238,11642.912
4/15/2024 23:00,63430.8,63531,63137.9,63392.7,6545.633
4/15/2024 22:00,63238.5,63516.4,62713.1,63430.9,11210.597
4/15/2024 21:00,63091.6,63454.7,62606,63238.5,12955.792
4/15/2024 20:00,63269.9,63610.3,62915,63091.6,11969.072
4/15/2024 19:00,63149.6,63629,62242.5,63269.9,38098.023
4/15/2024 18:00,63887.6,64036.9,63078,63149.6,24652.791
4/15/2024 17:00,64134.8,64722,63313.2,63887.7,30895.327
4/15/2024 16:00,64552.6,64848.8,63876.9,64134.4,19990.138
4/15/2024 15:00,64221.4,64770,63800,64552.8,27330.695
4/15/2024 14:00,65842.4,65957.7,64155,64221.3,41403.293
4/15/2024 13:00,66001.3,66369.7,65650,65842.5,15511.942
4/15/2024 12:00,65848.6,66216,65767,66001.3,10706.235
4/15/2024 11:00,66437.5,66688,65801,65848.6,13539.806
4/15/2024 10:00,66557.3,66622.4,66326.9,66437.4,6339.417
4/15/2024 9:00,66259.9,66874.9,66088.2,66557.3,13067.785
4/15/2024 8:00,66224.9,66422,66047,66259.5,8332.873
4/15/2024 7:00,66428.8,66547.8,66102.4,66224.8,12775.848
4/15/2024 6:00,65428.1,66550,65320.1,66428.7,24941.443
4/15/2024 5:00,64874.4,65491,64873.7,65428.1,7405.937
4/15/2024 4:00,65108,65144.1,64649.2,64874.4,8487.465
4/15/2024 3:00,65102.6,65299.2,65000,65107.9,4653.233
4/15/2024 2:00,65256,65339.8,64903.1,65102.4,6808.339
4/15/2024 1:00,65454.1,65689.3,65005.8,65255.9,9735.357
4/15/2024 0:00,65615.9,65842.8,65255.1,65454,14196.614
4/14/2024 23:00,65299,65822.1,65014.4,65615.9,13419.162
4/14/2024 22:00,63652.8,65433,63622.7,65298.9,33759.821
4/14/2024 21:00,63825,63835,63300,63652.7,8932.99
4/14/2024 20:00,64146,64339.3,63674.6,63825,8624.604
4/14/2024 19:00,64377.9,64458.8,63918.5,64146,7801.885
4/14/2024 18:00,63849.7,64693.5,63732.9,64380,17123.625
4/14/2024 17:00,64398.5,64568,62550,63849.8,57177.109
4/14/2024 16:00,64163.3,64733,64100.6,64398.6,10010.613
4/14/2024 15:00,63900.1,64479.1,63877.7,64163.3,11764.977
4/14/2024 14:00,64357.4,64391.4,63428.6,63900,25050.774
4/14/2024 13:00,64500.1,64846.1,64326.2,64357.4,10508.381
4/14/2024 12:00,64150.2,64833.8,64042.7,64500.1,12601.231
4/14/2024 11:00,64443.6,64580,63850,64150.2,10239.622
4/14/2024 10:00,64119.2,64650,64117.3,64443.6,8204.054
4/14/2024 9:00,64512,64710.7,63895.7,64119.2,12746.914
4/14/2024 8:00,64449.9,64891.6,64358,64512,9041.885
4/14/2024 7:00,64633.7,64820,64232.1,64449.9,10666.896
4/14/2024 6:00,64370.3,64869,64090.9,64633.7,12530.644
4/14/2024 5:00,63954.1,64449.2,63909.3,64370.2,11471.633
4/14/2024 4:00,63428.5,64164,63383.3,63954.1,15443.274
4/14/2024 3:00,63085,63586.6,62139.3,63428.7,27881.013
4/14/2024 2:00,63738.1,63946.4,63005.1,63085.1,12529.88
4/14/2024 1:00,63682.7,64081,63250,63738,15684.692
4/14/2024 0:00,63939.7,64297.1,62880.2,63682.7,32554.454
4/13/2024 23:00,64288.6,65667.7,63688,63939.7,37538.224
4/13/2024 22:00,62922.5,64620.9,62103.5,64288.5,44253.911
4/13/2024 21:00,61828.5,62951.7,61700,62922.4,33926.527
4/13/2024 20:00,64779.1,64897.8,59652.5,61828.3,141359.241
4/13/2024 19:00,67181.6,67267.2,63530,64779.1,55027.234
4/13/2024 18:00,66755.4,67279.5,66450.6,67181.6,14988.309
4/13/2024 17:00,67450.6,67456.6,66515.8,66755.5,27234.03
4/13/2024 16:00,67683.2,67770,67261.4,67450.5,10403.507
4/13/2024 15:00,67580,67954,67440.4,67683.2,8931.805
4/13/2024 14:00,67563.4,67746,67370.1,67580,5237.072
4/13/2024 13:00,67532.2,67799,67458.7,67563.3,7819.674
4/13/2024 12:00,67377.1,67710,67175,67532.3,7553.871
4/13/2024 11:00,67446.8,67842.9,67318.7,67377,9565.829
4/13/2024 10:00,67408.5,67500,67326.4,67446.7,4286.529
4/13/2024 9:00,67209.2,67500,67172,67408.6,4746.687
4/13/2024 8:00,67466.1,67486.4,67116.9,67209.2,4845.738
4/13/2024 7:00,67496.8,67586.6,67130.9,67466.1,6541.385
4/13/2024 6:00,67375.7,67547.1,67267.3,67496.9,6320.266
4/13/2024 5:00,67616,67926.9,67330,67375.7,11600.49
4/13/2024 4:00,67188.5,67975.4,67039.3,67615.9,17647.572
4/13/2024 3:00,66566.9,67200,66511.8,67188.4,9975.567
4/13/2024 2:00,65928.4,66626.4,65912,66567,11938.29
4/13/2024 1:00,66957.5,66972.7,65754.6,65928.3,25763.414
4/13/2024 0:00,67136.4,67177.1,66780,66957.5,7500.031
4/12/2024 23:00,67087.9,67261.4,66838.2,67136.4,5474.701
4/12/2024 22:00,66985.2,67287.5,66852.2,67087.9,6217.731
4/12/2024 21:00,67161.6,67161.8,66700.5,66985.2,9202.13
4/12/2024 20:00,66867.6,67498.7,66695.1,67161.5,17288.181
4/12/2024 19:00,66522.7,67346.7,66375,66867.5,31824.779
4/12/2024 18:00,68191.3,68435.9,65102,66522.6,92172.269
4/12/2024 17:00,68884.5,69016.2,67178.7,68191.3,65327.112
4/12/2024 16:00,69374,69626.7,68700,68884.5,30738.95
4/12/2024 15:00,69289.6,69764.5,69270,69374.1,15695.038
4/12/2024 14:00,69934.5,70137.2,69267,69289.7,26379.327
4/12/2024 13:00,70585,70585,69667,69934.4,27303.082
4/12/2024 12:00,70950.9,71028,70360.3,70584.9,12647.92
4/12/2024 11:00,70833.1,71038.9,70812.4,70950.9,5610.266
4/12/2024 10:00,70711.6,70927,70664,70833.1,4313.164
4/12/2024 9:00,70828.2,70927.9,70552.9,70711.6,6067.234
4/12/2024 8:00,70825.9,70963.6,70639.2,70828.2,5297.374
4/12/2024 7:00,70928.7,71033,70633.6,70825.9,7243.602
4/12/2024 6:00,71009.8,71069.1,70742,70928.7,5040.996
4/12/2024 5:00,71162.9,71225.7,70948,71009.8,5401.598
4/12/2024 4:00,71034.3,71297,70866.1,71162.8,7510.173
4/12/2024 3:00,70681,71071.4,70681,71034.3,12550.905
4/12/2024 2:00,70330,70841.7,70249.3,70681,9005.667
4/12/2024 1:00,70342,70421.7,70153.3,70330.1,3075.597
4/12/2024 0:00,70055.6,70384.3,70044.4,70342,4140.353
4/11/2024 23:00,70201.5,70253.2,69800,70055.7,4908.138
4/11/2024 22:00,70172.3,70313.5,70072,70201.5,3311.229
4/11/2024 21:00,70547.6,70556.7,70101.7,70172.4,4864.084
4/11/2024 20:00,70491.3,70806.4,70414,70547.4,7162.844
4/11/2024 19:00,70151.2,70577.7,70045.9,70491.4,5810.732
4/11/2024 18:00,70244.7,70492,69979.7,70151.2,6176.645
4/11/2024 17:00,70061.9,70488.6,70041.6,70244.7,10507.582
4/11/2024 16:00,70045.9,70180,69608.1,70062,12488.283
4/11/2024 15:00,69630.7,70071.2,69594.2,70045.9,12452.858
4/11/2024 14:00,70322.7,70387.3,69592.6,69630.7,21752.859
4/11/2024 13:00,70906.5,71045.5,69700,70322.8,36582.965
4/11/2024 12:00,70043.4,71160,69939,70906.6,25866.182
4/11/2024 11:00,70521.8,70655,69921.1,70043.3,16721.411
4/11/2024 10:00,70661.9,70843.7,70455,70521.7,7260.669
4/11/2024 9:00,71099.8,71120.3,70650,70661.9,9609.864
4/11/2024 8:00,70789.1,71337.8,70667.1,71099.8,12271.932
4/11/2024 7:00,70763.1,71387.4,70758.6,70789.1,14801.939
4/11/2024 6:00,70639.1,70914.8,70615.1,70763.2,5635.15
4/11/2024 5:00,70654.3,70741.2,70479.8,70639.1,3866.739
4/11/2024 4:00,70900.5,70936.4,70421,70654.2,8365.796
4/11/2024 3:00,71039.9,71076.1,70812.6,70900.5,4266.438
4/11/2024 2:00,70610.3,71128.8,70553.3,71040,8049.294
4/11/2024 1:00,70571.4,70824.3,70502.9,70610.2,6367.891
4/11/2024 0:00,70681.8,70713.7,70340,70572,7092.629
4/10/2024 23:00,70584.3,70860,70535.4,70681.7,6425.479
4/10/2024 22:00,70049.9,71412.2,70049.9,70584.4,27316.84
4/10/2024 21:00,69852.7,70123,69613.4,70050,7472.049
4/10/2024 20:00,70120.3,70190,69777,69853,9313.949
4/10/2024 19:00,69356,70130,69253.9,70121,14002.772
4/10/2024 18:00,69395.6,69458.5,69102.7,69356.1,11889.298
4/10/2024 17:00,69542,69989,69155,69395.6,23137.88
4/10/2024 16:00,68688,69580,68585,69542,22200.113
4/10/2024 15:00,68742.7,68800,68300,68687.9,12829.123
4/10/2024 14:00,68299.9,69033,68050,68742.7,29069.273
4/10/2024 13:00,68013.5,68366.4,67547.1,68300,29901.913
4/10/2024 12:00,69094.8,69275.1,67546.2,68013.6,53830.408
4/10/2024 11:00,68975.9,69185.6,68888.6,69094.7,5187.95
4/10/2024 10:00,69184.3,69233.1,68662.7,68975.9,12018.164
4/10/2024 9:00,69065.5,69227.7,68934.9,69184.2,4362.503
4/10/2024 8:00,69381.6,69381.6,68830.4,69066,11295.633
4/10/2024 7:00,69412.3,69564,69302.3,69381.6,4009.017
4/10/2024 6:00,69300,69526.2,69263.9,69412.3,4047.093
4/10/2024 5:00,69176.4,69452,69160,69300.1,5769.827
4/10/2024 4:00,69193.2,69267.1,69049,69176.4,5235.206
4/10/2024 3:00,68703,69235,68670,69193.1,7028.624
4/10/2024 2:00,69326.4,69650,68514,68703,15921.923
4/10/2024 1:00,69182.9,69326.5,68643.2,69326.5,11035.062
4/10/2024 0:00,69189.2,69350,69063.2,69182.9,4474.657
4/9/2024 23:00,69367.5,69375.8,68913.2,69189.3,6721.533
4/9/2024 22:00,69257.6,69473.4,69177,69367.5,4035.097
4/9/2024 21:00,69220.1,69298.8,68972.8,69257.6,3466.566
4/9/2024 20:00,69049.6,69262.2,69009.4,69220.2,4140.884
4/9/2024 19:00,68923.6,69210.8,68686.9,69049.7,8042.085
4/9/2024 18:00,68878.2,69071.3,68817,68923.7,5403.229
4/9/2024 17:00,68662.7,69016.2,68216,68878.3,22279.338
4/9/2024 16:00,69322.8,69369.9,68566.9,68662.7,18385.986
4/9/2024 15:00,69416,69425,68538,69322.8,26707.87
4/9/2024 14:00,69979.7,70484.7,68620.5,69416,57637.121
4/9/2024 13:00,70732.5,70986.8,69930,69979.8,21543.301
4/9/2024 12:00,70858.2,71048.3,70705,70732.4,7561.903
4/9/2024 11:00,70617.1,70961,70617,70858.3,8509.466
4/9/2024 10:00,70442.6,70751.5,70264.7,70617.1,7294.363
4/9/2024 9:00,70544.6,70945.5,70301,70442.6,14023.492
4/9/2024 8:00,70444.1,70666,69536.8,70544.6,36191.047
4/9/2024 7:00,70818.9,70987.9,70160,70444,19844.707
4/9/2024 6:00,71110.5,71328.7,70600,70819,15942.997
4/9/2024 5:00,71259.9,71391,71005,71110.5,6020.8
4/9/2024 4:00,71339,71399.9,70970,71260,6684.261
4/9/2024 3:00,71526.3,71702.4,71233,71339,5910.873
4/9/2024 2:00,71318.5,71680.3,71204.6,71526.3,6209.954
4/9/2024 1:00,71470,71499,70900,71318.6,14252.086
4/9/2024 0:00,71678.3,71820.6,71359.4,71470,7250.444
4/8/2024 23:00,71973,72077.3,71651.1,71678.4,3904.524
4/8/2024 22:00,71742.9,72036,71643.4,71973.1,3868.734
4/8/2024 21:00,71760.1,71963,71685.2,71742.8,2961.635
4/8/2024 20:00,71807.3,71856.4,71552.5,71760,4454.264
4/8/2024 19:00,71949.7,72025.2,71610.9,71807.2,5410.658
4/8/2024 18:00,71740.1,72171.6,71714.1,71949.7,8173.008
4/8/2024 17:00,71785.9,71860,71338.3,71740,10219.685
4/8/2024 16:00,71815.7,72080,71601,71786,10500.259
4/8/2024 15:00,71780.9,72045,71641.8,71815.7,11374.744
4/8/2024 14:00,71994.8,72052,71276,71781,21363.309
4/8/2024 13:00,72242.3,72374,71751.4,71994.7,19440.034
4/8/2024 12:00,72472.6,72890.4,72189.4,72242.3,18239.351
4/8/2024 11:00,72385.4,72727.2,72282,72472.6,13704.96
4/8/2024 10:00,72263.2,72451.1,71856.1,72385.4,15792.722
4/8/2024 9:00,72057.2,72753.6,71728.9,72263.2,30608.403
4/8/2024 8:00,70745.4,72371,70677.6,72057.3,49963.441
4/8/2024 7:00,69800,70917,69799.9,70745.4,27886.978
4/8/2024 6:00,69728.4,69848,69653.4,69800,5112.821
4/8/2024 5:00,69403.8,69826.8,69403.8,69728.4,5226.775
4/8/2024 4:00,69485,69531.2,69296.6,69403.8,2477.647
4/8/2024 3:00,69253.3,69523.6,69151,69484.9,3551.381
4/8/2024 2:00,69458.1,69460,69136.2,69253.3,5797.439
4/8/2024 1:00,69350,69898,69288,69458.1,11136.107
4/8/2024 0:00,69362.7,69450,69040.4,69350.1,6068.57
4/7/2024 23:00,69229.9,69492.9,69203.4,69362.7,4948.72
4/7/2024 22:00,69049.3,69374.9,68900.9,69230,6288.557
4/7/2024 21:00,69326.9,69443.5,69049.2,69049.2,4298.959
4/7/2024 20:00,69090,69440,68964.9,69326.8,5050.163
4/7/2024 19:00,69421.3,69543.2,68881.3,69089.9,10142.479
4/7/2024 18:00,69826.4,69867,69260.2,69421.3,9088.821
4/7/2024 17:00,70107.9,70150,69680,69826.4,9128.237
4/7/2024 16:00,69567.9,70395,69496.3,70108,25687.873
4/7/2024 15:00,69595.3,69921.3,69362.1,69567.9,16922.965
4/7/2024 14:00,69363.1,69687,69225.3,69595.3,7948.787
4/7/2024 13:00,69334.3,69569.4,69293.2,69363.2,4785.731
4/7/2024 12:00,69366.2,69436.9,69215.1,69334.4,4002.659
4/7/2024 11:00,69335.9,69431.9,69198.3,69366.1,3808.436
4/7/2024 10:00,69309.4,69516,69244.7,69335,3402.231
4/7/2024 9:00,69498.3,69518.8,69221,69309.4,4150.891
4/7/2024 8:00,69367.3,69579.2,69331.5,69498.4,4102.705
4/7/2024 7:00,69248.1,69496,69229.9,69367.4,3925.931
4/7/2024 6:00,69399.9,69420,69125.3,69248,3960.859
4/7/2024 5:00,69298.3,69460.5,69265.2,69399.9,3688.918
4/7/2024 4:00,69402.2,69499.5,69055.1,69298.2,5756.148
4/7/2024 3:00,69309.3,69521.8,69238.4,69402.1,3793.434
4/7/2024 2:00,69540.4,69800,69300,69309.3,8359.34
4/7/2024 1:00,69010,69666,68990.3,69540.4,11379.981
4/7/2024 0:00,68901.5,69172.2,68820.6,69010,7160.611
4/6/2024 23:00,69040.7,69708,68801.6,68901.6,20298.151
4/6/2024 22:00,68305.5,69096.5,68279.8,69040.6,11472.6
4/6/2024 21:00,68387.4,68443.9,68284.6,68305.6,2215.177
4/6/2024 20:00,68259.4,68409.7,68158.5,68387.4,1979.227
4/6/2024 19:00,68294.6,68440,68207.1,68259.5,4521.219
4/6/2024 18:00,68290,68366.5,68172.2,68294.5,2644.65
4/6/2024 17:00,68129.9,68490.1,68023.2,68290,7438.362
4/6/2024 16:00,68094,68169.9,67923.4,68129.8,3713.727
4/6/2024 15:00,67981.8,68320,67884,68094,8069.007
4/6/2024 14:00,67688.2,68083.1,67669.3,67981.9,6350.137
4/6/2024 13:00,67733.5,67742.2,67525,67688.1,3824.299
4/6/2024 12:00,67654.9,67790.8,67556.8,67733.4,3695.799
4/6/2024 11:00,67839.3,67909.5,67610,67655,4324.168
4/6/2024 10:00,67794.9,67887.8,67714.1,67839.3,2566.102
4/6/2024 9:00,68006.5,68129,67765.1,67795,4234.536
4/6/2024 8:00,67985.1,68103.6,67854.8,68006.6,4124.439
4/6/2024 7:00,68110.6,68185.3,67930,67985.1,3667.813
4/6/2024 6:00,68028.5,68161.7,67871,68110.6,3210.403
4/6/2024 5:00,67747.5,68240.1,67718.5,68028.5,8236.922
4/6/2024 4:00,67793.4,67827.6,67601,67747.5,2276.566
4/6/2024 3:00,67573.6,67893,67573.6,67793.3,4297.035
4/6/2024 2:00,67700,67771,67450,67573.6,5126.34
4/6/2024 1:00,67905.5,67982.2,67644.7,67699.9,3786.644
4/6/2024 0:00,67825.8,68074.8,67676,67905.6,5270.403
4/5/2024 23:00,67630.4,67977,67618,67825.7,4541.364
4/5/2024 22:00,67493.6,67853.9,67485,67630.5,3201.994
4/5/2024 21:00,67633,67835.7,67493.5,67493.6,3269.776
4/5/2024 20:00,67400,67757,67333.3,67633,5959.319
4/5/2024 19:00,67630.1,68068.3,67381,67400,11298.076
4/5/2024 18:00,67455.8,67733,67326.6,67630.1,7166.479
4/5/2024 17:00,67951.4,67997.8,67337.1,67455.8,10339.335
4/5/2024 16:00,68200,68388.1,67663,67951.5,12611.378
4/5/2024 15:00,68129.2,68262.4,67620.4,68201.5,18340.897
4/5/2024 14:00,67491.8,68585.9,67326.6,68129.1,29698.756
4/5/2024 13:00,66894.9,67599,66521.4,67491.7,23083.696
4/5/2024 12:00,66502.8,66914.6,65966,66895,39699.464
4/5/2024 11:00,67056.5,67117.5,66396,66502.8,12456.018
4/5/2024 10:00,66817.4,67226,66722.1,67056.5,9940.628
4/5/2024 9:00,67169.3,67169.3,66388.4,66817.4,18082.357
4/5/2024 8:00,66937.4,67700,66921.5,67169.3,15755.543
4/5/2024 7:00,67164,67164.8,66831.5,66937.4,6388.636
4/5/2024 6:00,66907.3,67190,66773.9,67163.9,8593.85
4/5/2024 5:00,67672.5,67774,66376,66907.4,28657.397
4/5/2024 4:00,67885.5,68051.4,67464,67672.5,7048.443
4/5/2024 3:00,67621.4,68050.9,67581.9,67885.4,7570.099
4/5/2024 2:00,68165.6,68178,67420.2,67621.5,11787.407
4/5/2024 1:00,68601.7,68623.5,67829.9,68165.6,10106.139
4/5/2024 0:00,68489.8,68787.1,68158.3,68601.7,7950.242
4/4/2024 23:00,67939.8,68581,67891.2,68489.9,10165.665
4/4/2024 22:00,67808.3,68074.7,67607.3,67939.9,5310.818
4/4/2024 21:00,67945.2,68167.8,67500,67808.4,7666.411
4/4/2024 20:00,68483.9,68548.8,67291.3,67945.3,36733.783
4/4/2024 19:00,68586.5,69080.4,68320,68484,18598.45
4/4/2024 18:00,68847,69329.7,68500,68586.5,38713.467
4/4/2024 17:00,67796.7,68911.7,67720.5,68847.4,24684.572
4/4/2024 16:00,67631.7,68198.6,67514.7,67796.6,15109.052
4/4/2024 15:00,67683.9,67799.4,67416.1,67631.8,11349.526
4/4/2024 14:00,67231.5,67916,67058,67684,23008.815
4/4/2024 13:00,66715,67488.6,66686,67231.5,28495.598
4/4/2024 12:00,66361.5,66828.9,66336.6,66714.9,12673.276
4/4/2024 11:00,66300,66460.6,66117.6,66361.5,5555.565
4/4/2024 10:00,66291.9,66500,66154,66300,5875.154
4/4/2024 9:00,66236.7,66428.8,66184,66291.8,5154.815
4/4/2024 8:00,66104.7,66449,66036,66236.6,7875.813
4/4/2024 7:00,65788.4,66307,65688.3,66104.8,11969.134
4/4/2024 6:00,65606.1,65830,65562.5,65788.3,5175.595
4/4/2024 5:00,65506.6,65734.3,65398,65606.1,6414.505
4/4/2024 4:00,65637.2,65718.6,65100,65506.5,15581.252
4/4/2024 3:00,65750.1,65821,65556,65637.2,6039.88
4/4/2024 2:00,66150.1,66162.8,65451.3,65751,11599.939
4/4/2024 1:00,66297.5,66311.4,66018.6,66150,4086.995
4/4/2024 0:00,65971.8,66375.8,65828.4,66297.5,8547.258
4/3/2024 23:00,66157.5,66324,65951.8,65971.9,4544.573
4/3/2024 22:00,65944.7,66265.1,65872.3,66157.5,7063.424
4/3/2024 21:00,65729.4,65962.3,65500.1,65944.7,5265.542
4/3/2024 20:00,65798.8,65860,65562,65729.3,6411.105
4/3/2024 19:00,66026.4,66171.2,65731.8,65798.8,6906.99
4/3/2024 18:00,65980.7,66149.7,65451.1,66026.4,14039.145
4/3/2024 17:00,66219.6,66420,65855,65980.7,10244.629
4/3/2024 16:00,65873.9,66624,65821,66219.7,14121.256
4/3/2024 15:00,66662.5,66688,65733.1,65873.9,17916.822
4/3/2024 14:00,65843.2,66940,65843.2,66662.4,30098.537
4/3/2024 13:00,65950,66079.3,65661,65843.1,10747.38
4/3/2024 12:00,66094.2,66269.3,65777,65950,8423.926
4/3/2024 11:00,66230.1,66261,65555,66094.3,19204.355
4/3/2024 10:00,66511.6,66550,66050,66230.1,8571.646
4/3/2024 9:00,66544.5,66666,66353.3,66511.6,7293.746
4/3/2024 8:00,66181.2,66696.5,66030.4,66544.5,12264.051
4/3/2024 7:00,66381.7,66527,66151.3,66181.1,7430.138
4/3/2024 6:00,66112.7,66415,66084.9,66381.7,5945.741
4/3/2024 5:00,66357.4,66401.6,65955,66112.7,8169.217
4/3/2024 4:00,66252.2,66550,66134.4,66357.3,9933.051
4/3/2024 3:00,65948.4,66341.8,65785.1,66252.2,9112.61
4/3/2024 2:00,65830,66089.9,65714.3,65948.4,9135.233
4/3/2024 1:00,65433.9,65959,65125.9,65829.9,15044.293
4/3/2024 0:00,65502.4,65650.8,64500,65433.9,27153.82
4/2/2024 23:00,65852.7,65868.1,65415,65505.3,5634.413
4/2/2024 22:00,65722.9,65975.8,65588.5,65852.8,5234.809
4/2/2024 21:00,65678,65857,65223.3,65722.9,11145.788
4/2/2024 20:00,65946.8,66147.1,65527,65678,11264.862
4/2/2024 19:00,65871.1,66225.2,65795.5,65946.8,11215.409
4/2/2024 18:00,65650.2,66126.4,65434.7,65871.1,14276.661
4/2/2024 17:00,65581.8,65722.7,65311.7,65650.3,11258.71
4/2/2024 16:00,64928.2,65805,64603.2,65581.8,33572.558
4/2/2024 15:00,65742,66200,64700,64928.3,28564.646
4/2/2024 14:00,65268.9,66289,65212,65741.9,33852.695
4/2/2024 13:00,65400,65508.2,64650,65268.8,40884.313
4/2/2024 12:00,65684.2,65888,65177.3,65400,17700.192
4/2/2024 11:00,66034.7,66096.1,65108,65684.2,33991.555
4/2/2024 10:00,66120.2,66332.9,65450,66036.5,23879.57
4/2/2024 9:00,66283.8,66577,65788,66120.3,28640.407
4/2/2024 8:00,66503.4,66748,66158,66283.8,14613.357
4/2/2024 7:00,66900.2,66932.7,66475.1,66503.3,10488.898
4/2/2024 6:00,66794,67157,66733.9,66900.1,11349.921
4/2/2024 5:00,66633.3,66875.9,66150,66794,15293.282
4/2/2024 4:00,66734.1,66980.4,66339.4,66633.4,17954.215
4/2/2024 3:00,67025.7,67316.4,66500,66734.1,26856.753
4/2/2024 2:00,69437.2,69475.3,65600,67025.7,75566.247
4/2/2024 1:00,69405,69663.2,69289.7,69437.3,4566.918
4/2/2024 0:00,69700,69731.6,69093.2,69404.3,11235.393
4/1/2024 23:00,69758,69923.7,69690,69700,4246.246
4/1/2024 22:00,69629,69900,69614.5,69756,5000.314
4/1/2024 21:00,69768.9,69949,69581.4,69629.1,7126.374
4/1/2024 20:00,69682.2,69829.6,69361,69769,7751.073
4/1/2024 19:00,68960.9,69866.1,68923.3,69682.1,16644.294
4/1/2024 18:00,68784.8,69028.8,68505.5,68960.9,9043.172
4/1/2024 17:00,68621.6,68798.9,68226.9,68784.8,9786.993
4/1/2024 16:00,68280.9,68848.8,68103.3,68621.6,17689.69
4/1/2024 15:00,68950,69069.6,68210,68281,33820.081
4/1/2024 14:00,69932.2,69988,68654.3,68950.1,30727.479
4/1/2024 13:00,69892.1,70145,69688.2,69932.2,13428.891
4/1/2024 12:00,69520.4,69892.8,69460.5,69892.1,5657.652
4/1/2024 11:00,69610.1,69868.9,69494.6,69520.4,7775.146
4/1/2024 10:00,69448.4,69635,69341.6,69610.1,4839.779
4/1/2024 9:00,69449.9,69673.5,69447.8,69448.4,4828.134
4/1/2024 8:00,69637,69650,69222,69450,11662.361
4/1/2024 7:00,69651.8,69835,69534,69637,8536.026
4/1/2024 6:00,69212.2,69720,68895.5,69651.7,23036.111
4/1/2024 5:00,70512.8,70595.3,69006.5,69212.2,34363.498
4/1/2024 4:00,70650,70727.2,70484.6,70512.8,5033.489
4/1/2024 3:00,70930.1,70955.4,70588,70650.1,5609.521
4/1/2024 2:00,70885,70975,70827.6,70930.1,3018.134
4/1/2024 1:00,71234.1,71260,70858.9,70885.1,6026.472
4/1/2024 0:00,71363,71388,70935.5,71234.1,7161.196
3/31/2024 23:00,71043.3,71495.5,70982.3,71363,9792.916
3/31/2024 22:00,70930,71159.7,70912.3,71043.3,5379.206
3/31/2024 21:00,70935.4,71055.9,70711,70929.9,4655.276
3/31/2024 20:00,71135.1,71244.2,70830.3,70935.4,4788.914
3/31/2024 19:00,70974.8,71272.3,70750.5,71135.1,8687.574
3/31/2024 18:00,70573.3,71383.2,70488.4,70974.9,16272.385
3/31/2024 17:00,70544.7,70629,70494.8,70573.3,2228.958
3/31/2024 16:00,70446.2,70741.7,70387.8,70544.7,5841.343
3/31/2024 15:00,70601.5,70601.6,70329.6,70446.2,5219.393
3/31/2024 14:00,70657.5,70740,70500,70601.6,5296.062
3/31/2024 13:00,70574.6,70824,70570.6,70657.5,7825.507
3/31/2024 12:00,70442.6,70716.9,70436.5,70574.7,7269.092
3/31/2024 11:00,70325,70518,70325,70442.6,4192.639
3/31/2024 10:00,70291.7,70385,70265,70325,1924.604
3/31/2024 9:00,70342,70387.3,70200,70291.7,2571.709
3/31/2024 8:00,70367.5,70549.5,70301.1,70342.1,4120.809
3/31/2024 7:00,70291.7,70410.5,70224,70366.5,2941.285
3/31/2024 6:00,70428.6,70467,70241.1,70291.7,3878.638
3/31/2024 5:00,70172.3,70555.6,70121.9,70428.6,9081.439
3/31/2024 4:00,69980.9,70195,69928,70172.4,3668.818
3/31/2024 3:00,70060.7,70078.8,69790.4,69980.8,4341.808
3/31/2024 2:00,70095.9,70224.2,70007.6,70060.8,2891.938
3/31/2024 1:00,69923.6,70155.3,69888.8,70095.9,4499.961
3/31/2024 0:00,69642,70020,69608,69923.6,5088.516
3/30/2024 23:00,69780.1,69845.2,69577.2,69642.1,4570.515
3/30/2024 22:00,69775,69893.7,69695,69780.1,2924.851
3/30/2024 21:00,69859.9,69912.7,69667,69775.1,2760.01
3/30/2024 20:00,69944.7,69959,69827.1,69859.8,1638.327
3/30/2024 19:00,69979.8,69993.8,69712.3,69944.7,5525.799
3/30/2024 18:00,70099.9,70101.3,69931.6,69979.8,2852.249
3/30/2024 17:00,70240.1,70246.9,70057,70100,2832.987
3/30/2024 16:00,70065,70373.8,69959.5,70240.1,5030.615
3/30/2024 15:00,70090.1,70216.3,69961.3,70064.9,3660.461
3/30/2024 14:00,70213.3,70239,70027.4,70090.1,3282.92
3/30/2024 13:00,70280,70328,70123,70213.4,3088.581
3/30/2024 12:00,70237.1,70290,70144,70280,3295.628
3/30/2024 11:00,70096,70254.7,70095.9,70237.1,3744.348
3/30/2024 10:00,70075.3,70181.1,69999,70096,2293.676
3/30/2024 9:00,70027.9,70250,69965.2,70075.2,4156.014
3/30/2024 8:00,69900.2,70081.1,69872.3,70027.9,3990.491
3/30/2024 7:00,70014.2,70091.5,69900.1,69900.1,2405.85
3/30/2024 6:00,70075,70150,69935.1,70014.3,3835.135
3/30/2024 5:00,70136,70388,69936.4,70075.1,7893.789
3/30/2024 4:00,69836.8,70169.3,69805.1,70136,4185.625
3/30/2024 3:00,69990.4,70100.6,69800.3,69836.8,4023.087
3/30/2024 2:00,70038,70070,69883.9,69990.3,2807.192
3/30/2024 1:00,69985,70245,69876.7,70038,6925.346
3/30/2024 0:00,69903.6,69999,69753.3,69985,3403.254
3/29/2024 23:00,69851.6,69970.1,69788.1,69903.6,4378.825
3/29/2024 22:00,69475.2,69888,69475.1,69851.5,4969.322
3/29/2024 21:00,69667.5,69677,69327,69475.2,3198.634
3/29/2024 20:00,69720.5,69789.5,69567.4,69667.6,2850.481
3/29/2024 19:00,69565.6,69734.6,69405.7,69720.6,3309.889
3/29/2024 18:00,69465.2,69650,69366,69565.6,4457.611
3/29/2024 17:00,69239.3,69530.2,69150,69465.3,6627.326
3/29/2024 16:00,69240.4,69636.6,69125.4,69239.2,11736.424
3/29/2024 15:00,70121.3,70183.7,69000,69240.1,30856.381
3/29/2024 14:00,70497.7,70562.7,70066.1,70121.3,8881.032
3/29/2024 13:00,70200.1,70704.8,70106.7,70497.8,11260.331
3/29/2024 12:00,70183,70356.8,69893,70200.1,9732.642
3/29/2024 11:00,70159.5,70379.9,70105.5,70182.9,7745.199
3/29/2024 10:00,69802.3,70187.1,69612.8,70159.6,8406.965
3/29/2024 9:00,69998.9,70113.8,69614.1,69802.3,9278.257
3/29/2024 8:00,69855.6,70150,69758,69998.9,10906.79
3/29/2024 7:00,70490,70574.6,69801.9,69855.6,14335.604
3/29/2024 6:00,70237,70545.2,70077.1,70490.1,7094.487
3/29/2024 5:00,70427,70516.9,70231,70237.1,5464.216
3/29/2024 4:00,70491.7,70598.5,70344.9,70427,4095.79
3/29/2024 3:00,70675.7,70767.7,70335.1,70491.8,6956.579
3/29/2024 2:00,70840.8,70874.8,70628.8,70675.7,3819.89
3/29/2024 1:00,70793.6,70976.9,70696.4,70840.8,3632.326
3/29/2024 0:00,70838.8,70886,70656,70793.7,3975.84
3/28/2024 23:00,70907.6,71138,70724.2,70838.7,6890.779
3/28/2024 22:00,70829.1,70949.9,70592.3,70907.6,4544.993
3/28/2024 21:00,70726.1,70955.8,70693,70829,2940.087
3/28/2024 20:00,70837.1,70917.2,70656,70726.1,3639.561
3/28/2024 19:00,70610.3,70966.4,70548,70837.1,5752.415
3/28/2024 18:00,70847.9,71030,70455.6,70610.4,7007.122
3/28/2024 17:00,70749.1,70899,70527.6,70848,6441.096
3/28/2024 16:00,71335.2,71381.4,70565.3,70749.1,14321.493
3/28/2024 15:00,71598.4,71598.4,71009.2,71335.1,14297.763
3/28/2024 14:00,70924.5,71636.2,70736,71598.5,25671.818
3/28/2024 13:00,70902.9,71440,70468,70924.5,28457.709
3/28/2024 12:00,70707.7,70935.9,70411,70902.8,9942.337
3/28/2024 11:00,70864.4,71050,70575.2,70707.7,9650.567
3/28/2024 10:00,70623,70925.6,70385.4,70864.4,9639.887
3/28/2024 9:00,70625,70993.5,70572.4,70622.9,9248.674
3/28/2024 8:00,70457,70924,70344.9,70624.9,14402.671
3/28/2024 7:00,70420,70564,70240.2,70456.8,9223.279
3/28/2024 6:00,69757.9,70469.9,69685.8,70420,15582.883
3/28/2024 5:00,69781,69999.4,69661.3,69758,5328.156
3/28/2024 4:00,69349.3,69827.5,69333,69781,7354.189
3/28/2024 3:00,69208.2,69429,69116.6,69349.3,5806.575
3/28/2024 2:00,69506,69642.6,68941,69208.2,7964.745
3/28/2024 1:00,69747.1,69805.4,69357.1,69506.1,5602.116
3/28/2024 0:00,69532.6,70081.9,69441.4,69747.1,12488.31
3/27/2024 23:00,69484.8,69703.7,69121,69532.6,9297.636
3/27/2024 22:00,68982.9,69496,68968.1,69484.8,6979.826
3/27/2024 21:00,68956.6,69296,68948.3,68982.8,5023.985
3/27/2024 20:00,68707.7,69229.9,68677.2,68956.7,7838.002
3/27/2024 19:00,68531.6,69000,68502.9,68707.8,9559.387
3/27/2024 18:00,68732.3,68996.7,68436.2,68531.5,17664.228
3/27/2024 17:00,69304.8,69487.8,68600,68732.2,10623.289
3/27/2024 16:00,68922.1,69374.9,68364.8,69304.9,31854.046
3/27/2024 15:00,70127.8,70150.4,68900,68922,29032.882
3/27/2024 14:00,69966.3,70300,68551,70127.8,75570.306
3/27/2024 13:00,70255.4,71888,69619.8,69966.2,91578.138
3/27/2024 12:00,70290.2,70430,70055.5,70255.3,6892.046
3/27/2024 11:00,70185.4,70436.6,70078.6,70290.3,8517.379
3/27/2024 10:00,70116.4,70270.5,69979,70185.3,7965.763
3/27/2024 9:00,69604,70197.3,69466.4,70116.4,13529.595
3/27/2024 8:00,69797.5,70066,69555,69604,8856.358
3/27/2024 7:00,70371,70394.3,69690.1,69798.8,14187.738
3/27/2024 6:00,70529.9,70650,70219.9,70371,4810.769
3/27/2024 5:00,70256.6,70589.6,70207.4,70529.9,5273.963
3/27/2024 4:00,70445.2,70553.6,70087.2,70256.6,7074.03
3/27/2024 3:00,70646.9,70758.8,70354,70445.1,5932.669
3/27/2024 2:00,70387.9,70665.3,70223,70647,8412.05
3/27/2024 1:00,70665,70799.3,70209.3,70387.9,9924.714
3/27/2024 0:00,70044.2,70767.3,69888,70665,11358.989
3/26/2024 23:00,70304.5,70368,70000,70044.1,4849.231
3/26/2024 22:00,70054.3,70339,69688.8,70304.5,8042.072
3/26/2024 21:00,69889.3,70261.4,69775.1,70054.4,5393.195
3/26/2024 20:00,69523.2,69945.9,69420,69889.3,7748.299
3/26/2024 19:00,69982.6,70135.1,69465.8,69523.3,12853.316
3/26/2024 18:00,70125.4,70478.2,69970.4,69982.5,7781.438
3/26/2024 17:00,69796.7,70260,69550,70125.4,12621.523
3/26/2024 16:00,70307,70580,69465.2,69799.4,21413.722
3/26/2024 15:00,70377.7,70416.7,69740.7,70307.1,16982.893
3/26/2024 14:00,70459.3,70747.9,69320,70377.6,45406.144
3/26/2024 13:00,71168.1,71200,70117.9,70459.4,29741.395
3/26/2024 12:00,70734.1,71181.8,70555.1,71168.1,9851.163
3/26/2024 11:00,70934.7,70962,70620,70734.2,9624.011
3/26/2024 10:00,71191.5,71250,70901.7,70934.7,8691.352
3/26/2024 9:00,70749.6,71340.8,70666,71191.4,12340.65
3/26/2024 8:00,70535,70883.8,70295.9,70749.5,13481.255
3/26/2024 7:00,70656.7,71649,70419.5,70535,33688.351
3/26/2024 6:00,70344.2,70665.9,70312,70656.7,4738.143
3/26/2024 5:00,70636.8,70657.6,70302.4,70344.1,5584.611
3/26/2024 4:00,70473.7,70729.7,70460.3,70636.8,6345.175
3/26/2024 3:00,70588.3,70679,70344.9,70473.8,6440.438
3/26/2024 2:00,70332,70625.1,70087.9,70588.3,7485.28
3/26/2024 1:00,69951.6,70380,69853.7,70332,6475.833
3/26/2024 0:00,69920.6,70297.4,69782.2,69951.6,10281.626
3/25/2024 23:00,70365,70523,69768.4,69920.5,11276.521
3/25/2024 22:00,69904.5,70749.7,69900.1,70365,12777.54
3/25/2024 21:00,70950,70982.3,69608.9,69904.6,22071.497
3/25/2024 20:00,71019.6,71228.3,70723.1,70950,13896.484
3/25/2024 19:00,70900,71063.6,70552,71019.6,14810.914
3/25/2024 18:00,70605.9,70984.3,70417.1,70900,13721.673
3/25/2024 17:00,70214.7,70888,70192.4,70605.8,29274.741
3/25/2024 16:00,69844.5,70370.3,69505.8,70214.7,29807.699
3/25/2024 15:00,69434.6,70108.1,69174.6,69844.6,36998.737
3/25/2024 14:00,68046.6,69534.8,67730.4,69434.7,72880.964
3/25/2024 13:00,67125.2,68098.6,66884.6,68046.6,21219.197
3/25/2024 12:00,66855.1,67318.8,66825.5,67125.2,9103.023
3/25/2024 11:00,67057.9,67077.1,66802.9,66855.9,6977.69
3/25/2024 10:00,67101.9,67388.3,66882.5,67058,9109.448
3/25/2024 9:00,66986.1,67166,66784.2,67101.9,5409.095
3/25/2024 8:00,66866.5,67253.5,66837.9,66986.2,8200.169
3/25/2024 7:00,67190.3,67320,66744,66866.6,8051.908
3/25/2024 6:00,67395.1,67450.1,66956.2,67190.3,8874.991
3/25/2024 5:00,67539,67780,67334.1,67395,10456.962
3/25/2024 4:00,67407.8,67588.9,67076.1,67539,11605.196
3/25/2024 3:00,66745.9,67409.6,66617.6,67407.8,9110.502
3/25/2024 2:00,66613.3,66864.5,66427.6,66742.1,5808.472
3/25/2024 1:00,66633.6,67067.3,66470.2,66613.3,8920.905
3/25/2024 0:00,67260.9,67369.7,66560,66633.6,14791.863
3/24/2024 23:00,66992.9,67700,66969.5,67260.9,19667.601
3/24/2024 22:00,66574.9,67136.2,66529.8,66992.9,13269.77
3/24/2024 21:00,66207.4,66769.6,66207.3,66575,8922.511
3/24/2024 20:00,65886.8,66540.8,65777.3,66207.4,13256.161
3/24/2024 19:00,65892,66093,65719.5,65886.8,8648.933
3/24/2024 18:00,65384.4,66127,65378.8,65892.1,14579.079
3/24/2024 17:00,65295.9,65600,64635,65384.7,21768.298
3/24/2024 16:00,65718.6,65891,65224.9,65296,9570.103
3/24/2024 15:00,65692.2,65800,65466.7,65718.6,6567.874
3/24/2024 14:00,65399.9,65974.7,65350.8,65692.2,10559.765
3/24/2024 13:00,65683.7,65880,65300,65399.9,10269.688
3/24/2024 12:00,65371.9,65843.5,65224.7,65684,14769.942
3/24/2024 11:00,65137.9,65399,65000,65371.9,5860.362
3/24/2024 10:00,64924.8,65432.9,64905.9,65137.8,8036.957
3/24/2024 9:00,65295.3,65311,64850,64924.7,9445.867
3/24/2024 8:00,64624.6,65318.4,64511.9,65295.3,15503.856
3/24/2024 7:00,64263.3,64633.6,64060.9,64624.6,6612.396
3/24/2024 6:00,64343.5,64472.8,64118.8,64263.2,5515.949
3/24/2024 5:00,64268.9,64432.2,64154.4,64343.4,4508.743
3/24/2024 4:00,64008.1,64310.2,63822,64269,9889.997
3/24/2024 3:00,64315.7,64317.3,63951.7,64007.6,7584.332
3/24/2024 2:00,64512.2,64588,64184.8,64315.7,5914.423
3/24/2024 1:00,64561,64770.3,64413,64512,4988.077
3/24/2024 0:00,64020.4,64628.7,63995.7,64561,8468.751
3/23/2024 23:00,64774.4,64852.2,63861.9,64020.3,15015.415
3/23/2024 22:00,64980.2,65094.5,64773.2,64774.4,3377.307
3/23/2024 21:00,65040.2,65245.3,64825,64980.1,3893.908
3/23/2024 20:00,64918,65156.4,64713.6,65040.1,6201.242
3/23/2024 19:00,65431.2,65537,64823.5,64917.9,11277.118
3/23/2024 18:00,65701.2,65727.7,65325.2,65431.2,8117.721
3/23/2024 17:00,65697.1,66050,65509,65701.1,12047.711
3/23/2024 16:00,65147.4,65863,64938.4,65697.2,14855.697
3/23/2024 15:00,65280,65400,64770,65147.5,12075.191
3/23/2024 14:00,64628.2,65473.8,64419.6,65280,21280.17
3/23/2024 13:00,64728.2,64757.6,64320,64628.2,9382.718
3/23/2024 12:00,64674.8,64968,64572,64728.3,7277.009
3/23/2024 11:00,64365.8,64674.9,64270,64674.9,5324.835
3/23/2024 10:00,64511.3,64756.4,64231.8,64365.8,7856.263
3/23/2024 9:00,64572.9,64651,64221.3,64511.4,6950.088
3/23/2024 8:00,64606.6,64875.2,64236.4,64572.9,10444.389
3/23/2024 7:00,64201.4,64887.6,64190.2,64606.5,16155.809
3/23/2024 6:00,64106.7,64344.9,64010.8,64201.3,5830.669
3/23/2024 5:00,63920.1,64181.8,63750,64106.6,5457.348
3/23/2024 4:00,63592,64136.4,63537.8,63920.2,11131.53
3/23/2024 3:00,63892.8,63905.4,63020.2,63592,14662.752
3/23/2024 2:00,64147.3,64418,63765.6,63892.8,10207.22
3/23/2024 1:00,63608.4,64363.4,63576.9,64147.3,12174.939
3/23/2024 0:00,63826.1,63849.8,63577,63608.4,8126.951
3/22/2024 23:00,63061.4,63895.8,63017.2,63826,10279.871
3/22/2024 22:00,63010.6,63282.9,62582,63061.5,13881.055
3/22/2024 21:00,63539.2,63566.6,62294,63010.6,25195.998
3/22/2024 20:00,63907.4,64017.1,63380.9,63539.9,9541.628
3/22/2024 19:00,63779.3,64168,63476,63907.2,10544.218
3/22/2024 18:00,63624.1,64040.8,63476,63779.3,11214.193
3/22/2024 17:00,63312.1,63838,63303.5,63624.2,16242.985
3/22/2024 16:00,63920,63935.1,62794.6,63312,29900.242
3/22/2024 15:00,62789.9,64413.3,62681.3,63920,40997.22
3/22/2024 14:00,63097.1,63500,62614.5,62790,39521.816
3/22/2024 13:00,64301.5,64485.7,62850,63097.2,43961.985
3/22/2024 12:00,64268.1,64729.1,63954,64301.5,17703.812
3/22/2024 11:00,64696,64987.3,64102,64268,18705.011
3/22/2024 10:00,65536.2,65650,64560.1,64695.9,24254.019
3/22/2024 9:00,65900.1,66110.1,65381,65536.2,12472.647
3/22/2024 8:00,66223.3,66413,65849.1,65900,8851.179
3/22/2024 7:00,66486.8,66486.8,66158,66223.4,6040.986
3/22/2024 6:00,66470.2,66691.9,66335.9,66486.8,8186.447
3/22/2024 5:00,66180,66484.8,65977.9,66470.1,6906.629
3/22/2024 4:00,66017.8,66356,65801.4,66180,7490.091
3/22/2024 3:00,65689.9,66200,65625,66017.8,11246.089
3/22/2024 2:00,65284.1,65769.2,65163,65689.9,8732.698
3/22/2024 1:00,65843.8,65973.1,65236,65284.2,8808.902
3/22/2024 0:00,65539.9,66050,65408.4,65843.8,10469.612
3/21/2024 23:00,65430.5,65680.5,65310,65539.9,4638.527
3/21/2024 22:00,65693.1,65903.7,65376.8,65430.6,7476.745
3/21/2024 21:00,65535.7,65789.6,65139.7,65693.2,7233.164
3/21/2024 20:00,65274.3,66000,64550.1,65535.7,30697.023
3/21/2024 19:00,65194.4,65634.4,65004,65276,13822.549
3/21/2024 18:00,65784.6,65932.8,64924.6,65194.5,30603.188
3/21/2024 17:00,66844.1,67066.6,65715,65785.1,20801.553
3/21/2024 16:00,66601.6,66883.7,66222,66844.1,10655.208
3/21/2024 15:00,66915.9,67032.5,66105.8,66601.6,22500.6
3/21/2024 14:00,66782.2,67448.3,66573,66915.8,15372.674
3/21/2024 13:00,67292.2,67774.3,66650.6,66782.1,25746.674
3/21/2024 12:00,67082.3,67534.2,67044.6,67292.3,9021.049
3/21/2024 11:00,67016,67279.6,66780,67082.3,8331.096
3/21/2024 10:00,66899.5,67075.3,66705.7,67015.9,8040.956
3/21/2024 9:00,67336,67403.5,66695.6,66899.6,10834.543
3/21/2024 8:00,67031.8,67716.6,67017.2,67336.1,13500.221
3/21/2024 7:00,67019.1,67383.1,66958,67031.8,8072.242
3/21/2024 6:00,67059.2,67384.6,66938.8,67019.1,11908.42
3/21/2024 5:00,66774.9,67147.4,66129,67059.3,19605.991
3/21/2024 4:00,66707.8,67016,66547.1,66774.9,12228.991
3/21/2024 3:00,67576,67797.9,66400.4,66707.8,22112.577
3/21/2024 2:00,67835.4,67981.5,67539.1,67575.9,7244.246
3/21/2024 1:00,67696.3,68003.7,67694.7,67835.4,6809.339
3/21/2024 0:00,67876.4,68293.9,67470,67696.2,19960.809
3/20/2024 23:00,67714.6,68100,67456.6,67876.4,13801.733
3/20/2024 22:00,67716.9,68140,67404,67714.5,17968.009
3/20/2024 21:00,67094.6,67940,66947.1,67716.9,17389.87
3/20/2024 20:00,65821.6,67850,65692.3,67092.2,50561.55
3/20/2024 19:00,65455.5,66062.4,65130,65821.6,28764.213
3/20/2024 18:00,64149.9,65545.4,63908,65455.4,40606.197
3/20/2024 17:00,63144.8,64872,62873.9,64149.9,41039.854
3/20/2024 16:00,63648.9,63835,62057.7,63139.8,50570.7
3/20/2024 15:00,64261.8,64450,63439.8,63649,23991.308
3/20/2024 14:00,63640.6,64376.3,63487.3,64261.7,18658.055
3/20/2024 13:00,64101.7,64107.1,63113.6,63640.5,25260.163
3/20/2024 12:00,63432,64380,63211.5,64102,25826.148
3/20/2024 11:00,63088.1,64010,63018.4,63432,22944.804
3/20/2024 10:00,63259.2,63344.4,62863.7,63088.1,9561.179
3/20/2024 9:00,62737.5,63429.6,62676.6,63259.1,16025.25
3/20/2024 8:00,62995.1,63363.5,62726.4,62737.6,21985.906
3/20/2024 7:00,61800.7,63248.8,61772.7,62995.1,26371.509
3/20/2024 6:00,61596,62093.5,61567.2,61800.7,15464.114
3/20/2024 5:00,61694.5,61837,60800,61596.4,34709.818
3/20/2024 4:00,61896.3,62392.7,61110,61694.5,34835.188
3/20/2024 3:00,62929.9,63544.1,61661.7,61894.8,30294.294
3/20/2024 2:00,62430.1,63092.6,62278.2,62930,15392.511
3/20/2024 1:00,63283.5,63304.3,61908,62430.1,25421.25
3/20/2024 0:00,61974.1,63455.1,61882,63283.5,29918.842
3/19/2024 23:00,62682.6,62850,61582.8,61974.1,36436.026
3/19/2024 22:00,63998.9,64086.9,62500,62682.6,22441.29
3/19/2024 21:00,63814.8,64158.8,63587.3,63998.8,8801.035
3/19/2024 20:00,64435,64549.2,63590,63814.7,23660.24
3/19/2024 19:00,64762.9,65353.8,64425.7,64435,13938.668
3/19/2024 18:00,64916.4,64989,64207.8,64762.9,18966.532
3/19/2024 17:00,65009,65802.8,64666,64916.5,40865.836
3/19/2024 16:00,64084.1,65096.8,64003,65008.9,33757.481
3/19/2024 15:00,62928.4,64198.7,62632,64084,34232.96
3/19/2024 14:00,63606.9,63606.9,62412.1,62928.4,33886.034
3/19/2024 13:00,63668.5,63921.8,63101.3,63606.8,24003.642
3/19/2024 12:00,63137.1,63850.9,63047.3,63668.5,28087.352
3/19/2024 11:00,63303.5,63457.8,62545,63137.1,31051.892
3/19/2024 10:00,64184.4,64199.9,62758.4,63303.4,31221.901
3/19/2024 9:00,63534.2,64275.5,63050,64184.5,43107.666
3/19/2024 8:00,64742.1,64750,63150,63534.2,43264.732
3/19/2024 7:00,64977.2,64977.2,63625,64742.1,51970.479
3/19/2024 6:00,65265.8,65498.5,64640.5,64977.1,17288.979
3/19/2024 5:00,65401.8,65677.5,64675.2,65265.9,23207.041
3/19/2024 4:00,65930.4,66044,65065,65401.8,22233.139
3/19/2024 3:00,65929.4,66108.7,64893.1,65930.5,34846.318
3/19/2024 2:00,65899.4,66445.3,65547.8,65929.4,26543.241
3/19/2024 1:00,67146.9,67230,65850,65899.1,37312.631
3/19/2024 0:00,67660,68178.6,66913,67146.9,19341.68
3/18/2024 23:00,67740.4,68054.9,67562.4,67660,8997.394
3/18/2024 22:00,67673.8,67770,67336.4,67740.4,5523.917
3/18/2024 21:00,67411.9,67977,67387.3,67673.9,8838.923
3/18/2024 20:00,66985.8,67436.8,66985.8,67412,4553.755
3/18/2024 19:00,67054,67497.6,66910.9,66985.7,8651.949
3/18/2024 18:00,67432.3,67507.7,66990.4,67054,7696.085
3/18/2024 17:00,67179.9,67548.2,66601.6,67432.2,22109.102
3/18/2024 16:00,67509.2,68140,67012.3,67180,21641.377
3/18/2024 15:00,67045.2,67525.5,66658,67509.2,18730.959
3/18/2024 14:00,67605.7,67875.9,66705,67045.2,30170.736
3/18/2024 13:00,68608.2,68685.3,67186.4,67605.8,34161.737
3/18/2024 12:00,68307.6,68670,68070.9,68608.1,10060.496
3/18/2024 11:00,68187.3,68557.9,68075.6,68307.7,8167.082
3/18/2024 10:00,67899.3,68270.6,67739.3,68187.3,7597.171
3/18/2024 9:00,68086.7,68294.2,67682.8,67899.2,11457.74
3/18/2024 8:00,68262.9,68276.2,67350.6,68086.6,18279.824
3/18/2024 7:00,68530.3,68534.2,68160,68262.9,8121.659
3/18/2024 6:00,68746.6,68783.4,68450.1,68530.2,6070.134
3/18/2024 5:00,68422,69044.4,68274.8,68746.5,13396.887
3/18/2024 4:00,68038.1,68640,67760.1,68422.1,9709.245
3/18/2024 3:00,67817.6,68222,67792.6,68038.1,6402.608
3/18/2024 2:00,67686.7,68283,67435.6,67817.5,11155.913
3/18/2024 1:00,67360.9,67841.8,66814.6,67686.6,17002.216
3/18/2024 0:00,68447.9,68486.6,67335,67360.8,19389.007
3/17/2024 23:00,68269.2,68742,68118.7,68447.9,8094.738
3/17/2024 22:00,68201.1,68972.4,68201.1,68269.2,11919.958
3/17/2024 21:00,68325.1,68430,68001.6,68201.2,4331.735
3/17/2024 20:00,68575.5,68722.7,68252,68325.1,5002.947
3/17/2024 19:00,68230,68634.6,68144.1,68575.5,3986.047
3/17/2024 18:00,68592.4,68679.5,68111.8,68230,7798.268
3/17/2024 17:00,68066.7,68757.1,67955.3,68592.4,10586.767
3/17/2024 16:00,68009.9,68447.9,67812.2,68066.6,14248.426
3/17/2024 15:00,67652.6,68199,67273.1,68009.8,16014.96
3/17/2024 14:00,67186,67713.3,66941.5,67652.6,9835.049
3/17/2024 13:00,66640.7,67538.9,66638.1,67186,17965.397
3/17/2024 12:00,67014.9,67474.8,66500,66640.6,14156.415
3/17/2024 11:00,67225.3,67600,66955.7,67015,12568.701
3/17/2024 10:00,66504.9,67475.4,66446.5,67225.3,20302.336
3/17/2024 9:00,66559.2,66877,66320,66505,13636.679
3/17/2024 8:00,65681.1,66795,65333,66559.3,20111.585
3/17/2024 7:00,65007.1,65846.4,64559.8,65681.2,38736.179
3/17/2024 6:00,66284,66407.2,65000,65007,19823.28
3/17/2024 5:00,66391.1,66583.3,66026.5,66284.1,7704.391
3/17/2024 4:00,66574.5,66600,66303.5,66391.2,3913.228
3/17/2024 3:00,66403,66619.9,66233.8,66574.4,6435.334
3/17/2024 2:00,66213.1,66630.7,66074.1,66402.9,10438.258
3/17/2024 1:00,65273.4,66248,65273.4,66213.1,13469.068
3/17/2024 0:00,65351,66349,65166.6,65273.4,23810.563
3/16/2024 23:00,66398.6,66429.2,64750,65351,46984.307
3/16/2024 22:00,66283.9,66851.2,65840,66398.6,16491.845
3/16/2024 21:00,67172.4,67297.8,66050,66284,26062.399
3/16/2024 20:00,66969.1,67600,66762.2,67172.3,14763.429
3/16/2024 19:00,67079.6,67785,66933.1,66969.1,19127.035
3/16/2024 18:00,67326,67431.3,66700,67079.6,32183.62
3/16/2024 17:00,68235.4,68295,67166,67325.9,18518.535
3/16/2024 16:00,68431.9,68477,68161.6,68235.5,6045.212
3/16/2024 15:00,68237.1,68557.6,67890,68431.8,9345.536
3/16/2024 14:00,67750.1,68291.5,67576,68237,14315.019
3/16/2024 13:00,67931.1,68321.5,67667.4,67750.1,12865.471
3/16/2024 12:00,68300,68501.5,67912.2,67931,11410.826
3/16/2024 11:00,68471.3,68618.9,67739.6,68300.1,19738.509
3/16/2024 10:00,68995,69054.5,68351.9,68471.4,12363.685
3/16/2024 9:00,69083.2,69212.1,68888,68995,5340.881
3/16/2024 8:00,69490.2,69490.2,69010,69082.8,5902.518
3/16/2024 7:00,69234.4,69527.6,69190,69490.2,5891.769
3/16/2024 6:00,69032.4,69296.7,68979.7,69234.4,4750.59
3/16/2024 5:00,69058.6,69156.7,68646,69032.4,7851.148
3/16/2024 4:00,69247.6,69353.3,68853,69058.6,7033.417
3/16/2024 3:00,69119.9,69482,69026.8,69247.6,5518.699
3/16/2024 2:00,69332.5,69374.9,68967.1,69120,6591.623
3/16/2024 1:00,69690.2,69927.9,69097.6,69332.4,11435.608
3/16/2024 0:00,69552.1,70097.6,69461.7,69690.3,12894.448
3/15/2024 23:00,69126.2,69813.6,68809.1,69552.2,15524.455
3/15/2024 22:00,68342.2,69222,68228.5,69123.7,10162.841
3/15/2024 21:00,67906.6,68345.1,67859.7,68342.3,7875.655
3/15/2024 20:00,69002.9,69013.2,67420,67906.5,31535.647
3/15/2024 19:00,70275.9,70715.9,68577,69003,40152.794
3/15/2024 18:00,68262.2,70528.8,68249.2,70276,34485.232
3/15/2024 17:00,67954.3,68379.3,67658.4,68262.3,10146.224
3/15/2024 16:00,68199.2,68473,67568,67954.3,23641.894
3/15/2024 15:00,68655.7,68777,68145.3,68199.2,12830.525
3/15/2024 14:00,68498,68678.7,67877,68655.7,18832.079
3/15/2024 13:00,67962.7,68700,67444.9,68498,29998.068
3/15/2024 12:00,67818.3,68128.8,67528.8,67962.6,13206.896
3/15/2024 11:00,67308.9,67960,66800,67818.3,25397.053
3/15/2024 10:00,67857.8,68160.2,67277.4,67308.8,19675.979
3/15/2024 9:00,67123.1,68194,65580,67857.8,77114.472
3/15/2024 8:00,68487.4,68665.5,67058,67122.6,39148.522
3/15/2024 7:00,68708.4,68910.5,68171.2,68487.4,17322.095
3/15/2024 6:00,67478.7,68733.9,67462.5,68708.4,22542.221
3/15/2024 5:00,67477.2,68294.8,67160.9,67478.8,26490.376
3/15/2024 4:00,68266,68548,66905,67477.3,46505.814
3/15/2024 3:00,69062.5,69475,66660.1,68266,84717.819
3/15/2024 2:00,71699.9,71835,67828.3,69062.4,70022.493
3/15/2024 1:00,71970.9,72132.6,71667.9,71700,7551.725
3/15/2024 0:00,71455.6,72500,71321,71971,20929.806
3/14/2024 23:00,71594.1,71785,71432.6,71455.5,7236.983
3/14/2024 22:00,71163.8,71731.4,71143.8,71594,14929.134
3/14/2024 21:00,70810.8,71219.5,70356,71163.8,13400.825
3/14/2024 20:00,69500.4,71316.3,69392.1,70810.8,36986.408
3/14/2024 19:00,70153,70520.8,68600,69500.4,65806.893
3/14/2024 18:00,71097.1,71101.8,69338.8,70154,39440.218
3/14/2024 17:00,71412,71548,70758.6,71097.2,19617.782
3/14/2024 16:00,70904.5,71538.2,69900,71412,54770.571
3/14/2024 15:00,71771.9,72150,70563,70904.5,49011.026
3/14/2024 14:00,71951.2,72626.7,71250,71772,37396.719
3/14/2024 13:00,72891.8,72967.5,71511,71951.3,42741.523
3/14/2024 12:00,72939.4,73115.5,72372,72891.7,16659.451
3/14/2024 11:00,73037.5,73086.4,72678,72939.4,12359.698
3/14/2024 10:00,73391.4,73413.3,72902.1,73037.5,11016.529
3/14/2024 9:00,73384.6,73572.8,73216,73391.4,5541.714
3/14/2024 8:00,73280.7,73598,73270.2,73384.6,5246.173
3/14/2024 7:00,73644.5,73881.4,73152.6,73280.7,16174.699
3/14/2024 6:00,73210.7,73688,73178.1,73644.6,12973.585
3/14/2024 5:00,73008.7,73251.3,72780,73210.6,7070.975
3/14/2024 4:00,73333.3,73769.6,72720,73008.7,18757.057
3/14/2024 3:00,73089.9,73385,73073.7,73333.3,6042.892
3/14/2024 2:00,72993.4,73299.9,72871.3,73089.9,6600.579
3/14/2024 1:00,72899.9,73023.8,72540.5,72993.5,8450.627
3/14/2024 0:00,73127.6,73237,72813.6,72900,5669.176
3/13/2024 23:00,73003.6,73188,72950,73127.6,3257.29
3/13/2024 22:00,73295.4,73332.1,72883.2,73003.6,5478.373
3/13/2024 21:00,73145.9,73438.5,72983.4,73295.4,4865.552
3/13/2024 20:00,73399.9,73485.1,72976.4,73146,8278.621
3/13/2024 19:00,73199.8,73421.6,72831.9,73399.9,9277.678
3/13/2024 18:00,72889.3,73336.9,72777.9,73199.9,8627.659
3/13/2024 17:00,73058.7,73268.4,72732,72889.3,10281.988
3/13/2024 16:00,72670.2,73086,72410.6,73058.8,11559.45
3/13/2024 15:00,72414.2,73191.4,72342.8,72670.2,18127.879
3/13/2024 14:00,72239.9,72972.1,72050,72414.3,28156.008
3/13/2024 13:00,72875.9,73124.6,71671.1,72240,31321.289
3/13/2024 12:00,73149.8,73276.9,72525.5,72875.9,19766.281
3/13/2024 11:00,73334.5,73556.3,73122.2,73149.9,8553.077
3/13/2024 10:00,73389.3,73485,73196.5,73334.5,7136.611
3/13/2024 9:00,73511.4,73700,73220,73389.2,11174.355
3/13/2024 8:00,72964.1,73755,72934.1,73511.4,23297.284
3/13/2024 7:00,72795.4,73311.7,72707.4,72964,24845.303
3/13/2024 6:00,72227.5,72851.2,72180,72798.9,15392.941
3/13/2024 5:00,72292.8,72294.2,72050.8,72227.4,3400.387
3/13/2024 4:00,72135.8,72299.2,71990,72292.8,5340.298
3/13/2024 3:00,72042.9,72300,71950,72135.8,7712.372
3/13/2024 2:00,72076.7,72164.3,71936.3,72042.9,5342.83
3/13/2024 1:00,71476.4,72200,71440,72076.7,11108.841
3/13/2024 0:00,71503.3,71815.6,71388.1,71476.4,6143.971
3/12/2024 23:00,71220.9,71623.3,71089.5,71503.2,6790.402
3/12/2024 22:00,70895,71333.1,70716.9,71220.8,8420.77
3/12/2024 21:00,71094.1,71192.4,70623.8,70894.9,7782.142
3/12/2024 20:00,71403,71408.1,70650,71094,13736.977
3/12/2024 19:00,71476.6,71730.9,71270,71403.1,14317.607
3/12/2024 18:00,71161.2,71575.2,70531.5,71476.5,31858.669
3/12/2024 17:00,70571.7,71227.2,68600,71161.2,84957.691
3/12/2024 16:00,71779.2,71910,70012,70571.8,51828.535
3/12/2024 15:00,71730.1,72153.9,70777.7,71779.2,32718.517
3/12/2024 14:00,72376.5,73370,71660.4,71730.1,52214.153
3/12/2024 13:00,72264,72416.4,71744.4,72376.5,20680.97
3/12/2024 12:00,72098.7,72400,71501.6,72263.9,23412.062
3/12/2024 11:00,71937.7,72461.4,71930.4,72098.7,10057.628
3/12/2024 10:00,72019.5,72089,71711.2,71937.8,5781.22
3/12/2024 9:00,71752.9,72169.9,71745.8,72019.5,7485.1
3/12/2024 8:00,72175.6,72254.9,71438.5,71753,16355.139
3/12/2024 7:00,72331,72425,72069.1,72175.5,8668.687
3/12/2024 6:00,72043,72346.3,71490,72331,13479.11
3/12/2024 5:00,71870.8,72155,71767.2,72043,6470.615
3/12/2024 4:00,71673.3,72184.7,71342,71870.9,17357.533
3/12/2024 3:00,72274.9,72346.1,71300,71673.4,20904.173
3/12/2024 2:00,72530.6,72530.7,72224.7,72274.8,3904.269
3/12/2024 1:00,72068.3,72571,71962,72530.6,6210.648
3/12/2024 0:00,72153.9,72424.6,72059.3,72068.4,6679.714
3/11/2024 23:00,72516.5,72523.9,72129.1,72153.8,6975.103
3/11/2024 22:00,72595.2,72850,72473.3,72516.6,9416.968
3/11/2024 21:00,72186,72702.3,72105.9,72595.2,6217.709
3/11/2024 20:00,72041.3,72326.2,71884.7,72186,7322.766
3/11/2024 19:00,72557.1,72890,71800,72041.3,22439.543
3/11/2024 18:00,72548,72700,72247.2,72557.1,11522.881
3/11/2024 17:00,72570.1,72673.1,72286,72548,10033.819
3/11/2024 16:00,72061.3,72685.6,71850.1,72570,19975.926
3/11/2024 15:00,72247.9,72772.5,72033.1,72061.4,26207.305
3/11/2024 14:00,71584.9,72450,71567.4,72247.9,21536.359
3/11/2024 13:00,72059.2,72498.3,71405.2,71584.9,30315.681
3/11/2024 12:00,71558.6,72294.2,71433.4,72059.1,20695.478
3/11/2024 11:00,71579.1,72346.3,71309.3,71558.6,32194.499
3/11/2024 10:00,71894.6,71988,71526.8,71579.1,13036.826
3/11/2024 9:00,71315,71974.9,71280,71894.6,19512.653
3/11/2024 8:00,71223.9,71883,71211.5,71315,32800.503
3/11/2024 7:00,69393.2,71537.7,69340.8,71223.8,93179.439
3/11/2024 6:00,68609.1,69412,68502.4,69393.3,10443.696
3/11/2024 5:00,68600.3,68863,68553.8,68609.2,5542.748
3/11/2024 4:00,68657.4,68880.9,68525.5,68600.4,5568.699
3/11/2024 3:00,68375.9,68697,68350,68657.4,5945.076
3/11/2024 2:00,68365.5,68595,68300,68376,9178.899
3/11/2024 1:00,68150,68450.1,67633.3,68365.5,22688.205
3/11/2024 0:00,69001.8,69016.3,67000,68149.9,31646.116
3/10/2024 23:00,68465.1,69053.7,68406.6,69001.8,10582.768
3/10/2024 22:00,69175.7,69175.7,68155,68465.2,21694.499
3/10/2024 21:00,69372.8,69455,69150.3,69175.8,3227.99
3/10/2024 20:00,69465.1,69522.7,69300,69372.8,2528.182
3/10/2024 19:00,69298,69522.9,69168.9,69465,3841.15
3/10/2024 18:00,69484,69545,69239.2,69298,4600.434
3/10/2024 17:00,69503.4,69676.1,69398.3,69484,3967.843
3/10/2024 16:00,69254.6,69845.9,69232,69503.4,11485.771
3/10/2024 15:00,69332.3,69497.5,69025,69254.7,9468.176
3/10/2024 14:00,69388.7,69539.9,68672.9,69332.4,19969.374
3/10/2024 13:00,69845.9,69899.9,69150,69388.8,10369.641
3/10/2024 12:00,69639.6,69937.7,69496.3,69845.9,10287.938
3/10/2024 11:00,69857.5,69941.6,69474.2,69639.5,7690.244
3/10/2024 10:00,69902.5,69999.8,69653.2,69857.4,13577.971
3/10/2024 9:00,69734.7,69991.8,69227.3,69902.5,19567.179
3/10/2024 8:00,69429.9,69799.8,69413.3,69734.7,6166.987
3/10/2024 7:00,69405.7,69527.4,69305.6,69430,4609.058
3/10/2024 6:00,69402.2,69471.7,69125.6,69405.8,4662.626
3/10/2024 5:00,69492.5,69609.7,69253.4,69402.2,5606.796
3/10/2024 4:00,69208,69780,69099.1,69492.5,15455.079
3/10/2024 3:00,68886.2,69225.4,68764.8,69208.1,5902.894
3/10/2024 2:00,69029.8,69292.9,68828.9,68886.2,8506.594
3/10/2024 1:00,68400,69344,68370.3,69029.7,24447.167
3/10/2024 0:00,68360.2,68508.2,68262.5,68399.9,5380.162
3/9/2024 23:00,68412.6,68497.8,68313.6,68360.1,2979.649
3/9/2024 22:00,68431.9,68469.7,68372,68412.7,1564.266
3/9/2024 21:00,68394.9,68492.9,68266.2,68432,2540.119
3/9/2024 20:00,68255,68425.2,68254.9,68395,2558.706
3/9/2024 19:00,68308.7,68391,68199,68255,1919.367
3/9/2024 18:00,68218.3,68391.8,68172.3,68308.7,2668.617
3/9/2024 17:00,68160,68294.9,68050,68218.3,3303.451
3/9/2024 16:00,68341.5,68373.9,68062.6,68160,4123.814
3/9/2024 15:00,68189,68411,68188.9,68341.6,3265.468
3/9/2024 14:00,68400.2,68448.7,68125.4,68189,6515.503
3/9/2024 13:00,68524.7,68580,68363.7,68400.3,3747.758
3/9/2024 12:00,68360.3,68554.7,68243.5,68524.8,4824.983
3/9/2024 11:00,68223.9,68410.6,68185.3,68360.3,3544.516
3/9/2024 10:00,68366.6,68380.3,67996,68223.9,9365.007
3/9/2024 9:00,68366.9,68433.6,68200,68366.5,3810.741
3/9/2024 8:00,68336.3,68530.5,68336.3,68366.9,5430.028
3/9/2024 7:00,68486.4,68608.7,68321.9,68336.3,4169.455
3/9/2024 6:00,68299.7,68588.8,68202.9,68486.3,5463.999
3/9/2024 5:00,68350.6,68361,68202,68299.6,2284.157
3/9/2024 4:00,68297.2,68436.9,68179.3,68350.6,3338.091
3/9/2024 3:00,68209.6,68337,68130,68297.1,3357.108
3/9/2024 2:00,67971.8,68280.7,67920.9,68209.6,3985.711
3/9/2024 1:00,68150.9,68218.8,67908.7,67971.7,4635.875
3/9/2024 0:00,68180.2,68343.9,68061.5,68150.9,5502.616
3/8/2024 23:00,68141,68442.8,68074.1,68180.2,6937.19
3/8/2024 22:00,68220,68476.8,68038,68141.1,7326.832
3/8/2024 21:00,69116.6,69227.8,67820,68219.9,19545.467
3/8/2024 20:00,68921.9,69447,68835.2,69116.6,26117.802
3/8/2024 19:00,68624.8,68922,68167.1,68922,13986.967
3/8/2024 18:00,68402.2,68876,68129.2,68624.8,17667.067
3/8/2024 17:00,67863.8,68876.9,67713.8,68402.2,29225.187
3/8/2024 16:00,67685.8,68000,66120,67863.7,91138.661
3/8/2024 15:00,68500.7,70330.8,67219.4,67685.8,110816.905
3/8/2024 14:00,67836.9,68732,67600,68501.6,35545.749
3/8/2024 13:00,67517.1,67950,67350,67836.9,14852.778
3/8/2024 12:00,67821.5,67860,67428.8,67517.2,7173.853
3/8/2024 11:00,67396.5,67838,67335.2,67822,9314.64
3/8/2024 10:00,67202,67476.5,67168.4,67396.6,4194.269
3/8/2024 9:00,67280.4,67492.6,67100,67202,6101.75
3/8/2024 8:00,67308.5,67477.8,67093,67280.4,7754.82
3/8/2024 7:00,67634,67719.3,67272,67308.5,10744.57
3/8/2024 6:00,66961.4,67682,66891.1,67634,8821.939
3/8/2024 5:00,67135.3,67170.4,66818.1,66961.4,5255.835
3/8/2024 4:00,67220,67313.3,67051.7,67135.3,3028.074
3/8/2024 3:00,67184.9,67339.6,67054.3,67219.9,5504.792
3/8/2024 2:00,66999,67192.7,66895.4,67184.9,4947.175
3/8/2024 1:00,67130.8,67330,66871.2,66998.9,7224.932
3/8/2024 0:00,66870,67167.6,66800,67130.8,6159.953
3/7/2024 23:00,67153.3,67240,66852.1,66870,6828.931
3/7/2024 22:00,67303,67550,67030.8,67153.3,5029.363
3/7/2024 21:00,67590,67626.6,67082.4,67301.7,12198.424
3/7/2024 20:00,67559.4,67974.8,67519.5,67590,12329.282
3/7/2024 19:00,67668,67925,67273.1,67559.3,10280.689
3/7/2024 18:00,67656.4,67853.8,67464.2,67667.9,9225.86
3/7/2024 17:00,67369.1,68101.3,67283,67655.1,23842.867
3/7/2024 16:00,67317.2,67547.6,67068.5,67369.1,13442.195
3/7/2024 15:00,67090.1,67650,66804.3,67317.1,21013.619
3/7/2024 14:00,66978,67994,66588,67090,45162.467
3/7/2024 13:00,66782.7,67088.8,66653.5,66978,8192.99
3/7/2024 12:00,66975,67194.4,66637.8,66782.7,9743.517
3/7/2024 11:00,66964.5,67350,66534,66974.9,17223.154
3/7/2024 10:00,66774.7,67027.8,66698.2,66964.6,7192.714
3/7/2024 9:00,66728.7,66982.6,66583.8,66774.7,7490.314
3/7/2024 8:00,66447.8,67107.8,66404.2,66728.7,16332.228
3/7/2024 7:00,65931.6,66536.1,65831.7,66447.8,9506.904
3/7/2024 6:00,65852.8,66254.3,65723.6,65931.7,8984.471
3/7/2024 5:00,65905.5,66195.1,65702.8,65852.8,8988.633
3/7/2024 4:00,65915,66235,65715.8,65905.5,7554.802
3/7/2024 3:00,66174.1,66438.1,65891.7,65914.9,7563.483
3/7/2024 2:00,66483.9,66539,65926,66174.1,9139.367
3/7/2024 1:00,66255.6,66502,65609.3,66483.9,10811.86
3/7/2024 0:00,66128,66322.3,65750.8,66255.5,8014.654
3/6/2024 23:00,65972.6,66313.7,65750.6,66128.1,7355.23
3/6/2024 22:00,66475.1,66547.4,65930.7,65972.6,7054.52
3/6/2024 21:00,66934.1,66934.1,66323,66475.2,12011.008
3/6/2024 20:00,66803.5,67425.2,66720,66934.1,13100.065
3/6/2024 19:00,67162,67322.2,66702,66803.5,9763.221
3/6/2024 18:00,67397.2,67570,66666,67162.8,16515.274
3/6/2024 17:00,67164.2,67424.3,66700,67397.2,16854.625
3/6/2024 16:00,66541.3,67204.4,66275,67162.2,20751.648
3/6/2024 15:00,65938.3,66733.3,65330.2,66541.3,36305.712
3/6/2024 14:00,66394,67299,65902.2,65938.3,39481.504
3/6/2024 13:00,66000,66730,65379.7,66394.1,37187.905
3/6/2024 12:00,67383.9,67689.8,64615.5,65999.9,60059.886
3/6/2024 11:00,66730,67419.3,66440.8,67383.9,19523.575
3/6/2024 10:00,66192.5,66850.4,66187,66729.9,13920.175
3/6/2024 9:00,67015.8,67449.8,66117.4,66192.5,23868.717
3/6/2024 8:00,66759.3,67729.5,66641.1,67015.9,37555.738
3/6/2024 7:00,65797.6,66846.6,65528.5,66759.4,18424.89
3/6/2024 6:00,66476.4,66600,65759.6,65798,26065.136
3/6/2024 5:00,64652,66498.6,64293.2,66475.9,46635.221
3/6/2024 4:00,63323.6,64659.4,63313.3,64652.1,17012.526
3/6/2024 3:00,62851.4,63421,62833.1,63323.6,11744.74
3/6/2024 2:00,63159.9,63562.4,62829.3,62851.5,12727.541
3/6/2024 1:00,63475.5,63838.8,63132.5,63160,12768.224
3/6/2024 0:00,63747.5,64186,63420.4,63475.5,17324.732
3/5/2024 23:00,63439.3,64393.9,63272,63747.4,22466.217
3/5/2024 22:00,63301.2,63621.3,62504,63439.2,30970.372
3/5/2024 21:00,61956.7,64035.5,61940,63301.1,52838.392
3/5/2024 20:00,61497.3,63221.9,61202.3,61956.6,94452.067
3/5/2024 19:00,64075.8,64329.9,59112,61510.2,146336.141
3/5/2024 18:00,65660.7,65660.7,63751.8,64075.9,36854.94
3/5/2024 17:00,65621.9,65705.3,63500.1,65660.7,80669.413
3/5/2024 16:00,66839.8,67096.5,64536.6,65621.9,115561.79
3/5/2024 15:00,68809.6,69350,66484,66841.3,109731.76
3/5/2024 14:00,67851.9,68920.3,67313.4,68809.6,45244.754
3/5/2024 13:00,67399.1,68142,67383,67851.9,28979.074
3/5/2024 12:00,66749.1,67435.7,66669.5,67399.1,13538.137
3/5/2024 11:00,66902.1,66995.6,66555.7,66749,11365.599
3/5/2024 10:00,66518.9,67290.3,66518.9,66902.1,14277.359
3/5/2024 9:00,66962,66977.7,66149.7,66518.9,14586.824
3/5/2024 8:00,66223.8,66988.8,65600,66962.1,30806.332
3/5/2024 7:00,67368.5,67438.5,66179.6,66223.8,24176.113
3/5/2024 6:00,67062.4,67566.7,66700.1,67368.4,16437.834
3/5/2024 5:00,67447,67447,65021.1,67062.4,57927.191
3/5/2024 4:00,68203.7,68484.5,66963.5,67450.1,26276.145
3/5/2024 3:00,68225.2,68323,67616.2,68203.8,14905.459
3/5/2024 2:00,68603.4,68639.2,67800,68225.2,21665.683
3/5/2024 1:00,68114.3,68824.7,68063.9,68603.3,25565.873
3/5/2024 0:00,68296.5,68552.6,67827,68114.3,17391.663
3/4/2024 23:00,67997.5,68600,67452.5,68296.4,41999.533
3/4/2024 22:00,67452.7,68000,67301.1,67997.6,20239.005
3/4/2024 21:00,67485.9,67711.6,66813.1,67452.9,21983.543
3/4/2024 20:00,67483.2,67864,67134.2,67485.9,30132.623
3/4/2024 19:00,66688.2,67536.1,66365.5,67483.2,22209.124
3/4/2024 18:00,66936,67161,66156.1,66688.1,33195.135
3/4/2024 17:00,66618.8,67648.6,66245,66935.9,51818.964
3/4/2024 16:00,66505.4,66880,66100,66618.7,31910.7
3/4/2024 15:00,66223.7,66666.6,65880,66505.4,31381.282
3/4/2024 14:00,65173.3,66482.8,64566.3,66223.8,60318.576
3/4/2024 13:00,65199.9,65755.8,65100.7,65173.2,19642.43
3/4/2024 12:00,65313.9,65343.1,64936.7,65199.9,8611.522
3/4/2024 11:00,65153.9,65314.1,64906.7,65314,9235.257
3/4/2024 10:00,65383.8,65408.6,64785.1,65153.9,18163.516
3/4/2024 9:00,65331.3,65717.4,64700,65383.7,32062.58
3/4/2024 8:00,64120.6,65690.9,64078.2,65331.4,55699.071
3/4/2024 7:00,63745.5,64390.2,63544,64120.6,16226.998
3/4/2024 6:00,63406.1,63762.3,63375.3,63745.5,6369.616
3/4/2024 5:00,63680,63762.1,63249.1,63406.1,8096.949
3/4/2024 4:00,63524,63835.9,63420.4,63680,7247.11
3/4/2024 3:00,63744.9,63816.2,63396.6,63523.9,8431.224
3/4/2024 2:00,63589.1,63988.2,63153.4,63744.8,18604.056
3/4/2024 1:00,63544.5,63931.2,63335.4,63587.6,17712.115
3/4/2024 0:00,63178.5,64429.3,62299,63544.5,61591.215
3/3/2024 23:00,62897.9,63222.1,62760.6,63178.5,7871.087
3/3/2024 22:00,62895.5,63330.9,62750,62897.9,15296.411
3/3/2024 21:00,62828.8,62901.7,62685,62895.5,3881.777
3/3/2024 20:00,62797.1,62933.5,62639,62828.8,4699.814
3/3/2024 19:00,62873.4,62925.4,62711.1,62797.1,3693.903
3/3/2024 18:00,62635.9,62936.8,62635.8,62873.3,5352.755
3/3/2024 17:00,62901.8,63079,62523.3,62635.8,14224.469
3/3/2024 16:00,62210.8,62929.9,62141,62901.8,16087.062
3/3/2024 15:00,62145.5,62320,62140.7,62210.7,4202.174
3/3/2024 14:00,62449.9,62493.9,62145.4,62145.4,8033.474
3/3/2024 13:00,62244.2,62480.7,62000.4,62450,11984.748
3/3/2024 12:00,61900,62720,61885.6,62244.1,30607.549
3/3/2024 11:00,61724,61900,61690,61900,2867.928
3/3/2024 10:00,61782.2,61876.2,61667.5,61724,3868.59
3/3/2024 9:00,61662.3,61963,61615.9,61782.2,7381.344
3/3/2024 8:00,61641,61776.9,61452.3,61662.3,10276.474
3/3/2024 7:00,61927.4,61950,61339.5,61641,22200.09
3/3/2024 6:00,61954.8,62112.8,61811.3,61927.2,5656.078
3/3/2024 5:00,62085,62112.3,61944.8,61954.8,2781.39
3/3/2024 4:00,61997.1,62181.2,61958.3,62085,3694.249
3/3/2024 3:00,61867.8,62072.4,61841.7,61997.1,4548.702
3/3/2024 2:00,61856.8,61867.9,61700,61867.9,3558.904
3/3/2024 1:00,61799,61974.5,61794.6,61856.9,2567.485
3/3/2024 0:00,62039.9,62055.6,61791.8,61799,4976.046
3/2/2024 23:00,61724.2,62128,61724.2,62039.9,5170.19
3/2/2024 22:00,61967.4,62009.9,61720,61724.3,3323.62
3/2/2024 21:00,61929.5,62086,61882.5,61967.3,2957.624
3/2/2024 20:00,62185.3,62276.6,61810.3,61929.4,8517.082
3/2/2024 19:00,62099.9,62189.6,62012.4,62185.3,3759.905
3/2/2024 18:00,61836.6,62110.6,61816,62099.9,3881.257
3/2/2024 17:00,61932.8,62020,61814.5,61836.7,4284.563
3/2/2024 16:00,61834.5,61950,61700,61932.9,5027.722
3/2/2024 15:00,61889.9,62049.8,61791.9,61834.5,7912.215
3/2/2024 14:00,61864,61976.6,61605,61889.9,13636.994
3/2/2024 13:00,62156,62156,61863.9,61864,6133.598
3/2/2024 12:00,61900,62248.2,61894.2,62156,6678.356
3/2/2024 11:00,61989,62130,61900,61900,5242.214
3/2/2024 10:00,61914.2,62107.1,61889,61988.9,5757.214
3/2/2024 9:00,62026.8,62073.2,61711.5,61914.1,11104.5
3/2/2024 8:00,62071.9,62217.7,61850,62026.8,6670.783
3/2/2024 7:00,62019.9,62102,61870,62071.9,5574.41
3/2/2024 6:00,62072.4,62337.1,62000,62020,7734.259
3/2/2024 5:00,62100,62150,61820,62072.4,11243.684
3/2/2024 4:00,62374.4,62380,62100,62100,6230.885
3/2/2024 3:00,62180.1,62513.1,62088,62374.3,8536.398
3/2/2024 2:00,62088.9,62286,62004.6,62180,5970.797
3/2/2024 1:00,62371.1,62379.6,62004,62089,6131.424
3/2/2024 0:00,62430.6,62496,62167.3,62371.1,7803.935
3/1/2024 23:00,62534.1,62796,62388,62430.6,10554.551
3/1/2024 22:00,62565.5,62730.5,62359.9,62534,9593.061
3/1/2024 21:00,62936.9,62961,62352.6,62565.4,20170.155
3/1/2024 20:00,62270.5,63199,62270.5,62936.9,19004.91
3/1/2024 19:00,62402.7,62434.3,62030.2,62270.5,10209.859
3/1/2024 18:00,61976.9,62556.3,61889,62402.8,12467.712
3/1/2024 17:00,61490,62172.2,61490,61977,17512.156
3/1/2024 16:00,61335.4,61700.1,61312.1,61490,13982.046
3/1/2024 15:00,62009.7,62234,61200,61335.3,23655.222
3/1/2024 14:00,62510.2,62539.7,61585.1,62009.7,26584.958
3/1/2024 13:00,62291.5,62750,62249.1,62510.2,11288.357
3/1/2024 12:00,61927.7,62650.5,61918.4,62291.4,17135.303
3/1/2024 11:00,62055.1,62175.3,61875,61927.7,6504.524
3/1/2024 10:00,62200.1,62263.6,61921.3,62055,8252.525
3/1/2024 9:00,61980,62270.1,61915,62200.1,8629.996
3/1/2024 8:00,61485.9,62332,61385.5,61980,18286.108
3/1/2024 7:00,61625.8,61844.8,61435.2,61485.8,8858.644
3/1/2024 6:00,61385.9,61856.7,61275.8,61625.8,9114.014
3/1/2024 5:00,61615.2,61634.5,61364.6,61385.9,5561.544
3/1/2024 4:00,61183.4,61623.7,61135,61613.1,7004.607
3/1/2024 3:00,61063.9,61318.3,60844.8,61183.4,7256.022
3/1/2024 2:00,61294.4,61294.4,60855,61063.9,10764.179
3/1/2024 1:00,61575.3,61648.2,61190.1,61294.4,7377.663
3/1/2024 0:00,61203.3,61842.2,61199.4,61575.3,9463.711
2/29/2024 23:00,61290.4,61600,61173.1,61203.3,9263.588
2/29/2024 22:00,61435.8,61541.2,60722.4,61290.5,13826.77
2/29/2024 21:00,61974.6,62038.6,60619.7,61435.8,35811.067
2/29/2024 20:00,61681.7,62345.7,61598.7,61974.6,22901.733
2/29/2024 19:00,60921.4,61730.8,60727.6,61681.8,17125.912
2/29/2024 18:00,61082.9,61613.3,60452,60921.4,35216.906
2/29/2024 17:00,62235.5,62474.3,60600,61082.9,56936.665
2/29/2024 16:00,62809.1,62952.4,61550,62235.4,41673.503
2/29/2024 15:00,62959.1,63348.9,62612.9,62809.1,19653.998
2/29/2024 14:00,63004.1,63599.9,62800,62959,36012.656
2/29/2024 13:00,62730,63140,62050,63004.2,29631.518
2/29/2024 12:00,63019.8,63125.7,62375,62729.9,19467
2/29/2024 11:00,62792.7,63460.8,62690.8,63019.8,19074.703
2/29/2024 10:00,62772.2,62875,62151.1,62792.8,15212.021
2/29/2024 9:00,62879.1,63068.6,62334.4,62772.3,14788.349
2/29/2024 8:00,62761.6,63217.4,62380,62879.1,25627.829
2/29/2024 7:00,63053.4,63221.6,62600,62761.5,19285.559
2/29/2024 6:00,62620.9,63762.8,62549.2,63053.4,42580.585
2/29/2024 5:00,62531.9,62755.3,61853.3,62620.9,19852.816
2/29/2024 4:00,61638.6,62800,61408.3,62531.9,23215.122
2/29/2024 3:00,61831.1,61831.2,61200,61638.6,9370.417
2/29/2024 2:00,61480.6,61842,61171.9,61831.2,10496.887
2/29/2024 1:00,61455.8,61636.1,61105.2,61480.7,14705.917
2/29/2024 0:00,62487.9,62508.4,61269.6,61455.9,32982.362
2/28/2024 23:00,61317,62710,61295.8,62487.9,30341.303
2/28/2024 22:00,60611.7,61438.4,60559.1,61316.9,17826.491
2/28/2024 21:00,60469.4,60677.5,59840.5,60611.6,19655.046
2/28/2024 20:00,61032.8,61179.5,60001,60469.5,35761.498
2/28/2024 19:00,61175.6,61581.2,60674.5,61032.8,36087.847
2/28/2024 18:00,61467.8,61638.3,59314.3,61175.6,85359.917
2/28/2024 17:00,62530.2,64300,59000,61467.8,231253.139
2/28/2024 16:00,61000,62672.3,60971.1,62530.3,69526.297
2/28/2024 15:00,61025.9,61437.4,60639.3,61000,50710.94
2/28/2024 14:00,60541.9,61293,59814.8,61025.9,63516.685
2/28/2024 13:00,59411.7,61127,59360,60542,93953.254
2/28/2024 12:00,58997.4,59497.9,58940.8,59411.6,22642.024
2/28/2024 11:00,59339.5,59589,58555.2,58997.4,38839.515
2/28/2024 10:00,59357.1,59424.3,59056.2,59339.4,14483.207
2/28/2024 9:00,59503.7,59525.2,58902,59357,41150.666
2/28/2024 8:00,58299.9,59566.2,58226.9,59503.7,77453.204
2/28/2024 7:00,57223.1,58472.8,57182.5,58300,44997.15
2/28/2024 6:00,57116,57233,57083.6,57223.1,3776.799
2/28/2024 5:00,57252.2,57317,57087.1,57115.9,5341.899
2/28/2024 4:00,56963.3,57325.7,56932.2,57252.1,7700.202
2/28/2024 3:00,56970,57013.1,56880.8,56963.3,3750.418
2/28/2024 2:00,56813.3,57024.2,56730.1,56970,4972.347
2/28/2024 1:00,57059.1,57150.4,56800,56813.3,5838.96
2/28/2024 0:00,57074.5,57148,56904.4,57059,5179.634
2/27/2024 23:00,56935.3,57157,56886.8,57074.5,6962.219
2/27/2024 22:00,56755.7,57045.3,56675,56935.3,5836.004
2/27/2024 21:00,57012.4,57040.4,56625.3,56755.8,8366.567
2/27/2024 20:00,57390.7,57415.4,56716.7,57012.4,20200.287
2/27/2024 19:00,57152.7,57679.5,56956.4,57390.7,22448.762
2/27/2024 18:00,56804.1,57179.4,56700,57152.7,10539.178
2/27/2024 17:00,57084.1,57255.8,56690,56804.2,18488.694
2/27/2024 16:00,56775.1,57224.9,56231,57084.1,34073.178
2/27/2024 15:00,57017.9,57350,56610,56775,29556.697
2/27/2024 14:00,57160.9,57399.3,56668.1,57018,34550.228
2/27/2024 13:00,56842.2,57236.5,56652.2,57160.9,28697.116
2/27/2024 12:00,56581.4,57494.3,56501.9,56842.1,41684.833
2/27/2024 11:00,56563.5,56629.9,56360,56581.4,7397.602
2/27/2024 10:00,56660.5,56879.9,56406.1,56563.5,14020.133
2/27/2024 9:00,56294.2,56800,56223.1,56660.4,15401.763
2/27/2024 8:00,56100.1,56518,56075.6,56294.3,12430.781
2/27/2024 7:00,56396.2,56419,55853.3,56100,14196.036
2/27/2024 6:00,56131.1,56497,56103.5,56396.3,10200.701
2/27/2024 5:00,55823,56277.5,55728.2,56131,12351.128
2/27/2024 4:00,55773.1,56175.1,55655,55823,19447.067
2/27/2024 3:00,56428.8,56666,55587.9,55774.3,28313.635
2/27/2024 2:00,55857.3,57780,55666.8,56428.8,70769.81
2/27/2024 1:00,54599.1,55888.5,54547,55857.4,37404.419
2/27/2024 0:00,54511.7,54692.4,54495,54599.1,8138.697
2/26/2024 23:00,54705,54705.1,54475,54511.6,6852.69
2/26/2024 22:00,54683.3,54855,54490.4,54704.9,9470.308
2/26/2024 21:00,54492.9,54789.4,54351.1,54683.2,12121.046
2/26/2024 20:00,54531.2,54991.8,54321,54492.9,40423.222
2/26/2024 19:00,53624.8,54599.9,53461.8,54531.3,56739.965
2/26/2024 18:00,53550,53674,53326.8,53624.8,15910.028
2/26/2024 17:00,53438.9,53567.7,53254.2,53550,17045.139
2/26/2024 16:00,52872.2,53688.5,52777.2,53438.9,65373.978
2/26/2024 15:00,51720,52885.5,51664.4,52872.3,65644.457
2/26/2024 14:00,51264.1,51752.2,51237.9,51720,16052.357
2/26/2024 13:00,51275.5,51478.1,51237.3,51264.1,11409.274
2/26/2024 12:00,51126.3,51275.6,50990,51275.6,6876.982
2/26/2024 11:00,51208,51257.3,51073.8,51126.4,5682.684
2/26/2024 10:00,50984.4,51286.1,50969.1,51208,8525.751
2/26/2024 9:00,51287,51345.6,50922.5,50984.4,17328.557
2/26/2024 8:00,51327.5,51429.1,51282.5,51287,7110.712
2/26/2024 7:00,51563.7,51566.7,51320,51327.5,6296.415
2/26/2024 6:00,51604.6,51645,51530.1,51563.7,1913.572
2/26/2024 5:00,51572.7,51632.4,51461.3,51604.6,3158.318
2/26/2024 4:00,51596.1,51634.5,51512,51572.7,2444.966
2/26/2024 3:00,51459.3,51609.1,51431,51596.1,3201.585
2/26/2024 2:00,51507.9,51582.4,51457.7,51459.3,3852.459
2/26/2024 1:00,51722,51735.3,51500,51507.9,5772.029
2/26/2024 0:00,51764.9,51846.1,51652.5,51722,4259.737
2/25/2024 23:00,51749,51845.9,51707.5,51764.9,3274.175
2/25/2024 22:00,51802.3,51908.8,51688,51749,3728.218
2/25/2024 21:00,51777.8,51830.7,51681.3,51802.4,4127.645
2/25/2024 20:00,51707.9,52050,51707.9,51777.9,14715.223
2/25/2024 19:00,51620,51780,51545.1,51708,4870.073
2/25/2024 18:00,51599.1,51620.9,51534.3,51619.9,2523
2/25/2024 17:00,51400.5,51615.9,51382.2,51599.1,4888.419
2/25/2024 16:00,51547.9,51664.3,51300.4,51400.4,12560.89
2/25/2024 15:00,51780.3,51808.7,51465,51547.8,8586.849
2/25/2024 14:00,51646.4,51828.4,51630.1,51780.3,6025.469
2/25/2024 13:00,51688.9,51726.2,51578,51646.3,3679.358
2/25/2024 12:00,51672.3,51703.1,51615.2,51689,2523.902
2/25/2024 11:00,51608.8,51739,51583,51672.3,2442.163
2/25/2024 10:00,51671.4,51719.5,51580.8,51608.8,2927.931
2/25/2024 9:00,51633.6,51683,51550,51671.5,3564.019
2/25/2024 8:00,51756.9,51817,51610.9,51633.6,4207.376
2/25/2024 7:00,51796.5,51812.8,51709,51756.8,2873.304
2/25/2024 6:00,51699.1,51853.2,51662.6,51796.5,5424.936
2/25/2024 5:00,51640,51771.5,51619.7,51699.1,3325.637
2/25/2024 4:00,51654.1,51657.8,51530.3,51640,1974.098
2/25/2024 3:00,51633,51655.9,51484.2,51654.2,4704.524
2/25/2024 2:00,51718.8,51949.8,51580.8,51633.1,11667.553
2/25/2024 1:00,51517.6,51728.1,51465.5,51718.8,4739.448
2/25/2024 0:00,51602.1,51624.3,51473.2,51517.6,2823.05
2/24/2024 23:00,51592,51694.3,51526.7,51602.1,3123.152
2/24/2024 22:00,51590.1,51712.5,51588.8,51592,3732.062
2/24/2024 21:00,51541.2,51669.9,51488.7,51590.2,2982.872
2/24/2024 20:00,51589.9,51620,51474.4,51541.2,2676.926
2/24/2024 19:00,51473.5,51676.4,51473.5,51590,3391.137
2/24/2024 18:00,51570.7,51733.9,51435,51473.6,8823.736
2/24/2024 17:00,51244.9,51736.6,51242.6,51570.8,19913.591
2/24/2024 16:00,51124.7,51248.6,51117.1,51245,3415.499
2/24/2024 15:00,51159,51180.1,51123.2,51124.6,1815.833
2/24/2024 14:00,51166.5,51198.2,51091,51158.9,2685.714
2/24/2024 13:00,51105.4,51204.2,51079.2,51166.6,3681.064
2/24/2024 12:00,51151.8,51158.7,51053.3,51105.4,2092.269
2/24/2024 11:00,51111.9,51164.7,51061,51151.9,2180.693
2/24/2024 10:00,51104.8,51195,51089.7,51112,3032.041
2/24/2024 9:00,51015.5,51143.2,51004.7,51104.7,2661.441
2/24/2024 8:00,51099.8,51147.6,50965,51015.5,3408.417
2/24/2024 7:00,50996.7,51133.3,50962.7,51099.8,3367.425
2/24/2024 6:00,51067.8,51088.3,50969,50996.7,3888.093
2/24/2024 5:00,50987.6,51095.6,50943.9,51067.8,3584.299
2/24/2024 4:00,50878.2,51039.9,50856.1,50987.6,4564.874
2/24/2024 3:00,50833.9,50890,50708,50878.2,2988.552
2/24/2024 2:00,50614.9,50834,50611.4,50833.9,4434.542
2/24/2024 1:00,50917.2,50918.4,50614,50614.8,6160.827
2/24/2024 0:00,50771.9,50934.9,50720,50917.2,6339.398
2/23/2024 23:00,50808,50957.8,50512.7,50771.9,15206.572
2/23/2024 22:00,51006.4,51053,50762.5,50808.1,5263.889
2/23/2024 21:00,51100.7,51118.7,51005,51007,2127.693
2/23/2024 20:00,51130.9,51187.6,50968.8,51100.8,5588.96
2/23/2024 19:00,51131,51225.7,51050.5,51131,4660.109
2/23/2024 18:00,51160.7,51228.6,51020.5,51130.9,5139.05
2/23/2024 17:00,51086,51200,51000,51160.8,7717.467
2/23/2024 16:00,50938.2,51152.8,50652.9,51086.1,23062.546
2/23/2024 15:00,51157.2,51157.2,50862,50938.1,14330.886
2/23/2024 14:00,51087.9,51372.3,50804.4,51157.1,27306.759
2/23/2024 13:00,51018.1,51128.7,50946.5,51087.8,6578.59
2/23/2024 12:00,51254.1,51260,50955,51018.1,9735.798
2/23/2024 11:00,51208.5,51300,51170.6,51254.1,6282.704
2/23/2024 10:00,51046,51213.2,51000.8,51208.4,7187.386
2/23/2024 9:00,50999.9,51110,50903.7,51046.1,7362.009
2/23/2024 8:00,50952.3,51213.2,50862.3,51000,12388.082
2/23/2024 7:00,51328.8,51329.7,50900.2,50952.3,11270.743
2/23/2024 6:00,51264.1,51347.3,51239.2,51328.7,4368.335
2/23/2024 5:00,51246.7,51275.4,51138,51264.1,4239.142
2/23/2024 4:00,51129.8,51352.6,51019.9,51246.6,6814.448
2/23/2024 3:00,51124.6,51200,50989.9,51129.7,11129.129
2/23/2024 2:00,51336.8,51454.7,51060.6,51124.5,8280.639
2/23/2024 1:00,51482.4,51576.3,51332.6,51336.8,4587.896
2/23/2024 0:00,51316.9,51514.9,51289.7,51482.5,4845.73
2/22/2024 23:00,51481.6,51514.9,51256,51316.9,6850.279
2/22/2024 22:00,51685.1,51746,51203.7,51481.6,11389.79
2/22/2024 21:00,52024.8,52037.5,51574.2,51685,9199.455
2/22/2024 20:00,51546.9,52130.8,51497,52024.8,22307.987
2/22/2024 19:00,51747.3,51747.4,51480,51547,5202.155
2/22/2024 18:00,51725.7,51756.9,51521.5,51747.3,5360.776
2/22/2024 17:00,51511.5,51774.7,51478.2,51725.7,7669.865
2/22/2024 16:00,51630,51785.8,51424,51511.4,11435.696
2/22/2024 15:00,51405.1,51719.3,51318,51630,15815.626
2/22/2024 14:00,51193.3,51456,51087.8,51405,15884.105
2/22/2024 13:00,51558.8,51586.8,50967.5,51193.4,24884.128
2/22/2024 12:00,51659.1,51766,51452.3,51558.8,8675.841
2/22/2024 11:00,51722.6,51732.8,51555.7,51659.2,7286.14
2/22/2024 10:00,51978.9,51979,51611,51722.6,8918.529
2/22/2024 9:00,51913.5,52078,51722.7,51978.9,11376.111
2/22/2024 8:00,51860.6,51985.5,51701,51913.5,10570.754
2/22/2024 7:00,51799.1,51949.1,51686.7,51860.6,9199.405
2/22/2024 6:00,51558.7,51845,51558.7,51799.1,7148.493
2/22/2024 5:00,51468.4,51720,51455.5,51558.8,7030.45
2/22/2024 4:00,51612.1,51672.6,51376.7,51468.4,6136.17
2/22/2024 3:00,51451.5,51693,51403.9,51612.1,4946.158
2/22/2024 2:00,51268.5,51533,51253.1,51451.5,6143.173
2/22/2024 1:00,51568.4,51667,51176.8,51268.5,11133.78
2/22/2024 0:00,51877.9,51911.6,51526.6,51568.4,9579.781
2/21/2024 23:00,51533.1,51991.2,51514,51877.8,17095.448
2/21/2024 22:00,51412.8,51550,51236.4,51533.2,7194.037
2/21/2024 21:00,50978.4,51422,50958.9,51412.9,12106.17
2/21/2024 20:00,51081.9,51150,50884.3,50978.4,8323.539
2/21/2024 19:00,50869.9,51082,50663,51082,14088.885
2/21/2024 18:00,50956.6,51135.3,50830.8,50870.1,12419.049
2/21/2024 17:00,51371.7,51454,50908,50956.5,13819.92
2/21/2024 16:00,51183.6,51459.5,51026.4,51371.6,11709.225
2/21/2024 15:00,50969.4,51362.6,50877.4,51183.7,17438.846
2/21/2024 14:00,51218,51241.4,50754.2,50969.4,19730.334
2/21/2024 13:00,51334.9,51468,50910,51218,19836.934
2/21/2024 12:00,50988.2,51421.8,50528.4,51334.9,28211.738
2/21/2024 11:00,51296.2,51395.1,50826.2,50988.1,17875.124
2/21/2024 10:00,51115.3,51445.8,50905.3,51296.1,21785.627
2/21/2024 9:00,51701.4,51730,51020,51115.4,23293.606
2/21/2024 8:00,51599.9,51835.6,51560.7,51701.4,8683.035
2/21/2024 7:00,51780.1,51818.3,51510,51599.9,12517.847
2/21/2024 6:00,51866.2,51945.2,51700,51780.2,8958.869
2/21/2024 5:00,51985.9,52155.1,51850.9,51866.3,6835.766
2/21/2024 4:00,52042.4,52049.1,51841.1,51985.9,7503.915
2/21/2024 3:00,52102.2,52142.3,52021,52042.5,3265.495
2/21/2024 2:00,52140.3,52195,52069.1,52102.1,3223.619
2/21/2024 1:00,52205.4,52329.2,52077,52140.3,5970.414
2/21/2024 0:00,52297.3,52402.3,52162,52205.5,6239.859
2/20/2024 23:00,52194.4,52561.8,52187.6,52297.4,14691.116
2/20/2024 22:00,52052,52355,52028,52194.3,5849.079
2/20/2024 21:00,52016.5,52197.1,51918,52052.1,6928.854
2/20/2024 20:00,52131.2,52244,51980,52016.4,12997.683
2/20/2024 19:00,51535,52166.2,51454.2,52131.3,18826.322
2/20/2024 18:00,51346.5,51568.3,51260.1,51535,10812.369
2/20/2024 17:00,51428.9,51429,50788,51346.4,37442.394
2/20/2024 16:00,51712.7,51821.6,51388.6,51429,15409.471
2/20/2024 15:00,52079.3,52118.1,51367.6,51712.7,36564.341
2/20/2024 14:00,52889.9,52913,51777,52079.2,58065.786
2/20/2024 13:00,52217.4,53090.9,52176.8,52890,45485.05
2/20/2024 12:00,52325.9,52431.2,52160,52217.3,11160.912
2/20/2024 11:00,52157.2,52443.7,52157.1,52325.8,18916.937
2/20/2024 10:00,51792.7,52168.6,51792.7,52157.2,14150.596
2/20/2024 9:00,51810.5,51867.2,51584.9,51792.8,11546.451
2/20/2024 8:00,51869.2,51921.9,51610.9,51810.6,9722.138
2/20/2024 7:00,51983.9,52006,51815.6,51869.2,5369.556
2/20/2024 6:00,51941.3,52077,51932,51984,5145.397
2/20/2024 5:00,51816.2,52036.9,51782,51941.3,7524.726
2/20/2024 4:00,51608.8,51850,51533.1,51816.1,6708.214
2/20/2024 3:00,51748.4,51844,51602,51608.9,4186.925
2/20/2024 2:00,51667.1,51800,51580,51748.5,5777.321
2/20/2024 1:00,51670.3,51743.8,51330.5,51667.1,13607.401
2/20/2024 0:00,51813.7,51872.2,51503,51670.3,12024.025
2/19/2024 23:00,51971.7,52051.9,51740,51813.8,6511.554
2/19/2024 22:00,51925.6,52148.6,51889,51971.8,6793.374
2/19/2024 21:00,51832.1,51943.9,51722,51925.6,5476.362
2/19/2024 20:00,51851.6,51974,51785.6,51832,5070.72
2/19/2024 19:00,51959.2,51971.7,51808.9,51851.6,7250.423
2/19/2024 18:00,52188.4,52245.2,51942.5,51959.1,8623.615
2/19/2024 17:00,51809.1,52247.8,51718.1,52188.4,15582.407
2/19/2024 16:00,52157.5,52270,51688.8,51809.1,17886.595
2/19/2024 15:00,52126.5,52390,52052.9,52157.5,9639.155
2/19/2024 14:00,52176.1,52236.8,52051,52126.5,9217.859
2/19/2024 13:00,52308.1,52407.4,52140,52176.1,9706.526
2/19/2024 12:00,52375.9,52509.1,52260,52308.1,8681.05
2/19/2024 11:00,52380,52473.1,52316.3,52375.9,4982.775
2/19/2024 10:00,52291,52495,52189.2,52380,9260.386
2/19/2024 9:00,52121.5,52395,52121.4,52290.9,6662.961
2/19/2024 8:00,52424,52446,52088.7,52121.5,9108.186
2/19/2024 7:00,52428,52532.9,52327.4,52423.9,6785.25
2/19/2024 6:00,52168.9,52524,52168.9,52428,14674.71
2/19/2024 5:00,52139.2,52195.5,52023.4,52168.9,4260.856
2/19/2024 4:00,52104,52260,52046.6,52139.1,4545.163
2/19/2024 3:00,52187.9,52200.1,52012.8,52104,3594.495
2/19/2024 2:00,52128.9,52255.9,52126.1,52187.9,4364.462
2/19/2024 1:00,52219.9,52229.3,51933.1,52128.9,7074.774
2/19/2024 0:00,52175.9,52490,52135.9,52220,10634.32
2/18/2024 23:00,52285.4,52406.5,52010,52175.9,12566.949
2/18/2024 22:00,51894.6,52450,51856,52285.4,20616.025
2/18/2024 21:00,51818.1,51961.4,51786,51894.5,3433.564
2/18/2024 20:00,51791.6,51825.9,51616.5,51818,4423.59
2/18/2024 19:00,51825,51917.1,51732.9,51791.5,4019.225
2/18/2024 18:00,51875.3,51875.4,51679.9,51825,4552.449
2/18/2024 17:00,51873,52013.5,51814.8,51875.4,6632.216
2/18/2024 16:00,51809,51917.3,51670.1,51873,5567.7
2/18/2024 15:00,51919.2,51928,51753.3,51808.9,5479.426
2/18/2024 14:00,51657.1,51985.9,51657.1,51919.3,7905.436
2/18/2024 13:00,51592.6,51730,51569,51657,5693.248
2/18/2024 12:00,51861.1,51910.2,51563.3,51592.6,8087.729
2/18/2024 11:00,51868.5,51873.6,51700,51861.1,5867.184
2/18/2024 10:00,52007,52107.3,51807.8,51868.5,7525.162
2/18/2024 9:00,51818.2,52050.1,51816.4,52007,11089.59
2/18/2024 8:00,51703.7,51833,51677.5,51818.3,4214.529
2/18/2024 7:00,51547.7,51785.2,51475,51703.7,6466.949
2/18/2024 6:00,51688.6,51737.3,51435.1,51547.7,5203.849
2/18/2024 5:00,51597.2,51730,51573,51688.6,4127.305
2/18/2024 4:00,51518,51680,51510.6,51597.1,5268.81
2/18/2024 3:00,51306.7,51518,51291.7,51518,5300.312
2/18/2024 2:00,51561.7,51584.7,51178,51306.8,10522.105
2/18/2024 1:00,51710.3,51841.4,51505.3,51561.8,6242.621
2/18/2024 0:00,51679.5,51809,51569.8,51710.4,5830.453
2/17/2024 23:00,51743,51774.4,51619.9,51679.4,3870.138
2/17/2024 22:00,51838.1,51918,51613.6,51743,6343.291
2/17/2024 21:00,51543.3,52109,51472,51838.2,21640.165
2/17/2024 20:00,51428.2,51599,51331,51543.3,5596.573
2/17/2024 19:00,51295.2,51482.4,51258.4,51428.8,7464.02
2/17/2024 18:00,51246,51329.9,51170.2,51295.1,4613.334
2/17/2024 17:00,50980.7,51306.7,50976.1,51245.9,11048.947
2/17/2024 16:00,51013.4,51061.3,50770.8,50980.8,9690.943
2/17/2024 15:00,50881.9,51222.6,50672,51013.4,18198.214
2/17/2024 14:00,51221.1,51368.2,50647.5,50881.9,37005.7
2/17/2024 13:00,51749.8,51752.3,51119.9,51221.1,32416.436
2/17/2024 12:00,51723.7,51777,51588,51749.8,5443.481
2/17/2024 11:00,51758,51849.1,51700.8,51723.7,5583.13
2/17/2024 10:00,51705.1,51765,51521.4,51758.1,13674.519
2/17/2024 9:00,51764.3,51827.4,51670.8,51705.1,8300.197
2/17/2024 8:00,51933.9,51934,51725.2,51764.2,7699.073
2/17/2024 7:00,51950,51998.4,51926.4,51933.9,2206.091
2/17/2024 6:00,51948.4,51980,51909.3,51950,1901.462
2/17/2024 5:00,52037.6,52047.4,51811,51948.4,4616.173
2/17/2024 4:00,51993.6,52093.2,51951.3,52037.6,2432.671
2/17/2024 3:00,51960.3,51999,51916.8,51993.6,1613.72
2/17/2024 2:00,51993.4,52045.9,51900.2,51960.4,2847.884
2/17/2024 1:00,52030.5,52054.4,51870,51993.3,4231.663
2/17/2024 0:00,52148.7,52192.8,52024.8,52030.5,3904.18
2/16/2024 23:00,52004.2,52245.1,51971.7,52148.6,5858.353
2/16/2024 22:00,52002.6,52024.5,51901,52004.2,2399.627
2/16/2024 21:00,51852.8,52037,51778.5,52002.5,3592.991
2/16/2024 20:00,51780.2,51923.8,51697.3,51852.9,7152.691
2/16/2024 19:00,52002.2,52067.2,51665.4,51780.2,8026.297
2/16/2024 18:00,52047.2,52071.2,51840.6,52002.2,6077.092
2/16/2024 17:00,52066.3,52098.3,51825.6,52047.2,9358.727
2/16/2024 16:00,51909.2,52284.3,51867.2,52066.3,17072.928
2/16/2024 15:00,51952,51956,51623.2,51909.3,24553.788
2/16/2024 14:00,52494.7,52623,51792.9,51952.1,37206.777
2/16/2024 13:00,52416.8,52550.9,52160,52494.7,16542.903
2/16/2024 12:00,52241.2,52440,52125,52416.8,9422.552
2/16/2024 11:00,52329.9,52470.6,52196.2,52241.1,14596.179
2/16/2024 10:00,51871.9,52330.1,51824.2,52329.9,11715.482
2/16/2024 9:00,51883.9,52031.2,51611.7,51872,13185.127
2/16/2024 8:00,51786.4,52066.2,51750,51883.9,11240.37
2/16/2024 7:00,51929.9,52006.6,51758,51786.4,10859.086
2/16/2024 6:00,52099.4,52207.2,51870,51930,7183.804
2/16/2024 5:00,52152.9,52234.1,52039.7,52099.5,5714.175
2/16/2024 4:00,52309.8,52372.6,52150,52152.9,6224.227
2/16/2024 3:00,52193.5,52376.1,52120,52309.9,10830.663
2/16/2024 2:00,51972.5,52247.4,51872,52193.5,6895.531
2/16/2024 1:00,51936,52232,51889.8,51972.5,8297.901
2/16/2024 0:00,51898.4,52048.5,51824.5,51935.9,5812.522
2/15/2024 23:00,51668.7,51998.7,51644.4,51898.5,7962.776
2/15/2024 22:00,51349.1,51865,51338.4,51668.8,10853.557
2/15/2024 21:00,51703.6,51826.8,51334.9,51349.1,16730.11
2/15/2024 20:00,52022.1,52035.3,51570.1,51703.6,14650.64
2/15/2024 19:00,52003.8,52079.3,51658,52022,14482.271
2/15/2024 18:00,51909.6,52092.3,51856.4,52003.9,8736.225
2/15/2024 17:00,52295.2,52349.3,51880,51909.5,13579.57
2/15/2024 16:00,51968.6,52419.1,51764.1,52295.3,25824.223
2/15/2024 15:00,52644.4,52688,51750,51968.7,47684.391
2/15/2024 14:00,52247,52859,52100.1,52644.5,39493.212
2/15/2024 13:00,52357.3,52385.1,52105,52247,12607.836
2/15/2024 12:00,52359,52536,52101,52357.3,17211.452
2/15/2024 11:00,52313.1,52549.5,52178.2,52359.1,14502.333
2/15/2024 10:00,52199.2,52388,52126.4,52313.1,10737.814
2/15/2024 9:00,51960,52313.4,51910,52199.2,12452.566
2/15/2024 8:00,51802.5,52022.4,51666,51960.1,9233.528
2/15/2024 7:00,52003.7,52140,51651,51802.4,14048.524
2/15/2024 6:00,51982.9,52125.6,51860.9,52003.6,8080.807
2/15/2024 5:00,52180,52275.1,51836.4,51982.9,9870.094
2/15/2024 4:00,52379.9,52400.1,52150,52180,8229.44
2/15/2024 3:00,52084.9,52434.3,52063.8,52379.9,9063.798
2/15/2024 2:00,51928.2,52261,51890,52084.9,12034.513
2/15/2024 1:00,52355.2,52385.9,51732.6,51928.1,21280.347
2/15/2024 0:00,51823.1,52568.3,51785.9,52355.2,33374.576
2/14/2024 23:00,51816.1,51924.7,51749.1,51823.2,6409.484
2/14/2024 22:00,51751.3,51844,51628.6,51816.1,3846.544
2/14/2024 21:00,51708.3,51814.3,51483,51751.2,7262.842
2/14/2024 20:00,51707.5,51898.1,51652.4,51708.3,11744.303
2/14/2024 19:00,51471.8,51712,51220,51707.5,13139.331
2/14/2024 18:00,51684.5,51710.6,51403,51471.7,8761.044
2/14/2024 17:00,51603.6,51759.5,51499.8,51684.5,8127.469
2/14/2024 16:00,51616.5,51777,51217.7,51603.7,25985.082
2/14/2024 15:00,51939.9,52034.5,51302,51616.4,40324.308
2/14/2024 14:00,51820,52100,51586,51939.9,34380.162
2/14/2024 13:00,51611.1,51856.1,51541,51820.1,13080.134
2/14/2024 12:00,51601.1,51888,51454.9,51611,25431.304
2/14/2024 11:00,51330.6,51829.1,51026.5,51601.2,27224.335
2/14/2024 10:00,51568.3,51608,51249.8,51330.6,20001.134
2/14/2024 9:00,50801.6,51761.7,50632.6,51568.3,67345.636
2/14/2024 8:00,49844.9,50880,49742.4,50801.7,32233.651
2/14/2024 7:00,49642.6,49900,49629.5,49845,11634.649
2/14/2024 6:00,49551.1,49666,49516.1,49642.7,3630.907
2/14/2024 5:00,49396.6,49648.7,49396.5,49551.1,5742.584
2/14/2024 4:00,49524.5,49598.7,49215.7,49396.6,8053.776
2/14/2024 3:00,49495.5,49629.4,49472.4,49524.4,4192.502
2/14/2024 2:00,49436.1,49568.8,49379.6,49495.5,3445.425
2/14/2024 1:00,49486.2,49529.2,49320.9,49436,5153.867
2/14/2024 0:00,49696.4,49717.3,49376,49486.2,8041.318
2/13/2024 23:00,49518.5,49783.5,49355.2,49696.4,7574.091
2/13/2024 22:00,49531.9,49634,49318.9,49518.5,5976.071
2/13/2024 21:00,49395.4,49750,49339,49531.9,12631.295
2/13/2024 20:00,49045,49520.1,49016.2,49395.4,14167.851
2/13/2024 19:00,49117.1,49263.6,48919.3,49044.9,9469.067
2/13/2024 18:00,48854.2,49279.3,48835,49117.1,17632.704
2/13/2024 17:00,48498.2,48906,48301,48854.2,23437.314
2/13/2024 16:00,48753.2,48878.8,48475.7,48497.6,17607.38
2/13/2024 15:00,48711.2,49042.4,48450,48753.1,34445.801
2/13/2024 14:00,49543.1,49670,48356,48711.2,77368.522
2/13/2024 13:00,49877.7,49949.8,49192.5,49543.2,43457.753
2/13/2024 12:00,50003.9,50009.3,49803,49877.8,7287.357
2/13/2024 11:00,49877.4,50038,49651,50004,18576.337
2/13/2024 10:00,50237.6,50264.7,49853,49877.4,12489.129
2/13/2024 9:00,50151.6,50290,50042.3,50237.7,9625.29
2/13/2024 8:00,50019.8,50199.1,49990,50151.6,6726.962
2/13/2024 7:00,50027.7,50143.6,49912.3,50019.9,7067.632
2/13/2024 6:00,50072.3,50127,49979,50027.8,5347.126
2/13/2024 5:00,49922.5,50079.4,49833.6,50072.3,5857.216
2/13/2024 4:00,49813.9,49998,49810,49922.5,5027.72
2/13/2024 3:00,49969.2,49984.3,49754.4,49813.8,8384.175
2/13/2024 2:00,50161.7,50180.3,49850.2,49969.3,9067.616
2/13/2024 1:00,50125,50428.8,50000.7,50161.8,14399.7
2/13/2024 0:00,49943.6,50191.3,49919,50125,8723.976
2/12/2024 23:00,50040,50071.7,49881,49943.6,6873.34
2/12/2024 22:00,49835.4,50097.8,49833.5,50040,6568.818
2/12/2024 21:00,50177.5,50293.9,49817.8,49835.3,15603.326
2/12/2024 20:00,49545.9,50265.2,49545.8,50177.6,18380.809
2/12/2024 19:00,49753.6,49963.3,49501.2,49545.9,15269.953
2/12/2024 18:00,49868.1,50018.6,49672.1,49753.5,15437.399
2/12/2024 17:00,49594.4,50413.2,49558.9,49868.1,60359.796
2/12/2024 16:00,49925.5,49966,49411.6,49594.5,44833.006
2/12/2024 15:00,48813.9,49965.3,48680,49925.4,99334.753
2/12/2024 14:00,47948.9,48822.8,47924.9,48815,32243.942
2/12/2024 13:00,48037.9,48055,47892.9,47948.8,4655.991
2/12/2024 12:00,47905.9,48044,47841.6,48038,5601.25
2/12/2024 11:00,47869.1,47929.8,47750.1,47906,7239.045
2/12/2024 10:00,47886.8,48078,47711,47869.1,12945.66
2/12/2024 9:00,48113.9,48131.1,47823.8,47887,10269.736
2/12/2024 8:00,48213,48323.1,48079.7,48113.9,7509.535
2/12/2024 7:00,48147.2,48389.6,48120,48213,12168.119
2/12/2024 6:00,48063.7,48178,47702,48147.2,14628.179
2/12/2024 5:00,48068,48185,48054.8,48063.7,3711.59
2/12/2024 4:00,48138.7,48138.7,48012,48068,4522.526
2/12/2024 3:00,48145.5,48227.5,48057.6,48138.6,5343.677
2/12/2024 2:00,48479.7,48542.4,48001,48145.5,12493.652
2/12/2024 1:00,48612.9,48616,48330.9,48479.7,10010.592
2/12/2024 0:00,48303.4,48846,48226.9,48612.9,24890.508
2/11/2024 23:00,48139.9,48320,48010.6,48303.4,6310.029
2/11/2024 22:00,48118.3,48234.2,48082.1,48140,4352.65
2/11/2024 21:00,48020.2,48136.1,47961,48118.3,5643.28
2/11/2024 20:00,48282.3,48379.9,47967.8,48020.2,9617.459
2/11/2024 19:00,48272.7,48401.1,48233.5,48282.4,4634.724
2/11/2024 18:00,48289.1,48356.7,48004,48272.6,8986.291
2/11/2024 17:00,48099.6,48399.8,48099.5,48289.2,9081.35
2/11/2024 16:00,48140.7,48203.4,47938,48099.6,8260.793
2/11/2024 15:00,48226.9,48230.9,48022.5,48140.8,5419.248
2/11/2024 14:00,48053.2,48240,47914.1,48226.9,10639.66
2/11/2024 13:00,48277.6,48346.4,48006.6,48053.3,12027.65
2/11/2024 12:00,48403.7,48469.3,48234.2,48277.5,9527.452
2/11/2024 11:00,48143.9,48439.5,48131,48403.7,11126.682
2/11/2024 10:00,48135.1,48186,47912.1,48144,8492.127
2/11/2024 9:00,48128.5,48222.2,48088.7,48135.1,4051.119
2/11/2024 8:00,48169.5,48275.2,48060.8,48128.5,5809.349
2/11/2024 7:00,48215.6,48349.4,48048.2,48169.6,9085.31
2/11/2024 6:00,48217.3,48300,48113.6,48215.5,6460.637
2/11/2024 5:00,48288.8,48337.3,48105.1,48217.2,8051.801
2/11/2024 4:00,48517.6,48600,48252.6,48288.8,13366.11
2/11/2024 3:00,47761.1,48571.4,47761.1,48517.1,32820.418
2/11/2024 2:00,47620,47771.9,47620,47761.2,4102.705
2/11/2024 1:00,47721.5,47753.8,47539.4,47620,6161.941
2/11/2024 0:00,47732.6,47767.9,47595.6,47721.6,5922.841
2/10/2024 23:00,47818.8,47936.4,47686.6,47732.6,6444.084
2/10/2024 22:00,47934.1,47945.7,47579.4,47818.9,10420.533
2/10/2024 21:00,47864.5,48147.3,47762.1,47934.2,14446.252
2/10/2024 20:00,47511.3,48189.6,47436.9,47864.5,24208.754
2/10/2024 19:00,47320,47650,47286.3,47511.2,13896.644
2/10/2024 18:00,47180.8,47329.2,47167.5,47320,3712.926
2/10/2024 17:00,47239.4,47330.7,47139,47180.8,4554.723
2/10/2024 16:00,47331.9,47335,47173.3,47239.4,3878.914
2/10/2024 15:00,47252.8,47346,47231.4,47332,3553.839
2/10/2024 14:00,47286,47364,47222.6,47252.7,4225.971
2/10/2024 13:00,47209.1,47377,47083.8,47286,9615.977
2/10/2024 12:00,47172.7,47252.4,47130,47209.1,6865.396
2/10/2024 11:00,46872.6,47190.2,46836.4,47172.8,10328.033
2/10/2024 10:00,47052.1,47159.3,46840.6,46872.6,12479.645
2/10/2024 9:00,47074.7,47216.5,47035.1,47052.1,6118.479
2/10/2024 8:00,47130.6,47258.3,47051,47074.7,5679.019
2/10/2024 7:00,47337.1,47341,47125,47130.5,4331.392
2/10/2024 6:00,47313.7,47337.2,47242.6,47337.2,2934.053
2/10/2024 5:00,47390.6,47410.9,47240.4,47313.6,3385.253
2/10/2024 4:00,47366.9,47418.3,47288.9,47390.7,3630.407
2/10/2024 3:00,47292.6,47489.9,47292.6,47366.9,6329.288
2/10/2024 2:00,47280.1,47331.1,47251.2,47292.6,3059.153
2/10/2024 1:00,47073.6,47348,47041.8,47280,8497.763
2/10/2024 0:00,47116.1,47239,47025.6,47073.6,7030.106
2/9/2024 23:00,47255.3,47270.9,47040.6,47116.1,6669.208
2/9/2024 22:00,47482.1,47538,47020.1,47255.3,8581.106
2/9/2024 21:00,47487.5,47577.8,47271.2,47482.1,9223.025
2/9/2024 20:00,47486.3,47671.7,47433.2,47487.3,12889.841
2/9/2024 19:00,47583.1,47646.8,47238.9,47486.2,19966.78
2/9/2024 18:00,47624,48230.3,47461.5,47583,52426.632
2/9/2024 17:00,47254.5,47638.9,47193.9,47624,18865.519
2/9/2024 16:00,47137,47495.1,47110.3,47254.4,19053.334
2/9/2024 15:00,47046.6,47269.1,46724.6,47136.9,29491.257
2/9/2024 14:00,47446,47699.5,46638.6,47046.6,63256.43
2/9/2024 13:00,47309.5,47633,47224,47446,19003.642
2/9/2024 12:00,47155.9,47688.3,47104.2,47309.4,50415.817
2/9/2024 11:00,46758.3,47290,46650.1,47155.9,40553.023
2/9/2024 10:00,46497.8,46796.8,46493.3,46760,11295.983
2/9/2024 9:00,46632.2,46745.4,46465.8,46497.7,19249.621
2/9/2024 8:00,46185.1,46677.3,46183.4,46632.2,21644.272
2/9/2024 7:00,46180.2,46424.4,46166,46185.1,14180.673
2/9/2024 6:00,46244.9,46249.7,46112.8,46180.1,7340.848
2/9/2024 5:00,45942.4,46265,45914.9,46244.9,10350.429
2/9/2024 4:00,46046.5,46138.8,45830.1,45942.3,12475.55
2/9/2024 3:00,46272.8,46444,46014.8,46046.5,19259.269
2/9/2024 2:00,45473.9,46399.4,45412.8,46272.9,42377.435
2/9/2024 1:00,45264.9,45497,45251.3,45473.9,5553.778
2/9/2024 0:00,45269.2,45380,45218.1,45264.9,5795.947
2/8/2024 23:00,45256.5,45386.8,45235.5,45269.1,5079.478
2/8/2024 22:00,45298.2,45385.7,45200,45256.5,4514.651
2/8/2024 21:00,45471.8,45486,45250,45298.3,7222.504
2/8/2024 20:00,45260.2,45600,45241.9,45471.9,19032.18
2/8/2024 19:00,45283.5,45428,45207.4,45260.1,9053.954
2/8/2024 18:00,45027.4,45300,44970,45283.4,7937.559
2/8/2024 17:00,45045,45229,44878,45027.3,15517.234
2/8/2024 16:00,45406.4,45488,44887.4,45045,24040.657
2/8/2024 15:00,45058.7,45450,44920.1,45406.3,32406.832
2/8/2024 14:00,44971.7,45240,44849,45058.7,37082.297
2/8/2024 13:00,44676.9,44998.8,44664.2,44971.7,14614.086
2/8/2024 12:00,44677.9,44826.3,44580.4,44676.9,7848.457
2/8/2024 11:00,44805.8,44884.3,44660.6,44677.9,10042.883
2/8/2024 10:00,44666.4,44850,44659.6,44805.9,13685.663
2/8/2024 9:00,44695.6,44771.4,44588,44666.5,7506.771
2/8/2024 8:00,44500.8,44729.4,44496.5,44695.5,8793.67
2/8/2024 7:00,44450,44534.4,44405,44500.8,4219.388
2/8/2024 6:00,44537.4,44561.1,44423.6,44449.9,4353.984
2/8/2024 5:00,44471.4,44618.8,44470,44537.3,4913.756
2/8/2024 4:00,44523.5,44591.1,44458.3,44471.3,4862.012
2/8/2024 3:00,44628.6,44707.7,44511,44523.6,7664.814
2/8/2024 2:00,44628.7,44795.1,44511.6,44628.5,10687.326
2/8/2024 1:00,44656.7,44678.8,44450,44628.6,10033.486
2/8/2024 0:00,44326.3,44750,44306.8,44656.7,28624.646
2/7/2024 23:00,44145.7,44348,44135.4,44326.2,6867.042
2/7/2024 22:00,44174.8,44334.5,44112.4,44145.6,8217.009
2/7/2024 21:00,44113.4,44388,44100,44174.7,20926.18
2/7/2024 20:00,43596.2,44255,43596.1,44113.4,41298.641
2/7/2024 19:00,43639,43691.8,43414.6,43596.1,8931.249
2/7/2024 18:00,43488.6,43665.6,43444,43639,11655.16
2/7/2024 17:00,43225,43708.2,43208.8,43488.6,36071.73
2/7/2024 16:00,43057.7,43235.7,42992.2,43224.9,9292.49
2/7/2024 15:00,43011.2,43180.9,42900,43057.8,10914.662
2/7/2024 14:00,43121.4,43314.9,42910,43011.1,20568.127
2/7/2024 13:00,43056.5,43163,43017.9,43121.4,6930.04
2/7/2024 12:00,42917.3,43080,42864.8,43056.5,6038.35
2/7/2024 11:00,42882.6,42971.9,42850,42917.4,5421.338
2/7/2024 10:00,43128.9,43138.2,42813.6,42882.5,9523.617
2/7/2024 9:00,42929.9,43191.2,42880.9,43128.9,8726.153
2/7/2024 8:00,42904.9,42958.4,42852.9,42929.9,2816.99
2/7/2024 7:00,42949.7,42988.9,42879.4,42904.8,2503.965
2/7/2024 6:00,43009.8,43014.9,42870,42949.8,3819.938
2/7/2024 5:00,42906.6,43035.7,42860.7,43009.9,4965.91
2/7/2024 4:00,42783.1,42931,42775,42906.5,5981.235
2/7/2024 3:00,43029.4,43032.1,42763.4,42783,10366.902
2/7/2024 2:00,43028.2,43087.1,42973.8,43029.3,3146.063
2/7/2024 1:00,43078.8,43173.7,43021.2,43028.2,3339.213
2/7/2024 0:00,43079.1,43179.6,43030,43078.9,3735.704
2/6/2024 23:00,43188.7,43209.9,43000.2,43079.1,5778.03
2/6/2024 22:00,43149.1,43206.8,43100.8,43188.7,2646.286
2/6/2024 21:00,43075.7,43259,43042,43149,5006.435
2/6/2024 20:00,43261.7,43312.3,43055,43075.7,6390.604
2/6/2024 19:00,43181.5,43289.2,43101,43261.7,5568.185
2/6/2024 18:00,43164,43241.9,42980.8,43181.6,8144.962
2/6/2024 17:00,43144.2,43259.5,43085.6,43163.9,6701.016
2/6/2024 16:00,43232,43378.8,43135,43144.2,18684.959
2/6/2024 15:00,42924.1,43266.4,42887,43232,18609.89
2/6/2024 14:00,42862.6,43077.8,42795,42924.1,9904.967
2/6/2024 13:00,42777,42999.8,42716.6,42862.5,10379.238
2/6/2024 12:00,42814.3,42890.3,42631,42777,10963.951
2/6/2024 11:00,42783.6,42843.6,42683,42814.3,7303.755
2/6/2024 10:00,42980.1,43096.7,42650.7,42784.2,15648.151
2/6/2024 9:00,43058.5,43110,42931.2,42980.2,7151.022
2/6/2024 8:00,42870,43080,42866,43058.5,13982.483
2/6/2024 7:00,42763.7,42898.3,42728.6,42870,5348.165
2/6/2024 6:00,42764.2,42782.2,42634.1,42763.7,4908.337
2/6/2024 5:00,42809,42828.5,42731,42764.2,4047.454
2/6/2024 4:00,42829.9,42911,42760.2,42809.1,4495.133
2/6/2024 3:00,42829.3,42941.1,42748.6,42829.8,5467.935
2/6/2024 2:00,42650.5,42927.7,42628.2,42829.2,8840.572
2/6/2024 1:00,42592.4,42767.3,42559.8,42650.5,5278.189
2/6/2024 0:00,42692.9,42720,42577,42592.4,4907.924
2/5/2024 23:00,42481,42713,42441.2,42692.9,6554.339
2/5/2024 22:00,42368.5,42517.1,42311.2,42480.9,4846.724
2/5/2024 21:00,42419.5,42546.2,42350,42368.5,7268.391
2/5/2024 20:00,42757.4,42789.1,42313.3,42419.6,16721.772
2/5/2024 19:00,42724.4,42873.2,42694.4,42757.4,5919.95
2/5/2024 18:00,42714.8,42733.9,42550,42724.4,6652.575
2/5/2024 17:00,42727.5,42829.6,42645.1,42714.9,7471.975
2/5/2024 16:00,42629.7,42768.6,42470.2,42727.5,20017.966
2/5/2024 15:00,43184.4,43184.5,42580,42629.7,33834.851
2/5/2024 14:00,43434.6,43486.2,43131,43184.4,12271.792
2/5/2024 13:00,43240.1,43580,43200.9,43434.7,20862.946
2/5/2024 12:00,43180.8,43287.8,43104,43240.2,5828.577
2/5/2024 11:00,43129.9,43194.7,43066,43180.8,4370.606
2/5/2024 10:00,43028.4,43264.2,43028.4,43129.9,11777.045
2/5/2024 9:00,43023.5,43055.5,42936,43028.4,4555.023
2/5/2024 8:00,43058.9,43187.6,42970.9,43023.5,9799.343
2/5/2024 7:00,42807.8,43168.4,42775.3,43059,17085.231
2/5/2024 6:00,42767.7,42836,42682.9,42807.7,5197.285
2/5/2024 5:00,42740,42767.8,42622.8,42767.8,5029.491
2/5/2024 4:00,42707.9,42826,42650.1,42740.1,6913.181
2/5/2024 3:00,42436,42722,42429.3,42708,6159.92
2/5/2024 2:00,42513.7,42513.7,42361.2,42436,4431.626
2/5/2024 1:00,42339.3,42539.5,42235.1,42513.6,8578.346
2/5/2024 0:00,42570.3,42615,42333.4,42339.2,8506.594
2/4/2024 23:00,42554.1,42641.8,42490,42570.3,4841.14
2/4/2024 22:00,42762,42869.4,42176.7,42554.2,16324.556
2/4/2024 21:00,42868.8,42977.2,42752.8,42762,5439.046
2/4/2024 20:00,42623.9,42936,42512,42868.7,12186.957
2/4/2024 19:00,42777.8,42807.7,42550,42623.9,12149.066
2/4/2024 18:00,42884.3,42936,42736.3,42777.8,5846.848
2/4/2024 17:00,42903.9,42960,42823.2,42884.3,3157.494
2/4/2024 16:00,42926.7,42932.6,42861.2,42903.9,2140.746
2/4/2024 15:00,42855.3,42943,42820.1,42926.7,4438.244
2/4/2024 14:00,42977.2,43003.4,42823.3,42855.3,5670.246
2/4/2024 13:00,42974.3,43019,42940.8,42977.2,3023.791
2/4/2024 12:00,43041.6,43104.9,42974.3,42974.3,5350.271
2/4/2024 11:00,42927.2,43112.1,42910.9,43041.6,6877.041
2/4/2024 10:00,42920.7,42930,42852.9,42927.1,2619.945
2/4/2024 9:00,42781.6,42973,42721.8,42920.8,6871.415
2/4/2024 8:00,42822.8,42829.7,42756.9,42781.6,2477.524
2/4/2024 7:00,42729.6,42847,42702.4,42822.9,3831.653
2/4/2024 6:00,42875,42917,42720.3,42729.7,6562.372
2/4/2024 5:00,42902,42936,42829.8,42875,4188.364
2/4/2024 4:00,43015.7,43018.7,42876.8,42902,3587.715
2/4/2024 3:00,43001.2,43030.9,43001.2,43015.7,1060.292
2/4/2024 2:00,43026.7,43055,42997.5,43001.3,1609.143
2/4/2024 1:00,42996.9,43033,42925,43026.8,2424.11
2/4/2024 0:00,42992.4,43008.4,42871.5,42997,4743.569
2/3/2024 23:00,43016.5,43060.2,42925.9,42992.4,4420.832
2/3/2024 22:00,43029.9,43066,42990.6,43016.5,1423.367
2/3/2024 21:00,43047.5,43078.9,43005.3,43030,1145.634
2/3/2024 20:00,43046.8,43088,42980.1,43047.4,2341.733
2/3/2024 19:00,43055.1,43073,43000,43046.8,2974.891
2/3/2024 18:00,43215.9,43232,43012.5,43055.1,6927.917
2/3/2024 17:00,43074.3,43264.3,43072.1,43215.9,6304.869
2/3/2024 16:00,43097.5,43175,43053.6,43074.4,3964.371
2/3/2024 15:00,43022.1,43181.3,42858.3,43097.4,11289.719
2/3/2024 14:00,43050.2,43064.9,43003.4,43022.1,2034.404
2/3/2024 13:00,43050.9,43080.9,43021.7,43050.1,1772.465
2/3/2024 12:00,42977.9,43074.7,42952,43050.8,3521.923
2/3/2024 11:00,43052.7,43052.8,42950.6,42978,4216.959
2/3/2024 10:00,43077.2,43107.8,43017.3,43052.7,2539.202
2/3/2024 9:00,43004.2,43110.3,42997,43077.2,3081.806
2/3/2024 8:00,43037.1,43077.5,42978.1,43004.2,3419.8
2/3/2024 7:00,43080.2,43120,43017,43037.1,2603.172
2/3/2024 6:00,43154.5,43154.5,43060.4,43080.2,2304.114
2/3/2024 5:00,43172.3,43195.5,43070.5,43154.4,3705.702
2/3/2024 4:00,43155.3,43207,43133.8,43172.3,1772.227
2/3/2024 3:00,43175,43222,43119.2,43155.3,2806.618
2/3/2024 2:00,43200.4,43218,43135.1,43175,2756.311
2/3/2024 1:00,43213.9,43308.9,43169.9,43200.5,3987.132
2/3/2024 0:00,43182,43372.2,43128.1,43213.4,8420.052
2/2/2024 23:00,43182.5,43220.5,43113.6,43182,3274.224
2/2/2024 22:00,42976.3,43221,42976.3,43182.4,4973.904
2/2/2024 21:00,42933.3,43050,42930.8,42976.3,2203.623
2/2/2024 20:00,43044.2,43070,42877,42933.2,5170.915
2/2/2024 19:00,42910.9,43063.9,42903,43044.1,6223.731
2/2/2024 18:00,42938,42970,42756.1,42910.9,9361.902
2/2/2024 17:00,43193.5,43277,42874,42937,12233.425
2/2/2024 16:00,43222.9,43480,43073.2,43193.5,22971.825
2/2/2024 15:00,42787.8,43250,42734.3,43222.9,22688.379
2/2/2024 14:00,42671.1,42892.5,42582.9,42787.9,13845.438
2/2/2024 13:00,43114.3,43129,42512.7,42671,27650.405
2/2/2024 12:00,43136.9,43228.9,43040,43114.4,7866.066
2/2/2024 11:00,43109.1,43191,43040,43136.8,4585.04
2/2/2024 10:00,42972.1,43131.7,42923.1,43109,5134.974
2/2/2024 9:00,43003.7,43068.4,42944,42972.1,4107.55
2/2/2024 8:00,43076,43098.8,42934.4,43003.7,6323.875
2/2/2024 7:00,43149.4,43240.2,43076,43076,6495.937
2/2/2024 6:00,43091.2,43262.9,43070.8,43149.4,6313.099
2/2/2024 5:00,42950.7,43129,42930,43091.2,4249.242
2/2/2024 4:00,43018,43049.3,42926.4,42950.7,3788.776
2/2/2024 3:00,43064.8,43098.4,43005.6,43018.1,2316.659
2/2/2024 2:00,43106.4,43182.2,43008.4,43064.8,5433.292
2/2/2024 1:00,43156.1,43282,43080,43106.4,5735.999
2/2/2024 0:00,43072.6,43430,43026.2,43156.1,12819.294
2/1/2024 23:00,42915.3,43072.6,42870.3,43072.6,4706.743
2/1/2024 22:00,43080.1,43099.1,42856.1,42915.2,4526.68
2/1/2024 21:00,42991,43214.8,42948.9,43080,7740.913
2/1/2024 20:00,43206.3,43278.4,42875,42991,11016.063
2/1/2024 19:00,42830.1,43288,42810,43206.3,14081.46
2/1/2024 18:00,42909.3,43040,42750.5,42830.1,12133.652
2/1/2024 17:00,42641.9,43158,42615,42909.3,25848.15
2/1/2024 16:00,42500,42686.6,42350,42641.9,18586.418
2/1/2024 15:00,42635.4,42936.6,42500,42500.1,29748.079
2/1/2024 14:00,42206.1,42646.8,42169.8,42635.3,21322.171
2/1/2024 13:00,42133.9,42281.7,41964,42206,10779.531
2/1/2024 12:00,42075.8,42229.9,41926.3,42134,13236.016
2/1/2024 11:00,42214.1,42292.8,42028.8,42075.9,7527.09
2/1/2024 10:00,42141,42323.6,42100,42214.1,6801.445
2/1/2024 9:00,42236,42259.7,42110.7,42141,4467.999
2/1/2024 8:00,42182.3,42246.7,42112.1,42236,4634.536
2/1/2024 7:00,42185.8,42292.1,42110,42182.2,5691.461
2/1/2024 6:00,42148,42226,42112,42185.8,6406.136
2/1/2024 5:00,42063.5,42198,42013.4,42148.1,5708.37
2/1/2024 4:00,41998,42133.8,41877,42063.6,7666.001
2/1/2024 3:00,42146.5,42177.4,41947,41998,6557.943
2/1/2024 2:00,41969.9,42171,41940,42146.6,8880.423
2/1/2024 1:00,42460.1,42467.5,41866.8,41969.9,23806.144
2/1/2024 0:00,42560.5,42674.9,42201.6,42460.2,12447.683
1/31/2024 23:00,42634.7,42677.1,42539.5,42560.5,6511.237
1/31/2024 22:00,42472.8,42670.5,42361.2,42634.8,8078.415
1/31/2024 21:00,42534,42697.2,42257.6,42472.8,20905.487
1/31/2024 20:00,43316.3,43348.9,42504.5,42534,34941.99
1/31/2024 19:00,43500,43545.3,43022.3,43316.4,28566.152
1/31/2024 18:00,43705.1,43744.1,43460.1,43500,10017.146
1/31/2024 17:00,43459.8,43748.6,43405.1,43705,14994.48
1/31/2024 16:00,43341.9,43599.9,43277.3,43459.7,17887.287
1/31/2024 15:00,42864.1,43460,42670.9,43341.8,35372.969
1/31/2024 14:00,42787.9,42984,42548,42864,16777.808
1/31/2024 13:00,42615.5,42923.7,42503.3,42788,15673.578
1/31/2024 12:00,42630.2,42714.8,42531.3,42615.6,7476.864
1/31/2024 11:00,42376,42674.6,42341,42630.2,10773.903
1/31/2024 10:00,42638.2,42785,42357,42375.9,18963.295
1/31/2024 9:00,42964.5,42964.5,42600,42638.2,12741.292
1/31/2024 8:00,43031.5,43077,42921.1,42964.5,4010.956
1/31/2024 7:00,42958.3,43075.7,42925.8,43031.6,4009.979
1/31/2024 6:00,42965,43050,42888.7,42958.2,4320.228
1/31/2024 5:00,42951.5,43035,42907.1,42964.9,4309.243
1/31/2024 4:00,42918.1,42987.1,42854.7,42951.5,3402.117
1/31/2024 3:00,42865.6,42982.4,42843.9,42918,4462.081
1/31/2024 2:00,42770.9,42894.6,42634.3,42865.6,7690.874
1/31/2024 1:00,42912.9,42987.3,42705,42770.9,7612.67
1/31/2024 0:00,42918.3,43090,42829.6,42913,13569.059
1/30/2024 23:00,43306,43334.7,42665.6,42918.3,25545.892
1/30/2024 22:00,43528.5,43555.5,43306,43306,4366.661
1/30/2024 21:00,43541.2,43675.6,43464.5,43528.5,5589.174
1/30/2024 20:00,43525.1,43750,43456.2,43541.2,13895.346
1/30/2024 19:00,43355,43559.1,43321.6,43525.1,5366.629
1/30/2024 18:00,43378.5,43478.2,43260,43355.1,7955.455
1/30/2024 17:00,43488.8,43584.1,43280.6,43378.4,8807.098
1/30/2024 16:00,43355.4,43500,43197.7,43488.8,12015.005
1/30/2024 15:00,43455,43625.2,43268,43355.5,16844.654
1/30/2024 14:00,43271.7,43484,43092,43455,14371.882
1/30/2024 13:00,43383.3,43472,43130.5,43271.8,16741.52
1/30/2024 12:00,43513.3,43888,43237.2,43383.2,32284.348
1/30/2024 11:00,43464.1,43548,43393.1,43513.4,6450.136
1/30/2024 10:00,43312,43497.4,43277.7,43464.1,6112.539
1/30/2024 9:00,43411.7,43444,43300.1,43312.1,3781.019
1/30/2024 8:00,43346.7,43449.2,43200.4,43411.6,7367.701
1/30/2024 7:00,43328,43430.4,43301.4,43346.6,4892.318
1/30/2024 6:00,43351.4,43408,43238,43328,5781.962
1/30/2024 5:00,43407.8,43452.5,43323.3,43351.5,5149.715
1/30/2024 4:00,43502.8,43554.1,43392.7,43407.8,5378.785
1/30/2024 3:00,43598.3,43673.6,43443.1,43502.9,8154.254
1/30/2024 2:00,43422,43798.2,43422,43598.3,15325.451
1/30/2024 1:00,43145.9,43573.8,43132.2,43422.1,18584.648
1/30/2024 0:00,43287.6,43299.5,43111.3,43146,6820.592
1/29/2024 23:00,43090,43340.8,43058.5,43287.7,6919.351
1/29/2024 22:00,43158.4,43193.8,43060.5,43090,3891.631
1/29/2024 21:00,43127.7,43248,43042.6,43158.4,5841.538
1/29/2024 20:00,42986.8,43185.2,42966.5,43127.8,5776.451
1/29/2024 19:00,43012,43142,42966.4,42986.7,8019.351
1/29/2024 18:00,42980.8,43109,42863.4,43012,9526.603
1/29/2024 17:00,43182.5,43297.6,42911.8,42980.8,20162.863
1/29/2024 16:00,42623.1,43298,42495.7,43182.5,53016.474
1/29/2024 15:00,41933.6,42636,41861.8,42623.2,23816.934
1/29/2024 14:00,41989.6,42092,41768.3,41933.7,13614.23
1/29/2024 13:00,42086.8,42122.3,41914.2,41989.7,9478.792
1/29/2024 12:00,42233.2,42360,41956.2,42086.8,10266.131
1/29/2024 11:00,42298.6,42339,42172.8,42233.3,4759.363
1/29/2024 10:00,42279.6,42368.7,42183.9,42298.6,6315.504
1/29/2024 9:00,42107.3,42328,41932.9,42279.6,9685.971
1/29/2024 8:00,42040,42140,41953,42107.2,6372.77
1/29/2024 7:00,42150.6,42230.5,41966.2,42040,7036.287
1/29/2024 6:00,42127.9,42237,42116.4,42150.6,4806.81
1/29/2024 5:00,42201.9,42269.5,42110,42127.1,4620.447
1/29/2024 4:00,42306.5,42326.9,42175,42201.8,4874.368
1/29/2024 3:00,42220.8,42493,42219.9,42306.4,9472.031
1/29/2024 2:00,42144.4,42318.6,42108,42220.7,5611.922
1/29/2024 1:00,41952.1,42310.6,41950,42144.3,10142.368
1/29/2024 0:00,42021.2,42061,41865.4,41952.1,5473.92
1/28/2024 23:00,41824.9,42067.5,41735,42021.2,6467.532
1/28/2024 22:00,41963,41969.5,41600,41824.9,7378.063
1/28/2024 21:00,41929.9,42019,41791.5,41963.1,5431.018
1/28/2024 20:00,41770.6,41964,41660.9,41929.9,9332.495
1/28/2024 19:00,41952.6,42014.1,41700,41770.6,12455.789
1/28/2024 18:00,42152.6,42163,41912.8,41952.6,8827.118
1/28/2024 17:00,42293.2,42299.3,42073.8,42152.5,7411.867
1/28/2024 16:00,42244.5,42340,42119.4,42293.1,6373.522
1/28/2024 15:00,42271.4,42399.6,42130,42244.5,8313.375
1/28/2024 14:00,42385.7,42525,42228.4,42271.3,6859.699
1/28/2024 13:00,42403,42439.9,42220.1,42385.8,6402.263
1/28/2024 12:00,42456.5,42479.7,42268.2,42403.1,8793.831
1/28/2024 11:00,42585,42598,42333,42456.6,7100.999
1/28/2024 10:00,42559.9,42634,42480.1,42584.9,5161.251
1/28/2024 9:00,42475.2,42688,42402.8,42559.9,9365.846
1/28/2024 8:00,42370,42600,42301.1,42475.1,9274.702
1/28/2024 7:00,42388.6,42514.3,42336.3,42369.9,6038.858
1/28/2024 6:00,42538.1,42563,42259.5,42388.5,9404.987
1/28/2024 5:00,42710.5,42836,42427.8,42538.1,18316.077
1/28/2024 4:00,42210.1,42764.8,42204,42710.4,24792.924
1/28/2024 3:00,42082.9,42229.3,42066.9,42210,3322.368
1/28/2024 2:00,42074.5,42162.4,42069.1,42082.8,2989.072
1/28/2024 1:00,41976.3,42236.9,41976.2,42074.4,9620.237
1/28/2024 0:00,42102.2,42127,41908.2,41976.3,6302.56
1/27/2024 23:00,42135.4,42156.7,42055.4,42102.2,4399.8
1/27/2024 22:00,42137.8,42187.1,42057.6,42135.3,5271.863
1/27/2024 21:00,42049.6,42165.6,42001.8,42137.8,5859.277
1/27/2024 20:00,41896.5,42070,41896.4,42049.6,5408.243
1/27/2024 19:00,41785,41977,41775.1,41896.4,7765.565
1/27/2024 18:00,41769.4,41807.2,41727,41784.9,2437.998
1/27/2024 17:00,41789.3,41833.9,41758.3,41769.4,2297.83
1/27/2024 16:00,41797.5,41880,41769.6,41789.2,3906.389
1/27/2024 15:00,41745.1,41880,41712.9,41797.4,5453.875
1/27/2024 14:00,41727,41813.6,41710,41745,3931.038
1/27/2024 13:00,41730.6,41795.1,41704,41726.9,2640.295
1/27/2024 12:00,41744.7,41798,41689.3,41730.6,3029.479
1/27/2024 11:00,41731.5,41774.8,41679,41744.7,2900.66
1/27/2024 10:00,41656.4,41786,41632,41731.6,6169.781
1/27/2024 9:00,41455.3,41726,41360.1,41656.4,9876.923
1/27/2024 8:00,41699,41720.2,41400,41455.4,13171.464
1/27/2024 7:00,41694.8,41723.7,41594,41699.1,7069.355
1/27/2024 6:00,41748.1,41803.6,41672.5,41694.8,4141.47
1/27/2024 5:00,41828.7,41880.5,41721,41748.2,3788.355
1/27/2024 4:00,41805.1,41868.3,41780,41828.7,2413.204
1/27/2024 3:00,41822.2,41854,41755,41805.2,3181.954
1/27/2024 2:00,41804.8,41886,41801.7,41822.2,2353.042
1/27/2024 1:00,41772.8,41924,41754.2,41804.9,4578.196
1/27/2024 0:00,41806.4,41849.9,41681.8,41772.8,6391.058
1/26/2024 23:00,41887.7,41963.7,41779.2,41806.4,4860.486
1/26/2024 22:00,41976.9,41994.7,41808.9,41887.6,7326.679
1/26/2024 21:00,41961,42032,41859.8,41976.9,5667.227
1/26/2024 20:00,42046.1,42239.3,41822,41960.9,18608.769
1/26/2024 19:00,42083.8,42110,41912.6,42046,11099.074
1/26/2024 18:00,41899.3,42187.1,41828.7,42083.8,21342.445
1/26/2024 17:00,41944.4,41995,41740.7,41899.2,17038.431
1/26/2024 16:00,41399.8,41985,41383.8,41944.3,35814.185
1/26/2024 15:00,41581.1,41585.4,41200,41399.8,19702.378
1/26/2024 14:00,41002.1,41587.3,41002.1,41581.1,18547.221
1/26/2024 13:00,41128.1,41215.6,40890,41002.2,15386.935
1/26/2024 12:00,41271.9,41490,41075.2,41128.2,32552.953
1/26/2024 11:00,40672.4,41350,40665.1,41272,45538.057
1/26/2024 10:00,40065.6,40750,40053.4,40672.4,31285.711
1/26/2024 9:00,40118.3,40408,40016.3,40065.6,17881.584
1/26/2024 8:00,39956,40168.1,39944.7,40118.3,8326.642
1/26/2024 7:00,39993,40018.5,39880.9,39956,7025.823
1/26/2024 6:00,40091.2,40146.9,39963.7,39993,5095.356
1/26/2024 5:00,40133.8,40171.5,40072.8,40091.3,3269.231
1/26/2024 4:00,40057.1,40216.7,40053.7,40133.8,4356.378
1/26/2024 3:00,40133,40180,40052.4,40057,3748.277
1/26/2024 2:00,39928.3,40250,39924,40133,13931.964
1/26/2024 1:00,39889.9,39950,39813.1,39928.3,3900.166
1/26/2024 0:00,39953.3,39965.1,39872,39889.9,3112.506
1/25/2024 23:00,39945.5,39980,39886,39953.3,3134.256
1/25/2024 22:00,39917.8,39980,39877.2,39945.6,3202.333
1/25/2024 21:00,39827.1,39928.9,39776,39917.8,6589.206
1/25/2024 20:00,39982.9,39987.2,39630,39827.1,9548.32
1/25/2024 19:00,39832.5,39986.5,39722.3,39982.9,7541.256
1/25/2024 18:00,39801.3,40053.6,39703.8,39832.6,18963.895
1/25/2024 17:00,39699.9,39843.7,39535.3,39801.4,12635.77
1/25/2024 16:00,39793.6,39847.5,39656,39700,9083.623
1/25/2024 15:00,40000,40038.5,39605,39793.6,15621.128
1/25/2024 14:00,39907.1,40078.6,39846.1,40000,11748.603
1/25/2024 13:00,39854.7,39954.9,39720.5,39907.1,14214.549
1/25/2024 12:00,40165.5,40280,39818.6,39854.7,16284.823
1/25/2024 11:00,40103.3,40300,40069.8,40165.5,15448.311
1/25/2024 10:00,40023.4,40115.3,39950,40103.3,7017.87
1/25/2024 9:00,40069.4,40125,40018.4,40023.4,4265.366
1/25/2024 8:00,40119.6,40175.1,40012.1,40069.3,7290.096
1/25/2024 7:00,40028,40131.9,39975.7,40119.6,5395.291
1/25/2024 6:00,39865.4,40049.3,39865.3,40028,6248.395
1/25/2024 5:00,39949.4,39959.7,39778.3,39865.4,6547.855
1/25/2024 4:00,40002.8,40028.3,39900.4,39949.4,2906.808
1/25/2024 3:00,39931.7,40096.6,39922.1,40002.8,3449.222
1/25/2024 2:00,39975.5,40063.4,39901,39931.7,3627.687
1/25/2024 1:00,40160.4,40170,39916.4,39975.6,6619.412
1/25/2024 0:00,40078.8,40170,40007.1,40160.4,6344.604
1/24/2024 23:00,39872.6,40171.3,39836.5,40078.7,10391.255
1/24/2024 22:00,39788.1,39897.9,39747.8,39872.5,4210.545
1/24/2024 21:00,39547.9,39788.1,39493.3,39788.1,7699.781
1/24/2024 20:00,39797.4,40000,39510,39548,14906.88
1/24/2024 19:00,39757.9,39849.2,39632,39797.4,6223.776
1/24/2024 18:00,40131,40149.5,39602,39757.9,18861.02
1/24/2024 17:00,40186,40208.4,40036.2,40131,8311.033
1/24/2024 16:00,40046.7,40190,39909.3,40186,9893.662
1/24/2024 15:00,39907,40116.6,39831,40046.7,12480.015
1/24/2024 14:00,39976.2,40224.4,39754.4,39907,27125.932
1/24/2024 13:00,40030.4,40111.3,39872,39976.2,11549.11
1/24/2024 12:00,40195.1,40287.8,39962.8,40030.4,10975.845
1/24/2024 11:00,40346.5,40364.4,40081.1,40195.2,11187.856
1/24/2024 10:00,40015.7,40560.6,39977.4,40346,21804.1
1/24/2024 9:00,39948.6,40094.6,39900.2,40015.6,6985.165
1/24/2024 8:00,39979.5,40134.9,39844.7,39948.6,8718.022
1/24/2024 7:00,39883.5,40179.7,39810.1,39979.4,12199.27
1/24/2024 6:00,39791.7,39900,39656.3,39883.6,7231.814
1/24/2024 5:00,39648.7,39849.2,39648.6,39791.8,6545.594
1/24/2024 4:00,39611.3,39744.3,39550,39648.8,5997.376
1/24/2024 3:00,39759.4,39790.7,39563.8,39611.2,9144.754
1/24/2024 2:00,39763.2,39887.1,39689,39759.3,6511.111
1/24/2024 1:00,40166.9,40166.9,39745,39763.2,13974.291
1/24/2024 0:00,39889.9,40247,39779,40166.9,19825.964
1/23/2024 23:00,39468.2,39898,39463.3,39890,17204.847
1/23/2024 22:00,39216.6,39558.5,39190,39468.3,8549.554
1/23/2024 21:00,39177.6,39303.9,39060.2,39216.6,8621.858
1/23/2024 20:00,39140.1,39359,39031.3,39178,12907.509
1/23/2024 19:00,39087.2,39287.2,38983,39140.1,12620.955
1/23/2024 18:00,39404,39654.2,39081.6,39087.1,17949.4
1/23/2024 17:00,39312.7,39645,39265.5,39404,25333.925
1/23/2024 16:00,39197.5,39383,38925.6,39312.8,24013.377
1/23/2024 15:00,38768.5,39479.2,38767,39197.4,35459.749
1/23/2024 14:00,38857.9,38905.7,38545,38768.6,38267.015
1/23/2024 13:00,39065.7,39079.5,38848,38857.8,10752.728
1/23/2024 12:00,38850.2,39097.2,38753.1,39065.7,20097.451
1/23/2024 11:00,38917,39050,38652.3,38850.1,26678.189
1/23/2024 10:00,38964.6,39160.9,38850,38917,20722.391
1/23/2024 9:00,39460.6,39492.9,38902.6,38964.5,53154.134
1/23/2024 8:00,39773.9,39862.9,39312.6,39460.7,24270.848
1/23/2024 7:00,40019.5,40031.2,39656.8,39773.9,11375.896
1/23/2024 6:00,40064.8,40128,39950.7,40019.5,5525.053
1/23/2024 5:00,40055.1,40122.1,40051.7,40064.8,3022.982
1/23/2024 4:00,40000.1,40172.7,40000,40055.1,5155.73
1/23/2024 3:00,40059,40121.2,39972.5,40000.1,6430.524
1/23/2024 2:00,39828,40064,39803.5,40058.9,7662.527
1/23/2024 1:00,39869.2,39920,39708.5,39828,5585.589
1/23/2024 0:00,39567.1,39892.9,39508,39869.2,13011.155
1/22/2024 23:00,39829.9,39963.7,39480,39567,14340.427
1/22/2024 22:00,39854.4,40082,39450,39829.9,18846.139
1/22/2024 21:00,40181.7,40203.1,39839.6,39854.4,15246.066
1/22/2024 20:00,39812.6,40360,39746.9,40181.8,30013.751
1/22/2024 19:00,40320.7,40576,39402,39812.5,71402.146
1/22/2024 18:00,40714.9,40803.2,39965,40320.7,34172.347
1/22/2024 17:00,40524.1,40816,40460,40714.8,11932.344
1/22/2024 16:00,40775,40880.1,40401.7,40524.1,19526.172
1/22/2024 15:00,40690,40857.8,40333,40774.7,26780.105
1/22/2024 14:00,40942,40979.1,40501.7,40690.1,26108.571
1/22/2024 13:00,40885.7,41253.7,40861.8,40941.9,20506.232
1/22/2024 12:00,40809.5,40925.3,40682.7,40885.6,8973.855
1/22/2024 11:00,40703.4,40947,40663.6,40809.4,12423.724
1/22/2024 10:00,40745.4,40850,40353.7,40703.5,27192.368
1/22/2024 9:00,40957.2,41050,40508.7,40745.4,13917.588
1/22/2024 8:00,41042.7,41044.6,40755.8,40957.3,15427.238
1/22/2024 7:00,41201.4,41210.3,40971.3,41042.6,6855.448
1/22/2024 6:00,41133.6,41334.9,41002,41201.3,10932.641
1/22/2024 5:00,40776.8,41153.7,40666,41133.6,16571.74
1/22/2024 4:00,41199.5,41221.9,40755.5,40776.7,16886.142
1/22/2024 3:00,41317.2,41345.9,41050.5,41199.6,10930.402
1/22/2024 2:00,41363.9,41430.4,41258,41317.2,5593.539
1/22/2024 1:00,41652.7,41692.3,41262.2,41363.9,16037.9
1/22/2024 0:00,41579.9,41688.5,41460,41652.7,8407.221
1/21/2024 23:00,41636.8,41679,41500,41580,5150.881
1/21/2024 22:00,41781.8,41787.4,41620.7,41636.7,1829.808
1/21/2024 21:00,41644.9,41820,41613.1,41781.8,2571.717
1/21/2024 20:00,41721.2,41766.8,41618,41644.9,2759.407
1/21/2024 19:00,41680.2,41721.2,41630.6,41721.2,1345.919
1/21/2024 18:00,41675.6,41733,41621.2,41680.1,2288.286
1/21/2024 17:00,41601.5,41697,41591.7,41675.5,2691.701
1/21/2024 16:00,41652.7,41672.5,41516,41601.5,5300.591
1/21/2024 15:00,41778,41862.3,41600,41652.8,6896.609
1/21/2024 14:00,41853.6,41880.9,41750.1,41778.1,3796.124
1/21/2024 13:00,41736.2,41866.8,41736.2,41853.6,4237.836
1/21/2024 12:00,41720.8,41825.1,41697.1,41736.3,2446.487
1/21/2024 11:00,41788.6,41798.4,41681.1,41720.9,2039.396
1/21/2024 10:00,41746.2,41826.5,41703.3,41788.5,4780.995
1/21/2024 9:00,41663.3,41749.3,41662.9,41746.3,2236.487
1/21/2024 8:00,41648.5,41715.8,41648.5,41663.3,2238.083
1/21/2024 7:00,41603.9,41669.4,41584.4,41648.6,1726.346
1/21/2024 6:00,41630.4,41661.7,41544,41604,2462.633
1/21/2024 5:00,41674.8,41699.9,41626.6,41630.3,1372.122
1/21/2024 4:00,41677.4,41686.4,41645,41674.8,1183.312
1/21/2024 3:00,41704,41735,41659.3,41677.4,2111.787
1/21/2024 2:00,41662.8,41716.6,41653.3,41703.9,1539.406
1/21/2024 1:00,41644.6,41725,41627.5,41662.9,1808.753
1/21/2024 0:00,41691.8,41727.4,41624.6,41644.7,2220.866
1/20/2024 23:00,41779.7,41812.8,41620.8,41691.8,2602.859
1/20/2024 22:00,41732.3,41819.6,41673,41779.8,2681.402
1/20/2024 21:00,41748.7,41883.5,41723.5,41732.3,4128.127
1/20/2024 20:00,41638.4,41844.4,41615,41748.8,5474.026
1/20/2024 19:00,41607.8,41685,41600.6,41638.4,2540.597
1/20/2024 18:00,41586.6,41631,41522,41607.9,2670.119
1/20/2024 17:00,41566.8,41628.3,41540,41586.6,2180.69
1/20/2024 16:00,41570.2,41650,41537,41566.8,3225.346
1/20/2024 15:00,41542.8,41688,41480,41570.3,5608.654
1/20/2024 14:00,41633.6,41649.9,41480.1,41542.6,4289.504
1/20/2024 13:00,41619.9,41686.7,41580.8,41633.6,3450.274
1/20/2024 12:00,41583.5,41706.5,41534.2,41620,4930.928
1/20/2024 11:00,41542.4,41624.6,41475,41583.6,3896.644
1/20/2024 10:00,41518.9,41624.2,41487.9,41542.5,4362.726
1/20/2024 9:00,41590.2,41642.1,41453.6,41519.1,5854.262
1/20/2024 8:00,41652.4,41672.7,41518.2,41590.1,6898.955
1/20/2024 7:00,41668.9,41781.4,41640,41652.4,4664.85
1/20/2024 6:00,41630,41699,41618.2,41669,3054.153
1/20/2024 5:00,41607.1,41649.9,41566.3,41630,2483.055
1/20/2024 4:00,41638.1,41660,41571.3,41607.2,2713.04
1/20/2024 3:00,41627.5,41658.6,41525.8,41638,2869.516
1/20/2024 2:00,41664.8,41670,41536.1,41627.5,2864.287
1/20/2024 1:00,41490.9,41712,41490.9,41664.9,4839.318
1/20/2024 0:00,41662.1,41687.1,41458.5,41490.9,7582.73
1/19/2024 23:00,41691.2,41728.3,41616.6,41662.2,4945.066
1/19/2024 22:00,41635.1,41748.3,41535.5,41691.1,5077.777
1/19/2024 21:00,41635.5,41790,41562.4,41635.1,10002.26
1/19/2024 20:00,41818.6,42197,41530.1,41635.6,23665.952
1/19/2024 19:00,41810.6,41918,41584.6,41818.5,15095.606
1/19/2024 18:00,41239.2,42000,41011.1,41810.6,38671.155
1/19/2024 17:00,40408.6,41281,40300,41239.1,39646.133
1/19/2024 16:00,40897.1,40960,40312,40408.6,45003.985
1/19/2024 15:00,40973.5,41175.2,40718.5,40897,27868.609
1/19/2024 14:00,41397.3,41457.5,40848,40973.4,26585.618
1/19/2024 13:00,41345.5,41431.8,41267,41397.2,6102.277
1/19/2024 12:00,41471.7,41493,41266.6,41345.4,7193.666
1/19/2024 11:00,41483.1,41518.4,41366.6,41471.7,5820.501
1/19/2024 10:00,41396.6,41495.2,41333.7,41483,6288.609
1/19/2024 9:00,41285.4,41471.9,41241.9,41396.5,8046.09
1/19/2024 8:00,41281.9,41383.8,41132.5,41285.4,7780.007
1/19/2024 7:00,41462.6,41578.3,41259,41282,10947.375
1/19/2024 6:00,41207.1,41514.2,41185.5,41462.5,10380.207
1/19/2024 5:00,41099.5,41236.2,41051.8,41207.1,4225.686
1/19/2024 4:00,41049.8,41220,41031.3,41099.5,6299.93
1/19/2024 3:00,41112.5,41143.5,40739.6,41049.8,15945.844
1/19/2024 2:00,41266.4,41306.4,41077.7,41112.4,5635.331
1/19/2024 1:00,41287.1,41332.9,41120,41266.4,6070.568
1/19/2024 0:00,41323.2,41372,41087.2,41287,8643.478
1/18/2024 23:00,41346.4,41356,41195.1,41323.1,5192.315
1/18/2024 22:00,41120.7,41366.4,41068,41346.3,9143.79
1/18/2024 21:00,40847.3,41265,40754,41120.7,20150.228
1/18/2024 20:00,41014.2,41314.2,40673.6,40847.4,38539.724
1/18/2024 19:00,41516.7,41602.2,40805.2,41014.2,39928.423
1/18/2024 18:00,41813.9,41922.5,41335,41516.7,28973.926
1/18/2024 17:00,41953.9,42191.9,41457.7,41813.9,37052.287
1/18/2024 16:00,42619,42619,41720,41953.9,45356.294
1/18/2024 15:00,42742.6,42821.4,42607.8,42618.9,11181.264
1/18/2024 14:00,42511.1,42748.2,42430,42742.6,11201.82
1/18/2024 13:00,42440.2,42680.7,42367.4,42511.2,11168.679
1/18/2024 12:00,42540.1,42550.8,42351,42440.2,8369.719
1/18/2024 11:00,42450.3,42550,42382.5,42540,9377.826
1/18/2024 10:00,42746.4,42789.6,42401.1,42450.3,12705.875
1/18/2024 9:00,42749.6,42877,42709.4,42746.4,6286.452
1/18/2024 8:00,42918.3,42932.3,42723.2,42749.5,5434.521
1/18/2024 7:00,42809,42930.1,42804.4,42918.3,6595.933
1/18/2024 6:00,42777.1,42883.2,42760,42808.9,6363.919
1/18/2024 5:00,42672.8,42798.8,42640,42777,4328.891
1/18/2024 4:00,42594,42698.5,42590,42672.8,2396.913
1/18/2024 3:00,42657.4,42682,42549.9,42594,2834.982
1/18/2024 2:00,42595.2,42731,42587.7,42657.3,3244.51
1/18/2024 1:00,42671.1,42723.8,42515,42595.2,4987.178
1/18/2024 0:00,42783.3,42797,42621.8,42671.1,4265.287
1/17/2024 23:00,42727.1,42794.3,42622.4,42783.4,5464.439
1/17/2024 22:00,42685.7,42740.4,42444,42727,5410.299
1/17/2024 21:00,42722.1,42825.5,42606,42685.7,5518.498
1/17/2024 20:00,42617.6,42869.3,42560,42722,12998.782
1/17/2024 19:00,42616.1,42757.6,42555.9,42617.5,7244.545
1/17/2024 18:00,42375.5,42622,42272.5,42616,9442.58
1/17/2024 17:00,42358.5,42472.3,42200,42375.4,9867.665
1/17/2024 16:00,42478.2,42565.4,42263.1,42358.5,14317.307
1/17/2024 15:00,42576.1,42774.2,42457.5,42478.3,17076.067
1/17/2024 14:00,42610.4,42934.9,42360,42576.2,28182.67
1/17/2024 13:00,42785.2,42786.6,42500,42610.4,8473.725
1/17/2024 12:00,42681,42795,42355.5,42785.2,15118.043
1/17/2024 11:00,42854,42854,42670,42681,5188.435
1/17/2024 10:00,42676.9,42855.8,42614.4,42854,6951.373
1/17/2024 9:00,42725.5,42830,42666.4,42677,5570.268
1/17/2024 8:00,42654,42750,42555.8,42725.6,7421.221
1/17/2024 7:00,42801.5,42849.1,42616,42654,10124.856
1/17/2024 6:00,42778.6,42875.3,42760,42801.5,3740.64
1/17/2024 5:00,42848.2,42933,42754.5,42778.5,4240.183
1/17/2024 4:00,42842,42920.1,42770.9,42848.3,6443.281
1/17/2024 3:00,42995.2,43029.8,42838.8,42842.1,4813.284
1/17/2024 2:00,42965.4,43062.6,42910.5,42995.1,4909.457
1/17/2024 1:00,43089.5,43198,42953,42965.4,6154.108
1/17/2024 0:00,43133,43174,43044.3,43089.4,4724.355
1/16/2024 23:00,43208.6,43285,43105.2,43133,6063.547
1/16/2024 22:00,43427.4,43499.2,43200,43208.6,6772.759
1/16/2024 21:00,43195.9,43589,43181.6,43427.5,14845.85
1/16/2024 20:00,43164.8,43376.2,43061.7,43195.9,13191.003
1/16/2024 19:00,43008.8,43182.3,42940.8,43164.8,6539.237
1/16/2024 18:00,43051.4,43159.9,42825.5,43008.8,10532.47
1/16/2024 17:00,43249.8,43249.8,43027.6,43051.4,8896.75
1/16/2024 16:00,43251,43450,43003.2,43249.8,24381.082
1/16/2024 15:00,42700.1,43333,42545.6,43251.7,42560.654
1/16/2024 14:00,42805.6,42954.9,42050,42700.1,55063.011
1/16/2024 13:00,43160.1,43181.7,42705.6,42805.7,13452.139
1/16/2024 12:00,42894.6,43170,42854.7,43160.1,10657.016
1/16/2024 11:00,42870,42944,42753.6,42894.9,5799.531
1/16/2024 10:00,42937.1,42969.1,42850.1,42870,4996.402
1/16/2024 9:00,43021.5,43164.9,42899.6,42937,12361.569
1/16/2024 8:00,42788.5,43029.7,42718.8,43021.5,8975.581
1/16/2024 7:00,42744.5,42788.1,42600.5,42788.1,4965.136
1/16/2024 6:00,42765.4,42779.1,42648.3,42744.4,5399.943
1/16/2024 5:00,42805.2,42932.5,42759,42765.3,4148.775
1/16/2024 4:00,42919.3,42945,42759.9,42805.2,5516.792
1/16/2024 3:00,42702.1,42942,42695.7,42919.5,7032.131
1/16/2024 2:00,42591.7,42732.8,42552,42702.1,5519.024
1/16/2024 1:00,42604.6,42733.7,42556.6,42591.7,4728.842
1/16/2024 0:00,42515,42679,42466.1,42604.7,4807.989
1/15/2024 23:00,42634.4,42647.9,42477,42515,7182.906
1/15/2024 22:00,42717.7,42831.4,42341.3,42634.5,14768.874
1/15/2024 21:00,42961.3,42965,42706.4,42717.7,5726.152
1/15/2024 20:00,42989.6,43114.7,42849,42961.3,6513.139
1/15/2024 19:00,43015.6,43137.1,42820.1,42989.6,11708.172
1/15/2024 18:00,42704.4,43376,42704.3,43015.5,35715.359
1/15/2024 17:00,42525,42786.7,42522.1,42704.4,9974.454
1/15/2024 16:00,42278.7,42560.6,42249.1,42525,7915.149
1/15/2024 15:00,42204.2,42482.1,42156,42278.7,13534.282
1/15/2024 14:00,42856.9,42874.3,42166.8,42204.1,27389.697
1/15/2024 13:00,42670.1,42969,42621.3,42856.8,10840.377
1/15/2024 12:00,42700,42723.9,42573.6,42670.2,5399.113
1/15/2024 11:00,42568.1,42710,42541.5,42699.9,5308.192
1/15/2024 10:00,42759.9,42771.9,42535.8,42568.1,5567.973
1/15/2024 9:00,42683.5,42771.3,42595.5,42759.8,4993.596
1/15/2024 8:00,42713.1,42784.3,42643.2,42683.5,5327.416
1/15/2024 7:00,42653,42780,42520.6,42713.1,6740.168
1/15/2024 6:00,42746.3,42799.2,42610,42653.1,4857.33
1/15/2024 5:00,42598.1,42829.8,42569.8,42746.3,8946.633
1/15/2024 4:00,42572.8,42637.7,42501.6,42598,5251.242
1/15/2024 3:00,42408.5,42650,42389,42571.8,9017.405
1/15/2024 2:00,42280.9,42424.1,42202.4,42408.5,4671.291
1/15/2024 1:00,42287.1,42411.7,42178.6,42280.9,6897.811
1/15/2024 0:00,41734.9,42371.5,41720,42287.2,15812.41
1/14/2024 23:00,42279.9,42328,41713.5,41734.9,26705.19
1/14/2024 22:00,42558,42665.7,42069.7,42279.9,13325.956
1/14/2024 21:00,42514.7,42605.2,41960,42558,21095.454
1/14/2024 20:00,42665.8,42755,42000,42514.7,21985.038
1/14/2024 19:00,42900.5,42935.7,42633.2,42665.8,8856.555
1/14/2024 18:00,42979.8,43017.6,42829.6,42900.6,3867.533
1/14/2024 17:00,42933.1,43019.1,42880.2,42979.7,5847.364
1/14/2024 16:00,42908.4,42975,42860,42933,4516.209
1/14/2024 15:00,42822.8,42967,42810,42908.4,3829.701
1/14/2024 14:00,42894.3,43014.3,42789,42822.9,6168.544
1/14/2024 13:00,42760.3,42930.1,42737.9,42894.3,3532.491
1/14/2024 12:00,42836.7,42858.4,42710.3,42760.3,4906.068
1/14/2024 11:00,42895,42947.5,42759.2,42836.8,5849.344
1/14/2024 10:00,43065.8,43077.4,42866.9,42894.9,4196.187
1/14/2024 9:00,42999.1,43096.1,42824.2,43065.8,5004.5
1/14/2024 8:00,43012.8,43033.7,42891.4,42999,3431.527
1/14/2024 7:00,42996.6,43064.4,42888,43012.8,6650.492
1/14/2024 6:00,42757.5,43000,42755.1,42996.6,4623.09
1/14/2024 5:00,42588.1,42814.4,42584.7,42757.5,3801.683
1/14/2024 4:00,42691.1,42714.2,42553,42588.1,5118.999
1/14/2024 3:00,42782.9,42812.5,42651,42691.2,4111.186
1/14/2024 2:00,42771.8,42835,42662,42782.9,3541.307
1/14/2024 1:00,42691.2,42843.1,42680,42771.9,3428.661
1/14/2024 0:00,42846.4,42896.9,42666.6,42691.2,6703.889
1/13/2024 23:00,42993.9,42998.1,42799.1,42846.4,3989.298
1/13/2024 22:00,42969.4,43067.7,42886.9,42993.9,3884.076
1/13/2024 21:00,42870.5,42984.1,42820.8,42969.4,3388.362
1/13/2024 20:00,42791.1,42928.6,42703.2,42870.5,4762.714
1/13/2024 19:00,42808,42999.9,42784.2,42791.1,5442.188
1/13/2024 18:00,42899.1,42908.2,42711.5,42807.9,4994.847
1/13/2024 17:00,42899.2,42999.9,42761.4,42899.2,6183.677
1/13/2024 16:00,43159.9,43193.9,42754.7,42899.1,14587.244
1/13/2024 15:00,42865.2,43273.4,42861.5,43159.7,14255.697
1/13/2024 14:00,42744.2,42980,42650,42865.4,13078.254
1/13/2024 13:00,42697.3,42801.1,42610.2,42744.2,7545.146
1/13/2024 12:00,42631.8,42773.4,42509.8,42697.2,9836.669
1/13/2024 11:00,42710.4,42814.1,42513,42631.9,14715.457
1/13/2024 10:00,42927.4,42933.1,42631.1,42710.3,14101.744
1/13/2024 9:00,43170.9,43197.6,42830.6,42927.4,8981.976
1/13/2024 8:00,43102.1,43255,43064,43171,5098.421
1/13/2024 7:00,43159.7,43265.1,43064,43102.1,8099.15
1/13/2024 6:00,43111,43184,42955.5,43159.6,9448.538
1/13/2024 5:00,42851.8,43150,42780.3,43111,10094.36
1/13/2024 4:00,42625.6,42871,42565.9,42851.7,6200.369
1/13/2024 3:00,42544.5,42697.5,42445.7,42625.6,7048.188
1/13/2024 2:00,42688.2,42865,42537.3,42544.5,7746.306
1/13/2024 1:00,42803.1,42900,42523,42688.1,13812.223
1/13/2024 0:00,42789,42997,42764.6,42803,10442.422
1/12/2024 23:00,42517.9,42970,42487.9,42788.9,21667.373
1/12/2024 22:00,43466,43479.8,41370,42517.9,90482.844
1/12/2024 21:00,43686.7,43885.2,43208.1,43466.2,18946.37
1/12/2024 20:00,43497.4,44000,43443.7,43686.8,22616.676
1/12/2024 19:00,43510,43750,43309.4,43497.5,17602.49
1/12/2024 18:00,43834.1,43962.7,43350.1,43510.1,24415.846
1/12/2024 17:00,43661.2,43839,43314.7,43836.4,38973.915
1/12/2024 16:00,44495.1,44719.7,43221.1,43661.2,98074.156
1/12/2024 15:00,45462.8,45483,44360.8,44495.1,61493.173
1/12/2024 14:00,45788.4,45929.6,45255.7,45462.9,35055.269
1/12/2024 13:00,45879.7,45958.3,45585,45788.4,13316.32
1/12/2024 12:00,45958,46120,45660,45879.8,12397.924
1/12/2024 11:00,46067.6,46280,45950.5,45958,11068.82
1/12/2024 10:00,45938.1,46150,45850.2,46067.6,8161.418
1/12/2024 9:00,45862.2,46089.8,45527.5,45938,18297.741
1/12/2024 8:00,46002.6,46004.7,45630,45862.3,10394.923
1/12/2024 7:00,46107,46150,45714.2,46002.6,14036.437
1/12/2024 6:00,46200.9,46380,46101.3,46107.1,7707.002
1/12/2024 5:00,45960.4,46224.9,45902.1,46200.9,6086.14
1/12/2024 4:00,45997.3,46118.8,45842.2,45960.4,7328.714
1/12/2024 3:00,46152.1,46193.2,45921.2,45997,7699.265
1/12/2024 2:00,46144.8,46266.4,46000,46152.2,6234.264
1/12/2024 1:00,46299,46343.7,45900.9,46144.8,10054.734
1/12/2024 0:00,46337.9,46536.2,46000,46298.9,13831.444
1/11/2024 23:00,46408.7,46494,46301.3,46337.8,4820.172
1/11/2024 22:00,46156.4,46443.3,46080.6,46408.8,5649.513
1/11/2024 21:00,46233.8,46454.4,46115.2,46156.5,10513.464
1/11/2024 20:00,46698.4,46973.8,46111.2,46233.9,27925.558
1/11/2024 19:00,46617.6,46744,46280,46698.4,10845.36
1/11/2024 18:00,46517.4,46663.1,46269,46617.8,15543.007
1/11/2024 17:00,46038,46587.6,45600,46517.3,33766.265
1/11/2024 16:00,46813.4,47065.8,45774,46038,75877.219
1/11/2024 15:00,48577.1,48671,46488.1,46813.4,100280.384
1/11/2024 14:00,47329.5,49027.5,47209.8,48577.9,125690.22
1/11/2024 13:00,47451,47451,46771,47329.5,31394.529
1/11/2024 12:00,47068.5,47468.8,46939.2,47451.1,21209.496
1/11/2024 11:00,46870.4,47171,46704.8,47068.5,20362.064
1/11/2024 10:00,46212.8,46875,46201.1,46870.4,17275.787
1/11/2024 9:00,46272,46354,46204.1,46212.8,5633.717
1/11/2024 8:00,46096.1,46320,46051.6,46272,6985.174
1/11/2024 7:00,45899.9,46168,45874.1,46096.1,8171.041
1/11/2024 6:00,46074,46098.4,45610.1,45899.8,16239.138
1/11/2024 5:00,46405,46427.8,45890.1,46073.9,12280.675
1/11/2024 4:00,46502.3,46511.4,46296.4,46404.9,5472.494
1/11/2024 3:00,46567.4,46599.7,46146.5,46502.4,11793.367
1/11/2024 2:00,46506.7,46635,46494.4,46567.4,4211.69
1/11/2024 1:00,46676.1,46758,46467.5,46506.7,8533.071
1/11/2024 0:00,46663,46729.8,46308,46676,16224.974
1/10/2024 23:00,46907.5,47699.3,46368,46662.9,59392.839
1/10/2024 22:00,45961.8,46965,45755,46903.3,39897.201
1/10/2024 21:00,46125.8,46300,45118,45960,61170.333
1/10/2024 20:00,46498.8,46518.1,44720,46126,115912.735
1/10/2024 19:00,46544.2,46768,46050.2,46498.9,30963.865
1/10/2024 18:00,46410,46678.6,45900,46544.2,39071.651
1/10/2024 17:00,45317.8,46449.9,45236.9,46409.9,36135.853
1/10/2024 16:00,45569.4,45745.9,45189.4,45317.9,23894.068
1/10/2024 15:00,44890.2,45663.3,44803.5,45569,32775.559
1/10/2024 14:00,45120.3,45424.7,44823.6,44890.3,23641.631
1/10/2024 13:00,44679.2,45415.8,44291.5,45120.3,38080.832
1/10/2024 12:00,45530.1,45680,44334.2,44679.2,55229.595
1/10/2024 11:00,45538.8,45672.5,44800,45530.2,17088.209
1/10/2024 10:00,45664.8,45740.1,45535,45538.9,5947.103
1/10/2024 9:00,45328.3,45702.1,45310.2,45666.9,14883.659
1/10/2024 8:00,45766.3,45876.7,45300,45328.2,16135.794
1/10/2024 7:00,46014,46032,45728.9,45766.4,7753.532
1/10/2024 6:00,45988.4,46076.9,45883,46013.9,3835.661
1/10/2024 5:00,45970.4,46036.6,45903,45988.4,4137.107
1/10/2024 4:00,46133.5,46200,45950,45970.4,6028.925
1/10/2024 3:00,45989.9,46228.4,45939.4,46133.6,6154.987
1/10/2024 2:00,45944.5,46104.8,45898.9,45990,5315.192
1/10/2024 1:00,45863.9,45980.5,45629.6,45944.4,9737.224
1/10/2024 0:00,46113.9,46252.5,45787.8,45863.9,15473.919
1/9/2024 23:00,46250.6,46258.4,45929.5,46114,11779.519
1/9/2024 22:00,45450.1,46272.7,45300,46250.7,32073.429
1/9/2024 21:00,46636.1,48100,44417.2,45450.2,165990.803
1/9/2024 20:00,46873.5,46937,46585.4,46636.1,8565.049
1/9/2024 19:00,46643.5,46895.9,46570.7,46873.5,7880.575
1/9/2024 18:00,46718.7,46732.8,46500,46643.6,10505.851
1/9/2024 17:00,46901.2,46922.2,46623,46718.8,10947.187
1/9/2024 16:00,46868.9,46977,46718.5,46901.2,12929.33
1/9/2024 15:00,46559.9,47025.6,46432,46868.8,25460.844
1/9/2024 14:00,46835.3,47019.9,46482.5,46559.9,20992.311
1/9/2024 13:00,46175.9,47100,46064.1,46835.4,38496.136
1/9/2024 12:00,46624.4,47080,45400,46175.5,42335.599
1/9/2024 11:00,46449.9,46650,46435,46624.4,7248.879
1/9/2024 10:00,46497.8,46692,46390,46449.9,8358.842
1/9/2024 9:00,46552.3,46694.1,46372,46497.8,12445.943
1/9/2024 8:00,46841,46891.3,46500.7,46552.2,9510.893
1/9/2024 7:00,46794.5,46949.9,46740.8,46841,5498.956
1/9/2024 6:00,46721.3,46850,46672.3,46794.5,5901.718
1/9/2024 5:00,46806.4,46860,46600.2,46721.4,6670.731
1/9/2024 4:00,46932.7,46950.3,46675,46806.4,7494.629
1/9/2024 3:00,46787.5,46980,46758,46932.8,8829.534
1/9/2024 2:00,46575,46795.6,46496,46787.5,7840.157
1/9/2024 1:00,46682.3,46797,46304.1,46574.9,16340.354
1/9/2024 0:00,46972.6,47173.5,46253.7,46682.4,29265.504
1/8/2024 23:00,47011.3,47125,46850,46972.7,8238.15
1/8/2024 22:00,47087.2,47143.1,46822.3,47011.2,9104.134
1/8/2024 21:00,46796.1,47240.3,46666.1,47087.2,16919.695
1/8/2024 20:00,47007.1,47183.1,46718.6,46796.1,17479.581
1/8/2024 19:00,46969.9,47312,46598.1,47006.7,40152.489
1/8/2024 18:00,45643.5,47155.2,45643.4,46970.2,85931.829
1/8/2024 17:00,44939.3,45669.9,44894.1,45643,28676.511
1/8/2024 16:00,44969.7,45170,44783.8,44939.2,13675.485
1/8/2024 15:00,44787.4,45440,44657,44969.6,30079.842
1/8/2024 14:00,44915.9,45099.2,44730,44787.5,13929.972
1/8/2024 13:00,45102.9,45173.9,44790.5,44915.9,20638.504
1/8/2024 12:00,44637.2,45180,44350,45102.9,59817.925
1/8/2024 11:00,44081.6,44748.5,43938.4,44637.2,26246.323
1/8/2024 10:00,43716.3,44133.8,43680,44081.6,10100.904
1/8/2024 9:00,43857,43915,43629.7,43716.3,6930.467
1/8/2024 8:00,43969.9,44065.5,43839.2,43857,5273.613
1/8/2024 7:00,43900,44072,43775,43970,10500.519
1/8/2024 6:00,43630.5,44431.1,43571.4,43900,28968.93
1/8/2024 5:00,43584.8,43640.8,43464.1,43630.5,6260.64
1/8/2024 4:00,43502,43603,43417.8,43584.7,6957.056
1/8/2024 3:00,43354.8,43550,43211,43501.9,12456.105
1/8/2024 2:00,43699.3,43793.7,43158.1,43354.8,18462.773
1/8/2024 1:00,43621.9,43796.2,43600,43699.3,6965.421
1/8/2024 0:00,43916.9,43975,43612,43621.8,11321.115
1/7/2024 23:00,43851.3,44014.7,43557.5,43916.9,17764.452
1/7/2024 22:00,44218.7,44218.8,43750.9,43851.3,11719.511
1/7/2024 21:00,44108.2,44238,44095.6,44218.8,3382.184
1/7/2024 20:00,44238.8,44262.9,44100,44108.2,3295.638
1/7/2024 19:00,44088.1,44262.3,44025.2,44238.8,4887.93
1/7/2024 18:00,44056.3,44171.7,44023.1,44088,4027.419
1/7/2024 17:00,43910.8,44097.9,43686.9,44056.3,11553.65
1/7/2024 16:00,44034.9,44180.5,43828.6,43910.7,11693.369
1/7/2024 15:00,44405,44431.2,43922.7,44035,15675.217
1/7/2024 14:00,44406.3,44486.9,44268.1,44405,10590.45
1/7/2024 13:00,44080.9,44461.8,44066.5,44406.2,17832.044
1/7/2024 12:00,44054,44138,43956,44080.9,4923.042
1/7/2024 11:00,43951.3,44120,43947,44054,5522.521
1/7/2024 10:00,43923,43991.2,43896.2,43951.4,3541.646
1/7/2024 9:00,44010,44059.7,43862.8,43923,6288.243
1/7/2024 8:00,44071.6,44161.5,43988.4,44009.9,5710.541
1/7/2024 7:00,44015.3,44099.6,43980,44071.5,3481.063
1/7/2024 6:00,43880.5,44087.3,43842.5,44015.4,5773.35
1/7/2024 5:00,43994.8,44068.2,43830,43880.4,4029.233
1/7/2024 4:00,43937.1,44032,43872.8,43994.8,3515.009
1/7/2024 3:00,43927.7,44029.6,43900.8,43937.2,3290.23
1/7/2024 2:00,43961.5,44088,43824.2,43927.6,6671.698
1/7/2024 1:00,44119.1,44159.1,43952.8,43961.6,5147.04
1/7/2024 0:00,43956.6,44267.9,43906.9,44119,10395.234
1/6/2024 23:00,43865.7,43980,43723,43956.7,5112.137
1/6/2024 22:00,43881.3,43920,43730.6,43865.8,3304.253
1/6/2024 21:00,43816.3,43930.4,43712.1,43881.3,4542.916
1/6/2024 20:00,43903.6,43960.7,43645,43816.4,7347.837
1/6/2024 19:00,43992.7,44015.1,43826.1,43903.6,4926.559
1/6/2024 18:00,43962,44149.9,43878.8,43992.7,8441.003
1/6/2024 17:00,43865.4,44010.7,43835,43962.1,5063.45
1/6/2024 16:00,43863.6,43973.1,43817.4,43865.4,4984.527
1/6/2024 15:00,43824.5,43898,43778.9,43863.6,4230.221
1/6/2024 14:00,43701.1,43925,43700.1,43824.4,8609.057
1/6/2024 13:00,43607.3,43744.3,43541,43701.2,4608.887
1/6/2024 12:00,43669.2,43748,43527.2,43607.4,4232.75
1/6/2024 11:00,43694.6,43707.7,43611.2,43669.2,3516.154
1/6/2024 10:00,43653.7,43777.5,43579.1,43694.6,5270.934
1/6/2024 9:00,43696.1,43765,43630.1,43653.6,4241.808
1/6/2024 8:00,43645.4,43749.7,43550,43696.1,5542.7
1/6/2024 7:00,43455.4,43667.7,43391.3,43645.3,8797.309
1/6/2024 6:00,43695.8,43699.4,43422.4,43455.4,11047.081
1/6/2024 5:00,43851.2,43870.6,43577.6,43695.9,9426.428
1/6/2024 4:00,43925.8,43972,43831,43851.1,2952.747
1/6/2024 3:00,43900.1,44016.8,43809.5,43925.8,4936.348
1/6/2024 2:00,43961.5,44009.9,43822,43900.1,5631.5
1/6/2024 1:00,44066,44095.5,43899.3,43961.5,5626.504
1/6/2024 0:00,44145.3,44214.6,43966,44066,6149.687
1/5/2024 23:00,43964.3,44336.7,43964.2,44145.4,14934.963
1/5/2024 22:00,43936.3,44040.2,43760,43964.2,5888.15
1/5/2024 21:00,43951.7,43969.7,43559,43936.2,12684.375
1/5/2024 20:00,43599,44500,43591.1,43951.6,25270.009
1/5/2024 19:00,43604.4,43825.2,43512.5,43599,9227.577
1/5/2024 18:00,43603.6,43699,43406.4,43604.4,7686.253
1/5/2024 17:00,43220.7,43619.9,43090,43603.5,18536.164
1/5/2024 16:00,43495.1,43593.4,43202,43220.8,15126.816
1/5/2024 15:00,43483.4,43800,43341,43495.2,20019.537
1/5/2024 14:00,43978.6,44060.9,43000,43489.6,31678.387
1/5/2024 13:00,43877.7,44089.4,43701.6,43978.6,16663.022
1/5/2024 12:00,43769.9,44119.1,43620.2,43877.7,14004.981
1/5/2024 11:00,43628.3,43912.9,43596,43769.9,11131.977
1/5/2024 10:00,44147.8,44160,43459,43628.2,15345.601
1/5/2024 9:00,43911.6,44332.4,43911.6,44147.8,21152.247
1/5/2024 8:00,43769.6,43947.1,43758.5,43911.6,6303.286
1/5/2024 7:00,43847.8,43927.8,43713.8,43769.6,7056.237
1/5/2024 6:00,43643.1,43951.7,43573.3,43847.9,9811.778
1/5/2024 5:00,43589.3,43726.4,43510.8,43644.2,6975.411
1/5/2024 4:00,43469.5,43632,43193.5,43589.3,12977.039
1/5/2024 3:00,43506.5,43778.7,43413,43469.1,8943.088
1/5/2024 2:00,43373.5,43949.8,43300.8,43506.4,24585.278
1/5/2024 1:00,44207.4,44284,42300,43374.5,48919.101
1/5/2024 0:00,44143.8,44246.7,43961,44207.5,10046.514
1/4/2024 23:00,44311.8,44352.9,44043.4,44143.8,7711.704
1/4/2024 22:00,44434.1,44754.6,44130,44311.7,16324.945
1/4/2024 21:00,44116.6,44633,44116.6,44434.1,17418.736
1/4/2024 20:00,43950,44840.8,43887.2,44116.7,27243.794
1/4/2024 19:00,44048.2,44437.5,43904.3,43950,21276.829
1/4/2024 18:00,43983,44158,43870,44048.2,7912.437
1/4/2024 17:00,43913.2,44227.6,43822,43983,17877.904
1/4/2024 16:00,44050.4,44135,43773.4,43913.1,20219.377
1/4/2024 15:00,43674,44343.1,43609.5,44050.4,42298.085
1/4/2024 14:00,43344.3,43785.9,43253.3,43674,21012.855
1/4/2024 13:00,43386.2,43493.2,43166.6,43344.2,10599.733
1/4/2024 12:00,43188.2,43450,43107.4,43386.2,15621.032
1/4/2024 11:00,43089.6,43255,42942.9,43188.2,10081.485
1/4/2024 10:00,43020.7,43123.2,42645.1,43089.5,13891.397
1/4/2024 9:00,42858.7,43102.8,42858.6,43020.6,7880.922
1/4/2024 8:00,42775.1,42978.3,42732.2,42858.7,9499.444
1/4/2024 7:00,43163.8,43268,42765,42775,18904.068
1/4/2024 6:00,43191.3,43238.9,43088,43163.7,4665.851
1/4/2024 5:00,43161.1,43290,43081.6,43191.3,5112.512
1/4/2024 4:00,43119.6,43216.2,42966.9,43161.1,5415.558
1/4/2024 3:00,43151.1,43229,43013.3,43119.6,6648.483
1/4/2024 2:00,42716.6,43236,42700,43151,10196.776
1/4/2024 1:00,42883.4,42949.3,42625,42716.6,7899.91
1/4/2024 0:00,42849.5,42997.1,42756.5,42883.4,8209.261
1/3/2024 23:00,42753.6,42857.9,42588.1,42849.5,5449.162
1/3/2024 22:00,42927.1,42949.2,42600,42753.6,7142.262
1/3/2024 21:00,42724.6,42974.5,42585.3,42927.1,11066.029
1/3/2024 20:00,42600.4,42850.4,42517.6,42724.5,8773.483
1/3/2024 19:00,42267.6,43040,42163.9,42600.4,25853.536
1/3/2024 18:00,42914.5,43064.9,41920,42267.6,26553.799
1/3/2024 17:00,43009.1,43049.8,42595,42914.5,19937.512
1/3/2024 16:00,43014,43595.9,42800,43009.2,49301.886
1/3/2024 15:00,42204.1,43049.9,42194.2,43014,33681.973
1/3/2024 14:00,42545.7,42546.4,42062.7,42204.1,27239.337
1/3/2024 13:00,42795.8,42827.1,42310.4,42545.7,33891.828
1/3/2024 12:00,43728.9,43738.8,40333,42795.8,174460.87
1/3/2024 11:00,45175.7,45205.3,43500,43728.9,83422.364
1/3/2024 10:00,45378.6,45420.9,45061,45175.7,11079.822
1/3/2024 9:00,45224.1,45582.3,45207.5,45378.7,14623.762
1/3/2024 8:00,45030.5,45240,45023.7,45224.1,9080.312
1/3/2024 7:00,45362.8,45423,44960,45030.4,12284.417
1/3/2024 6:00,45200,45405.3,45185,45362.7,5647.505
1/3/2024 5:00,45218.8,45330,45150,45200,4979.685
1/3/2024 4:00,45297.8,45309.7,45144,45218.8,4135.829
1/3/2024 3:00,45312.6,45346.8,45188,45297.8,3817.468
1/3/2024 2:00,45347.8,45463.5,45251.7,45312.7,7116.849
1/3/2024 1:00,45168,45379.2,45134.2,45347.8,6424.363
1/3/2024 0:00,44979.7,45250.7,44895.8,45168.1,9891.172
1/2/2024 23:00,45006.7,45083.1,44818.1,44979.8,7349.018
1/2/2024 22:00,45154.9,45338.9,44871,45006.7,11592.184
1/2/2024 21:00,44825.1,45155,44598,45155,16920.986
1/2/2024 20:00,45073.3,45223.1,44762.4,44825.2,15030.281
1/2/2024 19:00,45188.9,45286.9,44783.3,45073.2,15774.741
1/2/2024 18:00,45001.3,45308.4,44969.6,45189,10881.297
1/2/2024 17:00,45393.4,45423.5,44979.9,45001.2,12326.341
1/2/2024 16:00,45215,45449.2,44918,45393.4,20683.503
1/2/2024 15:00,45293.5,45359.9,44868.1,45215,32589.488
1/2/2024 14:00,45686.2,45850,45026,45293.6,35837.352
1/2/2024 13:00,45355.1,45760,45316.4,45686.3,14990.782
1/2/2024 12:00,45486.8,45655,45323.2,45355.1,15529.751
1/2/2024 11:00,45655.7,45767.6,45258,45486.8,17990.732
1/2/2024 10:00,45730,45772.8,45478,45655.7,13818.668
1/2/2024 9:00,45816.8,45950,45667.7,45730.5,14217.371
1/2/2024 8:00,45495.6,45905.9,45365,45816.8,27098.848
1/2/2024 7:00,45202.9,45832.8,45202.5,45495.5,21647.544
1/2/2024 6:00,45218.2,45346.2,45163.9,45202.9,5712.13
1/2/2024 5:00,45211.5,45366,45153,45218.2,7931.571
1/2/2024 4:00,45434.9,45484.4,45193.1,45211.7,11326.594
1/2/2024 3:00,45420,45565,45167.3,45435,18878.543
1/2/2024 2:00,44926.5,45428,44926.5,45420,18557.82
1/2/2024 1:00,45179.7,45485.7,44750,44926.3,33741.976
1/2/2024 0:00,44230.3,45376,44200.9,45179.8,59371.002
1/1/2024 23:00,43584,44266,43583.9,44230.2,25589.427
1/1/2024 22:00,43679.7,43723.8,43426,43583.9,6632.907
1/1/2024 21:00,43753.2,43853,43531.8,43679.8,10536.944
1/1/2024 20:00,43556.2,43915.5,43548.5,43753.3,23648.197
1/1/2024 19:00,43148,43593.2,43133.3,43556.2,17037.283
1/1/2024 18:00,42847,43268,42847,43148,18895.526
1/1/2024 17:00,42759.7,42860.8,42734.8,42847,3411.019
1/1/2024 16:00,42818,42898.9,42693.1,42759.7,7126.615
1/1/2024 15:00,42645.5,42887.5,42617.6,42818,8176.63
1/1/2024 14:00,42753.8,42755.8,42614.5,42645.6,5333.959
1/1/2024 13:00,42682,42787.5,42647.9,42753.9,3269.775
1/1/2024 12:00,42727.7,42825.2,42651.1,42682,6380.463
1/1/2024 11:00,42727.7,42800,42638,42727.6,5965.038
1/1/2024 10:00,42688.8,42795,42661.1,42727.7,5806.743
1/1/2024 9:00,42588.2,42734.2,42570,42688.8,5779.875
1/1/2024 8:00,42527.1,42597.3,42489.4,42588.2,3673.746
1/1/2024 7:00,42423.4,42536,42421.7,42527,4455.05
1/1/2024 6:00,42272.6,42461.3,42239.1,42423.3,3933.019
1/1/2024 5:00,42436.6,42440,42207.9,42272.6,4139.557
1/1/2024 4:00,42369.8,42439.8,42235.2,42436.6,6356.536
1/1/2024 3:00,42620.5,42630,42270,42369.8,8119.88
1/1/2024 2:00,42647.9,42676.9,42530,42620.4,4653.067
1/1/2024 1:00,42503.5,42832,42462,42647.9,9043.411
1/1/2024 0:00,42314,42603.2,42289.6,42503.5,8459.477
12/31/2023 23:00,42294.8,42380.1,42083.1,42314,11676.465
12/31/2023 22:00,42559,42629.5,42111.9,42294.8,11952.346
12/31/2023 21:00,42599.2,42717,42558.2,42558.9,3794.01
12/31/2023 20:00,42659.9,42724.5,42543.3,42599.1,4730.936
12/31/2023 19:00,42701.7,42741.9,42624.7,42659.9,3944.096
12/31/2023 18:00,42651.9,42766.7,42570.1,42701.6,4650.176
12/31/2023 17:00,42630,42700,42508.5,42651.9,5718.125
12/31/2023 16:00,42489.6,42741.6,42465.4,42630,7183.687
12/31/2023 15:00,42565,42628,42383.8,42489.6,7125.744
12/31/2023 14:00,42495.1,42580,42439.2,42565,4229.019
12/31/2023 13:00,42467,42578.6,42413.7,42495,6351.035
12/31/2023 12:00,42561.8,42694,42381,42467,12171.491
12/31/2023 11:00,42694.8,42725.4,42537.8,42561.8,5976.913
12/31/2023 10:00,42782.6,42820,42652.8,42694.9,6199.459
12/31/2023 9:00,42514.9,42951,42484.4,42782.7,18787.244
12/31/2023 8:00,42567,42612.6,42400.2,42515,6680.73
12/31/2023 7:00,42289.2,42729.2,42285,42567,17210.127
12/31/2023 6:00,42235.3,42322.1,42225.5,42289.2,2371.544
12/31/2023 5:00,42265.6,42356.1,42232.1,42235.2,3403.723
12/31/2023 4:00,42209.4,42368,42189.9,42265.5,4702.005
12/31/2023 3:00,42119.6,42226.7,42063.1,42209.4,3897.157
12/31/2023 2:00,42212,42278.3,42001,42119.6,8615.563
12/31/2023 1:00,42395.1,42472.4,42187.9,42212,5407.971
12/31/2023 0:00,42174.3,42478.9,42169,42395.1,6728.723
12/30/2023 23:00,42167.3,42335.2,42131.3,42174.2,4626.446
12/30/2023 22:00,42335.9,42346.1,42106.5,42167.2,4383.08
12/30/2023 21:00,42314,42361.8,42253.9,42335.9,3792.124
12/30/2023 20:00,42395,42431.9,42222.2,42314,6508.185
12/30/2023 19:00,42446.8,42494.4,42375,42395,3649.238
12/30/2023 18:00,42522.1,42550.9,42365,42446.7,6174.244
12/30/2023 17:00,42440,42654.6,42278.7,42522,15059.801
12/30/2023 16:00,42410.4,42643.8,42410.3,42440.1,16131.933
12/30/2023 15:00,42274.7,42473.4,42215.3,42410.3,13451.945
12/30/2023 14:00,42068.2,42300,42068.1,42274.7,14799.824
12/30/2023 13:00,42023.4,42099,41917.4,42068.1,6109.787
12/30/2023 12:00,41933.6,42143,41915.1,42023.3,8385.189
12/30/2023 11:00,41839.2,42007.6,41839.2,41933.6,7418.238
12/30/2023 10:00,41725.1,41850,41708.2,41839.1,6429.086
12/30/2023 9:00,41613.4,41765,41550,41725.1,12987.874
12/30/2023 8:00,41987.1,42032.7,41570,41613.4,13891.926
12/30/2023 7:00,42091.5,42168.9,41960,41987.1,5106.274
12/30/2023 6:00,42148.2,42205.2,42069.1,42091.6,3936.584
12/30/2023 5:00,42026.1,42171.5,42012.3,42148.2,4149.749
12/30/2023 4:00,42014.7,42105.9,42006.9,42026.1,3370.87
12/30/2023 3:00,41940,42055,41854.4,42014.7,5384.719
12/30/2023 2:00,42200,42226.3,41871.6,41940,7374.378
12/30/2023 1:00,42131.4,42241.4,42115.2,42200.1,3824.519
12/30/2023 0:00,42095.1,42250,42038.9,42131.4,6944.657
12/29/2023 23:00,41794.8,42135,41788.1,42095.1,8795.082
12/29/2023 22:00,41974.1,41981.3,41283.2,41794.8,24787.839
12/29/2023 21:00,42073.1,42288.3,41895.7,41974,13716.534
12/29/2023 20:00,42152.9,42163.3,41968.5,42073.2,6575.487
12/29/2023 19:00,42090.9,42196.9,41977.5,42152.8,7316.643
12/29/2023 18:00,41846.2,42152.9,41800.6,42090.9,12172.13
12/29/2023 17:00,42002.2,42086.9,41680,41846.3,29774.089
12/29/2023 16:00,42301.6,42389,41850,42002.9,38443.267
12/29/2023 15:00,43066.1,43082.6,42160,42301.6,35338.375
12/29/2023 14:00,42865,43171.9,42800,43065.6,14731.325
12/29/2023 13:00,42865.8,42926.1,42743,42865,9438.783
12/29/2023 12:00,42908.8,42979.2,42789.1,42865.8,8694.228
12/29/2023 11:00,42726.2,42996.3,42715,42908.9,12612.116
12/29/2023 10:00,42702.9,42861,42668.3,42726.3,9264.677
12/29/2023 9:00,42518.1,42737.9,42463.1,42703,8749.462
12/29/2023 8:00,42314.5,42564.8,42306.8,42518.2,9884.793
12/29/2023 7:00,42569.9,42602.1,42253.2,42314.5,14921.091
12/29/2023 6:00,42724.5,42737.8,42537.9,42569.9,5837.567
12/29/2023 5:00,42706.7,42754.7,42547.8,42724.5,6160.586
12/29/2023 4:00,42738.2,42812.9,42637.4,42706.7,5152.717
12/29/2023 3:00,42620.9,42839.1,42500,42738.1,11110.891
12/29/2023 2:00,42374.8,42665.7,42300,42620.9,9157.239
12/29/2023 1:00,42449.4,42585,42123.1,42374.8,24919.87
12/29/2023 0:00,42600.1,42729.2,42413.3,42449.4,9867.074
12/28/2023 23:00,42674,42788.7,42571.4,42600.1,8396.5
12/28/2023 22:00,42494.5,42674,42415.7,42674,4647.954
12/28/2023 21:00,42554.3,42665,42369.7,42494.4,6497.915
12/28/2023 20:00,42656,42664.3,42407,42554.3,8588.766
12/28/2023 19:00,42526.1,42783,42505.3,42655.9,7948.794
12/28/2023 18:00,42590.3,42699.9,42423.6,42526,8302.136
12/28/2023 17:00,42506.9,42684.9,42504.1,42590.4,7577.297
12/28/2023 16:00,42485.9,42619.9,42320.5,42506.9,17543.806
12/28/2023 15:00,42708.9,42750,42439.6,42485.8,18018.691
12/28/2023 14:00,42837.2,42868.2,42500,42709,24826.549
12/28/2023 13:00,42827.4,42980,42614,42837.3,18273.591
12/28/2023 12:00,43112,43181.1,42772,42827.4,13265.385
12/28/2023 11:00,43142.2,43187.5,43056.3,43112.1,4640.728
12/28/2023 10:00,43085,43233,43048.2,43142.2,5764.688
12/28/2023 9:00,42968.8,43140.9,42900,43085,9107.794
12/28/2023 8:00,43087.3,43117.7,42955.2,42968.7,6503.228
12/28/2023 7:00,43071.2,43101.7,42821,43087.2,15137.383
12/28/2023 6:00,43259.4,43259.4,43010,43071.3,9946.198
12/28/2023 5:00,43349.9,43406.3,43130.1,43259.4,13117.971
12/28/2023 4:00,43444.8,43669.4,43344.1,43349.8,8770.14
12/28/2023 3:00,43390.7,43455,43350,43444.8,3941.974
12/28/2023 2:00,43461.4,43500.7,43333.1,43390.8,7900.764
12/28/2023 1:00,43600,43760.2,43450,43461.4,9744.789
12/28/2023 0:00,43453.8,43850,43409.3,43600,19052.141
12/27/2023 23:00,43355,43500,43354.9,43453.8,6490.839
12/27/2023 22:00,43388.1,43700,43309.8,43355,13397.614
12/27/2023 21:00,43475,43511.7,43271.2,43388.1,8367.321
12/27/2023 20:00,43183.8,43594.8,43146.2,43475,18720.621
12/27/2023 19:00,43217.5,43242.6,43032.7,43183.9,7045.961
12/27/2023 18:00,43052.2,43264,42960.3,43217.6,7660.578
12/27/2023 17:00,43119.9,43187,42890.3,43052.2,9785.815
12/27/2023 16:00,43010,43236.9,42916,43120,13410.928
12/27/2023 15:00,42940.1,43122,42804.9,43009.6,15344.054
12/27/2023 14:00,42942.9,43191.1,42852.9,42940,18885.155
12/27/2023 13:00,42948.1,43025.4,42726.6,42942.8,13852.141
12/27/2023 12:00,43059.3,43095.6,42810,42948.1,10955.398
12/27/2023 11:00,43238.1,43277.1,42931.8,43059.3,15079.885
12/27/2023 10:00,42775.1,43265.3,42731.9,43238.1,28599.617
12/27/2023 9:00,42753.6,42789.3,42658.2,42775.1,5918.85
12/27/2023 8:00,42496,42795.4,42443,42753.6,12185.739
12/27/2023 7:00,42458.5,42538,42429.2,42495.9,3938.732
12/27/2023 6:00,42485.8,42595.5,42445,42458.6,6243.415
12/27/2023 5:00,42335.6,42497.8,42313.3,42485.7,5867.33
12/27/2023 4:00,42274.7,42383.4,42248.5,42335.6,3974.373
12/27/2023 3:00,42264.4,42375,42145.7,42274.7,6210.691
12/27/2023 2:00,42493.1,42516.4,42223.5,42264.4,6897.913
12/27/2023 1:00,42395.7,42536.6,42323.1,42493.1,7161.887
12/27/2023 0:00,42538.6,42580,42383,42395.7,5356.681
12/26/2023 23:00,42494.9,42572.5,42435.3,42538.5,4469.965
12/26/2023 22:00,42361.4,42630.4,42344.2,42494.9,7656.398
12/26/2023 21:00,42168.7,42371.6,42150.7,42361.3,5407.731
12/26/2023 20:00,42149.2,42273.8,42086.9,42168.8,5257.859
12/26/2023 19:00,42196.9,42342.9,42114.3,42149.2,9808.8
12/26/2023 18:00,42049.1,42215.5,41863.3,42196.8,17130.795
12/26/2023 17:00,42367.4,42424.4,41597,42049,44373.51
12/26/2023 16:00,42423.1,42470.6,42158,42367.4,18620.315
12/26/2023 15:00,42633.2,42777.5,42253.7,42423.1,17499.921
12/26/2023 14:00,42757.2,42870,42566.2,42633.3,8348.48
12/26/2023 13:00,42800,42812.4,42645.8,42757.3,7346.232
12/26/2023 12:00,42720,42836.5,42660,42800,5648.349
12/26/2023 11:00,42694.3,42799.4,42606.9,42719.9,6393.121
12/26/2023 10:00,42449,42708.3,42393.5,42694.3,13843.658
12/26/2023 9:00,42736.6,42761.2,42109,42449,24925.527
12/26/2023 8:00,42798.7,42830.9,42687.4,42736.5,7341.545
12/26/2023 7:00,42710.7,42865.4,42653.9,42798.7,7570.827
12/26/2023 6:00,42793,42843.1,42552.3,42710.7,20319.946
12/26/2023 5:00,43480.9,43487.9,42650,42793.2,42717.368
12/26/2023 4:00,43488,43509.9,43397.2,43481,4069.063
12/26/2023 3:00,43457.6,43529,43400,43487.9,4045.992
12/26/2023 2:00,43549.2,43585.5,43450.8,43457.6,3581.04
12/26/2023 1:00,43491.1,43597.6,43463.8,43549.2,4194.637
12/26/2023 0:00,43611.9,43635.1,43425.8,43491.2,5012.599
12/25/2023 23:00,43716.7,43720,43602,43611.9,3825.946
12/25/2023 22:00,43551.1,43772.1,43512.4,43716.6,7912.397
12/25/2023 21:00,43446.9,43576.1,43360,43551.1,5182.362
12/25/2023 20:00,43515.7,43541.3,43354.3,43446.8,6645.998
12/25/2023 19:00,43494,43548.6,43383.2,43515.8,5318.101
12/25/2023 18:00,43601.1,43709.4,43407.2,43494,7820.208
12/25/2023 17:00,43546.6,43701.6,43523.1,43601,5945.22
12/25/2023 16:00,43661,43761.9,43450.4,43546.6,12580.598
12/25/2023 15:00,43723.2,43800,43650.6,43661,7883.303
12/25/2023 14:00,43714,43827.4,43600,43723.2,9587.028
12/25/2023 13:00,43700,43850,43565.1,43714.1,22845.44
12/25/2023 12:00,43200.4,43770.3,43118.3,43700.1,21444.398
12/25/2023 11:00,43204.7,43279.5,43104.4,43200.3,5503.393
12/25/2023 10:00,43182.9,43245.2,43120,43204.6,3670.725
12/25/2023 9:00,43144.3,43227.8,43083.2,43182.8,5182.448
12/25/2023 8:00,43233.3,43320,43132.2,43144.3,5646.395
12/25/2023 7:00,43269.4,43306.8,43203.4,43233.2,3481.601
12/25/2023 6:00,43267.3,43360.4,43236.7,43269.4,5465.149
12/25/2023 5:00,43133.7,43277.8,43126.5,43267.4,4265.224
12/25/2023 4:00,43182.6,43238.2,43121.8,43133.6,4315.791
12/25/2023 3:00,43086.2,43188.5,43036.3,43182.5,3806.305
12/25/2023 2:00,43072.9,43139.1,42887.5,43086.2,6502.538
12/25/2023 1:00,42946.9,43121.5,42934.9,43072.9,6014.065
12/25/2023 0:00,43008.4,43121.5,42755.4,42946.9,13365.641
12/24/2023 23:00,42994.3,43213.8,42902.9,43008.4,12669.746
12/24/2023 22:00,43516.8,43584.6,42550,42994.3,48513.609
12/24/2023 21:00,43522,43594.3,43478,43516.8,3761.872
12/24/2023 20:00,43645.4,43652.2,43456,43522,7508.506
12/24/2023 19:00,43692,43712.9,43583.2,43645.3,2356.909
12/24/2023 18:00,43658.4,43713.5,43600.2,43692.1,3228.366
12/24/2023 17:00,43690.3,43740.3,43634.2,43658.4,3022.074
12/24/2023 16:00,43707.1,43750.6,43568.3,43690.2,7670.544
12/24/2023 15:00,43762,43841.8,43693.6,43707,4752.911
12/24/2023 14:00,43790.9,43908.3,43724,43761.9,10510.021
12/24/2023 13:00,43677.6,43815.2,43651,43790.9,5308.067
12/24/2023 12:00,43666.6,43699,43582.9,43677.6,3223.382
12/24/2023 11:00,43615.3,43674.7,43573.1,43666.6,3432.644
12/24/2023 10:00,43723.4,43733,43421,43615.2,10055.839
12/24/2023 9:00,43659.9,43729.7,43605.6,43723.3,3386.894
12/24/2023 8:00,43678.7,43700,43605.8,43659.8,2479.426
12/24/2023 7:00,43589,43696.3,43549.2,43678.6,4070.519
12/24/2023 6:00,43528,43595.8,43467,43589,6385.213
12/24/2023 5:00,43828.3,43843.6,43454.1,43528.1,12196.329
12/24/2023 4:00,43867.8,43994.8,43788.7,43828.3,5638.313
12/24/2023 3:00,43890.9,43907.6,43833.3,43867.8,2240.535
12/24/2023 2:00,43810,43952.3,43805.9,43891,5038.158
12/24/2023 1:00,43749.4,43948.7,43744.8,43809.9,7889.57
12/24/2023 0:00,43725.2,43751.2,43625.1,43749.3,4627.804
12/23/2023 23:00,43767.5,43839.1,43723.6,43725.2,3485.181
12/23/2023 22:00,43802,43864.7,43757.8,43767.4,2596.44
12/23/2023 21:00,43737.5,43811.8,43688.5,43802,2552.511
12/23/2023 20:00,43729.2,43770,43656.8,43737.8,3159.72
12/23/2023 19:00,43816.3,43850,43720,43729.1,3257.022
12/23/2023 18:00,43778.3,43879.3,43726.6,43816.3,3898.294
12/23/2023 17:00,43817.9,43840,43752,43778.3,2693.241
12/23/2023 16:00,43782,43880.1,43732.5,43817.9,4521.644
12/23/2023 15:00,43818.1,43899.8,43745.7,43782,5740.893
12/23/2023 14:00,43740.9,43839.4,43692.9,43818.1,4473.184
12/23/2023 13:00,43737.4,43808,43667,43740.8,4935.223
12/23/2023 12:00,43583,43795.8,43575.7,43737.5,6685.984
12/23/2023 11:00,43607.9,43654.5,43513.4,43583,4338.642
12/23/2023 10:00,43655.9,43676.9,43591.4,43608,2496.81
12/23/2023 9:00,43646.1,43709.9,43544.8,43655.9,5751.919
12/23/2023 8:00,43582.1,43661.1,43576.7,43646.1,3317.713
12/23/2023 7:00,43653.2,43670,43570.8,43582,3122.132
12/23/2023 6:00,43632.1,43663,43560.8,43653.1,3572.571
12/23/2023 5:00,43531.1,43656.8,43505,43632.2,4903.565
12/23/2023 4:00,43543.2,43543.3,43304.2,43531.2,13419.469
12/23/2023 3:00,43512.7,43625.3,43466,43543.2,6625.007
12/23/2023 2:00,43656.9,43710.3,43464.8,43512.7,11316.015
12/23/2023 1:00,43843.1,43936,43652,43656.9,7450.544
12/23/2023 0:00,43999.2,44023,43826.4,43843,6478.475
12/22/2023 23:00,43826.8,44086,43807,43999.2,9778.554
12/22/2023 22:00,43733,43826.9,43690.2,43826.7,2225.141
12/22/2023 21:00,43672.4,43801.1,43672.4,43733,3128.9
12/22/2023 20:00,43666.5,43775,43650,43672.5,4106.316
12/22/2023 19:00,43983.4,43988.4,43630.4,43666.4,8939.351
12/22/2023 18:00,43712.9,44047.6,43681.5,43983.5,12555.005
12/22/2023 17:00,43587.1,43776,43574.9,43713,5832.529
12/22/2023 16:00,43699.9,43743.4,43503.4,43587.1,7777.688
12/22/2023 15:00,43665.6,43731.7,43574.9,43699.9,8161.914
12/22/2023 14:00,43734.3,43789,43430.4,43665.6,15881.552
12/22/2023 13:00,43596.8,43849.6,43563.7,43734.2,9237.905
12/22/2023 12:00,43783.2,43821,43525.4,43596.7,10021.099
12/22/2023 11:00,43734.5,43877.5,43655.9,43783,7064.082
12/22/2023 10:00,43782.3,43811.4,43684.2,43734.5,6098.376
12/22/2023 9:00,43638.4,43832.1,43480.5,43782.2,17119.562
12/22/2023 8:00,43614,43838.4,43597.3,43638.4,12606.59
12/22/2023 7:00,43906.5,43996.2,43566.1,43614.1,22061.394
12/22/2023 6:00,44172.5,44484,43837.8,43906.4,27747.247
12/22/2023 5:00,44141.2,44278,44116.1,44172.5,8052.262
12/22/2023 4:00,44044.4,44185.8,43957.5,44141.2,5478.949
12/22/2023 3:00,44007.7,44080,43921.6,44044.3,4985.853
12/22/2023 2:00,44159.1,44194.8,43945.7,44007.8,8635.679
12/22/2023 1:00,43866.8,44332.8,43866.8,44159.5,15145.955
12/22/2023 0:00,43896.4,43985.1,43750.2,43866.8,5700.03
12/21/2023 23:00,43980.6,43990,43820.7,43896.3,5398.315
12/21/2023 22:00,44037.9,44060,43920.5,43980.5,5699.941
12/21/2023 21:00,43834.1,44175,43751.3,44037.9,13495.638
12/21/2023 20:00,43623,43834.2,43583.6,43834.2,8867.03
12/21/2023 19:00,43619,43900,43437,43623.1,15406.962
12/21/2023 18:00,43481.5,43676.7,43481.4,43619.1,8709.362
12/21/2023 17:00,43713.2,43713.2,43390,43481.5,16253.084
12/21/2023 16:00,43857.7,43957,43565,43713.2,13381.632
12/21/2023 15:00,43547.5,43983.4,43386.2,43857.7,25111.052
12/21/2023 14:00,44179,44243.4,43463,43547.6,30452.299
12/21/2023 13:00,44081.7,44287.2,43968.5,44179.1,12636.22
12/21/2023 12:00,43969.8,44260,43968.8,44081.7,13689.016
12/21/2023 11:00,44040.1,44172.2,43910,43969.7,12420.649
12/21/2023 10:00,43795,44113.6,43784.5,44040.1,13789.764
12/21/2023 9:00,43709.9,43795,43610,43795,8669.837
12/21/2023 8:00,43794.9,43980,43685,43709.9,11382.226
12/21/2023 7:00,43848.8,43920,43750.4,43794.8,8176.833
12/21/2023 6:00,43541.4,43874.1,43510.8,43848.8,7544.427
12/21/2023 5:00,43667.6,43734.3,43480,43541.4,5451.389
12/21/2023 4:00,43678.6,43749.2,43627,43667.6,4733.063
12/21/2023 3:00,43420.1,43730.6,43403.9,43678.6,9006.143
12/21/2023 2:00,43493.1,43619.9,43317.2,43420.2,10598.611
12/21/2023 1:00,43622.3,43643,43387,43493.2,9418.029
12/21/2023 0:00,43708.9,43775.6,43551.5,43622.4,6630.633
12/20/2023 23:00,43640.6,43709,43494,43708.9,4932.558
12/20/2023 22:00,43499.8,43776.3,43460.4,43640.6,6616.674
12/20/2023 21:00,43481.6,43743.9,43371.6,43499.9,10781.338
12/20/2023 20:00,43760.1,43846,43260.1,43481.7,33948.381
12/20/2023 19:00,44176,44290,43760,43760.1,18369.301
12/20/2023 18:00,44033.5,44242.6,43960.1,44176,15296.093
12/20/2023 17:00,43725.8,44076.2,43616.6,44033.6,20484.372
12/20/2023 16:00,44078.9,44171.2,43511.8,43725.9,24336.575
12/20/2023 15:00,43894.9,44384.6,43850,44079,28406.209
12/20/2023 14:00,43816.8,44224.9,43637.2,43894.9,50462.207
12/20/2023 13:00,43008.9,43839,43004.5,43816.8,53716.722
12/20/2023 12:00,42891.2,43036,42780.1,43008.8,8697.701
12/20/2023 11:00,42895.9,43030,42768.8,42891.4,9076.837
12/20/2023 10:00,42815.6,42896,42693.6,42896,7436.411
12/20/2023 9:00,42808,42984.1,42735.8,42815.7,7737.496
12/20/2023 8:00,42950,43037.2,42772.7,42807,7751.582
12/20/2023 7:00,42901.6,42994.8,42823.7,42950,5971.273
12/20/2023 6:00,42740,43056.9,42656.1,42901.7,15298.607
12/20/2023 5:00,42840.9,42870,42611.7,42739.9,8363.253
12/20/2023 4:00,42451.7,42910,42393.8,42841,17203.274
12/20/2023 3:00,42451.8,42500,42381.6,42451.7,4030
12/20/2023 2:00,42329.1,42485.7,42218.3,42451.8,5536.636
12/20/2023 1:00,42442.9,42519.5,42253.4,42329.2,6121.659
12/20/2023 0:00,42298.2,42467.6,42261.2,42443,6433.764
12/19/2023 23:00,42353.9,42433.1,42225.8,42298.3,6093.702
12/19/2023 22:00,42549.2,42552.6,42273.4,42353.8,6512.615
12/19/2023 21:00,42256.2,42556.8,42240.2,42549.3,7116.067
12/19/2023 20:00,42379.7,42431.2,42152.6,42256.2,8511.158
12/19/2023 19:00,42248.6,42527.8,42172,42379,11908.685
12/19/2023 18:00,41881.8,42271,41835.4,42248.6,15629.961
12/19/2023 17:00,42363.9,42389.6,41860.9,41881.7,35311.159
12/19/2023 16:00,42512.9,42675,42326.3,42363.8,11885.564
12/19/2023 15:00,42386.6,42766.2,42277.2,42512.8,20594.258
12/19/2023 14:00,42894,42940.9,42238.7,42386.6,38219.817
12/19/2023 13:00,42968.1,43068.5,42888,42894,6702.378
12/19/2023 12:00,43004,43060.3,42880.2,42968.1,8857.106
12/19/2023 11:00,43155,43229.9,42976.2,43003.9,7536.619
12/19/2023 10:00,43061,43297.1,42962,43155,10248.103
12/19/2023 9:00,43112.9,43211.3,42978.2,43061,7523.315
12/19/2023 8:00,43062.1,43216.6,43020,43112.9,8857.79
12/19/2023 7:00,42936.2,43144.7,42915.9,43062,7607.221
12/19/2023 6:00,42985.9,43009.3,42840.2,42936.2,5433.953
12/19/2023 5:00,42947,43020.1,42887,42985.9,4852.417
12/19/2023 4:00,43100.1,43159.7,42870.6,42947.1,10733.977
12/19/2023 3:00,43099,43171.1,43016.9,43100.1,6931.64
12/19/2023 2:00,43346.1,43550,43061.3,43099,18385.761
12/19/2023 1:00,42734.2,43445.8,42625,43346.1,30089.915
12/19/2023 0:00,42671.8,42969.8,42595.1,42733.9,19768.663
12/18/2023 23:00,42529.9,42748.3,42529.9,42671.7,11904.375
12/18/2023 22:00,42643,42750,42461.6,42530,14069.016
12/18/2023 21:00,41994.4,42795.3,41983.9,42643.1,36736.432
12/18/2023 20:00,41714.7,42079.4,41590,41994.4,19597.799
12/18/2023 19:00,41661,41750,41641.9,41715.4,7802.862
12/18/2023 18:00,41402.9,41661,41350.6,41660.9,7296.198
12/18/2023 17:00,41514.1,41676.6,41401.1,41403,12642.681
12/18/2023 16:00,41288,41528.6,41170,41514.1,13065.577
12/18/2023 15:00,41631.3,41698.9,41260.8,41288,20766.755
12/18/2023 14:00,41381.3,41780,41281.9,41631.3,27559.285
12/18/2023 13:00,40941.1,41469.3,40931.1,41381.3,19778.707
12/18/2023 12:00,41137.2,41154.9,40916.8,40941.2,8777.966
12/18/2023 11:00,40845.9,41239,40806.5,41137.3,22124.608
12/18/2023 10:00,41079.8,41096.9,40553.8,40845.9,31750.846
12/18/2023 9:00,41218.7,41222.8,40800.3,41079.8,24070.05
12/18/2023 8:00,41160,41285.3,41054.1,41218.6,7563.349
12/18/2023 7:00,41232,41338.7,41123,41159.9,7874.64
12/18/2023 6:00,41032.2,41319.9,41022.5,41232,11486.663
12/18/2023 5:00,41206.1,41219.8,41027,41032.2,6513.346
12/18/2023 4:00,41107,41222,41056.5,41206.1,6421.313
12/18/2023 3:00,40919.8,41133.3,40878,41107,9211.898
12/18/2023 2:00,41001.5,41151,40810.6,40919.9,13301.836
12/18/2023 1:00,41390.6,41445.5,40902,41001.5,21724.649
12/18/2023 0:00,41396.6,41487.5,41206.1,41390.6,13344.824
12/17/2023 23:00,41741.1,41772.9,41248.3,41396.5,22909.725
12/17/2023 22:00,41970.1,41977,41652.3,41741.2,10443.765
12/17/2023 21:00,42152,42152.6,41934.2,41970.1,5439.54
12/17/2023 20:00,42136.5,42226.8,42132.2,42152,3356.263
12/17/2023 19:00,42202.4,42254.3,42078.3,42136.5,4603.471
12/17/2023 18:00,42121.1,42271.2,41800,42202.4,17072.067
12/17/2023 17:00,42142.9,42476,42044.4,42121.2,24876.841
12/17/2023 16:00,41828.5,42177,41707.2,42143,13282.634
12/17/2023 15:00,41646.4,41882.1,41576.2,41828.5,9177.7
12/17/2023 14:00,41877.6,41981,41496,41646.5,18025.629
12/17/2023 13:00,41973.9,41981,41791,41877.5,5605.946
12/17/2023 12:00,41979.8,42033.2,41886.7,41974,5248.941
12/17/2023 11:00,41967,42016.3,41861.3,41979.7,5116.828
12/17/2023 10:00,42003.8,42036.6,41910.6,41967,5159.174
12/17/2023 9:00,41918.6,42022.7,41841.4,42003.8,6055.765
12/17/2023 8:00,41894.6,41929.4,41671.2,41918.7,11567.555
12/17/2023 7:00,42016.7,42063.1,41874.7,41894.6,7288.732
12/17/2023 6:00,41919,42046.2,41817.6,42016.8,7780.077
12/17/2023 5:00,42020,42067.5,41773.2,41919,9621.544
12/17/2023 4:00,41947.1,42086.5,41927.3,42020,4572.723
12/17/2023 3:00,41890.8,42037.7,41888.4,41947.2,5311.416
12/17/2023 2:00,42029,42168.7,41880,41890.8,7590.375
12/17/2023 1:00,42161.3,42275.7,41888,42029,10755.542
12/17/2023 0:00,42287.4,42322.2,42159,42161.2,3860.598
12/16/2023 23:00,42331.3,42361.2,42196.7,42287.4,4382.973
12/16/2023 22:00,42314.5,42343.2,42117.1,42331.3,5881.985
12/16/2023 21:00,42359.7,42395.7,42251,42314.5,4808.506
12/16/2023 20:00,42367.9,42434.3,42257.6,42359.8,4743.653
12/16/2023 19:00,42483.3,42541.8,42340,42367.9,6275.123
12/16/2023 18:00,42526.9,42531.1,42384,42483.4,7362.324
12/16/2023 17:00,42616.5,42620,42477.2,42526.9,5076.898
12/16/2023 16:00,42631.6,42756.7,42504.6,42616.5,12341.541
12/16/2023 15:00,42382.7,42640.8,42330,42631.7,8619.623
12/16/2023 14:00,42417,42484.6,42320.8,42382.7,4441.531
12/16/2023 13:00,42442,42577,42255.6,42417.1,13274.352
12/16/2023 12:00,42350,42515,42286.1,42442,9030.206
12/16/2023 11:00,42280,42368.9,42240.2,42349.9,4214.618
12/16/2023 10:00,42232,42287.1,42216.2,42279.9,2203.205
12/16/2023 9:00,42198.6,42310,42198.6,42232,4629.876
12/16/2023 8:00,42243,42288.7,42114.7,42198.6,5054.232
12/16/2023 7:00,42231.9,42297.4,42182.1,42243.1,3217.331
12/16/2023 6:00,42291.8,42340,42162.1,42232,4721.72
12/16/2023 5:00,42312.8,42336.3,42224,42291.8,4207.714
12/16/2023 4:00,42354.5,42380.9,42271.2,42312.8,5013.307
12/16/2023 3:00,42173.7,42448.4,42132.5,42354.5,11252.787
12/16/2023 2:00,42094.8,42230,42085,42173.6,5975.419
12/16/2023 1:00,41934.2,42182,41912.5,42094.9,8592.507
12/16/2023 0:00,41968,42085,41638.1,41934.2,15228.028
12/15/2023 23:00,42081.8,42195.4,41915.7,41968,9713.512
12/15/2023 22:00,42254.9,42264.2,41957,42081.8,8591.845
12/15/2023 21:00,42235.6,42259.1,42123.2,42255.2,4737.621
12/15/2023 20:00,42124.9,42280,42101.8,42235,7151.876
12/15/2023 19:00,42137,42222.7,41983.3,42124.9,9017.533
12/15/2023 18:00,41874.4,42153.5,41849.1,42136.9,7625.185
12/15/2023 17:00,41818.6,42091.6,41792,41874.4,13236.649
12/15/2023 16:00,41930.4,42122.7,41715,41818.5,16968.519
12/15/2023 15:00,42202.8,42287.1,41668,41930.3,29575.851
12/15/2023 14:00,42311.4,42379.9,42020.4,42202.8,20227.293
12/15/2023 13:00,42631.1,42641.7,42211.5,42311.4,25350.718
12/15/2023 12:00,42800,42809.6,42625,42631.2,8343.586
12/15/2023 11:00,42867,42881.7,42715.1,42800,5602.043
12/15/2023 10:00,42859.8,42920,42759.6,42867,6153.913
12/15/2023 9:00,42882.8,43054,42817.4,42859.8,10468.336
12/15/2023 8:00,42724.8,42890,42645.9,42882.8,11403.923
12/15/2023 7:00,42584,42726,42565.3,42724.8,6342.283
12/15/2023 6:00,42609.6,42659.6,42518.7,42583.9,6601.154
12/15/2023 5:00,42827.7,42905.1,42570.7,42609.7,10244.099
12/15/2023 4:00,42813.5,42831.6,42716,42827.4,5454.156
12/15/2023 3:00,42898.8,42908.6,42410.5,42813.5,16663.628
12/15/2023 2:00,42995.4,43027.2,42828.4,42898.7,5951.075
12/15/2023 1:00,42902.1,43062,42896.3,42995.4,4594.028
12/15/2023 0:00,43032.3,43098,42873.6,42902.1,7158.187
12/14/2023 23:00,43077.4,43193.9,42940.9,43032.4,7427.68
12/14/2023 22:00,42985.7,43129.8,42924.3,43077.3,4788.56
12/14/2023 21:00,42928,43033.2,42886.9,42985.7,4476.564
12/14/2023 20:00,43105,43119.6,42851.3,42928.1,8641.106
12/14/2023 19:00,42867.3,43132,42813.3,43105,9283.119
12/14/2023 18:00,43216.4,43222.3,42846.3,42867.3,17865.715
12/14/2023 17:00,42598,43450.1,42574,43216.3,42864.654
12/14/2023 16:00,42454.1,42698,42454.1,42598,14599.917
12/14/2023 15:00,42664.9,42708.8,42216.4,42454.1,19201.413
12/14/2023 14:00,42564.8,42791.4,42352.8,42664.9,27435.918
12/14/2023 13:00,43100.2,43110.5,41140,42564.7,85060.534
12/14/2023 12:00,43269.9,43379.3,43045,43100.1,13265.2
12/14/2023 11:00,42967.6,43336.7,42894,43269.9,19063.34
12/14/2023 10:00,42897.9,43032.6,42789,42967.7,7473.584
12/14/2023 9:00,42767,42938.3,42684.4,42898,8040.261
12/14/2023 8:00,42910.2,43022,42765.5,42766.9,8479.635
12/14/2023 7:00,42911.3,42950,42761.2,42910.1,6780.48
12/14/2023 6:00,42817.8,43126.2,42777.6,42911.2,15475.239
12/14/2023 5:00,42713.5,42828.5,42705.6,42817.8,4633.121
12/14/2023 4:00,42726.8,42799.5,42682.1,42713.4,5052.003
12/14/2023 3:00,42775,42815.4,42674.5,42726.9,4912.469
12/14/2023 2:00,42848,42871.9,42670.5,42775,7744.468
12/14/2023 1:00,42792.9,42863.7,42720.5,42848,6222.456
12/14/2023 0:00,42875,42950,42673.9,42792.9,12840.889
12/13/2023 23:00,42987.9,43053.7,42850,42875,12716.365
12/13/2023 22:00,43000.6,43517.6,42952.3,42987.9,31625.901
12/13/2023 21:00,42880.1,43222,42718.8,43000.6,23646.38
12/13/2023 20:00,42746.7,42898.2,42580,42880.1,18525.597
12/13/2023 19:00,42149.3,42921.9,42149.3,42746.8,45983.766
12/13/2023 18:00,42138.1,42220,42000.6,42149.3,10298.873
12/13/2023 17:00,41893.9,42154,41826.5,42138.1,14013.402
12/13/2023 16:00,41960,42250,41735.6,41894,32295.974
12/13/2023 15:00,41459.6,41979,41454,41960,34223.637
12/13/2023 14:00,41488,41517.7,41331,41459.6,9994.203
12/13/2023 13:00,41236.6,41520,41211.3,41488.1,16595.015
12/13/2023 12:00,41035.3,41295.4,41010.6,41236.6,10700.873
12/13/2023 11:00,41171.9,41252.6,40976.9,41035.2,8622.031
12/13/2023 10:00,41249.5,41288,41106,41171.9,7196.336
12/13/2023 9:00,41291.8,41291.8,41090.2,41249.5,8102.097
12/13/2023 8:00,41146.3,41315.4,41140.8,41291.8,7023.775
12/13/2023 7:00,40885.5,41275.7,40812.9,41146.3,16230.935
12/13/2023 6:00,41046.4,41085.1,40840,40885.5,9110.278
12/13/2023 5:00,40921.4,41053.2,40862.4,41046.5,7482.451
12/13/2023 4:00,40858.6,40945,40650,40921.4,12210.666
12/13/2023 3:00,41034,41070.9,40781.5,40858.5,11486.421
12/13/2023 2:00,41055.6,41174.1,40556,41033.7,23432.344
12/13/2023 1:00,41432.6,41464.3,40913.7,41055.6,16983.638
12/13/2023 0:00,41514.9,41524.2,41326.1,41432.6,8209.338
12/12/2023 23:00,41258.1,41577,41256.9,41515,10866.935
12/12/2023 22:00,41131.2,41309.2,41106.7,41258,5479.601
12/12/2023 21:00,41254.6,41419,41060.5,41131.2,9034.082
12/12/2023 20:00,41169.7,41320,41091.6,41254.6,10776.708
12/12/2023 19:00,41335,41359.5,41050,41169.6,13613.591
12/12/2023 18:00,40734.5,41473.7,40711,41334.9,25222.787
12/12/2023 17:00,41372,41373.4,40730,40734.5,31639.647
12/12/2023 16:00,41376.7,41488,41115.5,41372.1,18214.05
12/12/2023 15:00,41495.1,41613,41171.2,41376.6,26309.814
12/12/2023 14:00,41833.7,41894.2,41320,41495.1,26124.173
12/12/2023 13:00,41875,42085.9,41760,41833.6,22490.987
12/12/2023 12:00,41606.7,41929.2,41606.2,41875,11067.14
12/12/2023 11:00,41827.8,41841,41570.8,41606.7,9558.339
12/12/2023 10:00,41819.1,41848.7,41728,41827.7,9754.462
12/12/2023 9:00,42049.5,42052,41814.8,41819.1,9619.733
12/12/2023 8:00,41930,42125,41791,42049.5,13610.501
12/12/2023 7:00,41719.8,42095.3,41704,41930.1,19409.786
12/12/2023 6:00,41590.3,41724.6,41425.3,41719.8,9298.264
12/12/2023 5:00,41411.9,41713.1,41411.8,41590.4,8740.54
12/12/2023 4:00,41760.3,41791.8,41401,41411.8,12163.311
12/12/2023 3:00,41879.9,41911.9,41737.9,41760.3,7594.763
12/12/2023 2:00,41703.5,41963,41690.1,41879.9,9917.418
12/12/2023 1:00,41735.5,41885.5,41613.1,41703.5,10831.649
12/12/2023 0:00,41271.1,41790,41202.1,41735.4,25202.837
12/11/2023 23:00,41305.9,41325,41155,41271,7675.901
12/11/2023 22:00,41225.1,41375.4,41151.6,41305.9,8291.985
12/11/2023 21:00,40882.1,41318,40866.1,41225.1,19828.181
12/11/2023 20:00,40799.3,40959,40571,40882.1,23417.175
12/11/2023 19:00,41078.1,41144,40228.3,40799.4,53233.183
12/11/2023 18:00,41379.4,41380.1,40562.5,41078.1,71986.956
12/11/2023 17:00,41831.1,41831.2,41315,41379.4,18285.298
12/11/2023 16:00,41824.6,41892.6,41391,41831.1,39601.62
12/11/2023 15:00,41868.4,42071.4,41682.2,41824.7,18194.021
12/11/2023 14:00,42020.1,42142,41826.8,41868.3,22913.266
12/11/2023 13:00,42218,42267.5,41900.4,42020,17676.399
12/11/2023 12:00,42346.6,42398.3,42184.2,42218,8069.14
12/11/2023 11:00,42381.2,42490.5,42153.1,42346.6,12615.094
12/11/2023 10:00,42386.2,42489.3,42346.4,42381.3,8585.484
12/11/2023 9:00,42246.4,42419.8,42188,42386.2,10614.645
12/11/2023 8:00,42128.1,42295,41979.1,42246.5,12071.968
12/11/2023 7:00,42130.7,42326.3,42085.5,42128,13855.193
12/11/2023 6:00,42053.5,42222,41730.4,42130.8,19116.601
12/11/2023 5:00,42172.1,42214.9,41622.3,42053.4,23837.994
12/11/2023 4:00,42312.7,42330,42000.5,42172.1,18412.757
12/11/2023 3:00,41962.3,42554.8,41880,42312.8,25494.218
12/11/2023 2:00,43241.8,43253.6,40272.1,41962.2,126931.452
12/11/2023 1:00,43642.3,43647.2,43202,43241.7,32828.238
12/11/2023 0:00,43810.1,43833.4,43619,43642.3,7216.67
12/10/2023 23:00,43805.6,43872.8,43552.5,43810,13593.485
12/10/2023 22:00,43833.4,43925.7,43800,43805.7,4076.666
12/10/2023 21:00,43996.9,44099.2,43776.7,43833.4,10506.952
12/10/2023 20:00,43819.5,44011.9,43807.3,43996.9,5546.69
12/10/2023 19:00,43864.5,43907.6,43753.8,43819.5,4036.043
12/10/2023 18:00,43851.6,43950,43842.5,43864.6,3994.072
12/10/2023 17:00,43856.9,43877.8,43789.9,43851.5,3486.406
12/10/2023 16:00,43945.3,43976.3,43806,43856.9,4925.184
12/10/2023 15:00,43861.8,44039.7,43853.3,43945.4,8231.408
12/10/2023 14:00,43871.3,43930,43787.3,43861.7,5164.821
12/10/2023 13:00,43912.1,43949,43769,43871.4,6742.352
12/10/2023 12:00,43760.1,43942.9,43750,43912.1,7359.368
12/10/2023 11:00,43726.6,43791.6,43700,43760.1,4364.309
12/10/2023 10:00,43625,43750,43625,43726.6,6699.01
12/10/2023 9:00,43799.7,43847.3,43624,43625.1,11795.998
12/10/2023 8:00,43995.8,44075.5,43763,43799.8,11427.565
12/10/2023 7:00,43941.2,44042.8,43871.7,43995.8,4533.517
12/10/2023 6:00,43927.5,43966.4,43897,43941.2,2289.191
12/10/2023 5:00,43972.7,43996.5,43905.9,43927.5,3533.662
12/10/2023 4:00,43870.8,44006,43849.9,43972.7,5371.864
12/10/2023 3:00,43777.9,43875,43744.6,43870.7,2726.429
12/10/2023 2:00,43824,43845.9,43740,43778,4464.312
12/10/2023 1:00,43800,43893.4,43734,43824,4001.004
12/10/2023 0:00,43734.2,43820,43694,43800,5677.951
12/9/2023 23:00,43931.6,43958.4,43555,43734.3,20719.787
12/9/2023 22:00,44012.3,44075,43931.5,43931.6,2593.402
12/9/2023 21:00,44018,44140,43903.4,44012.3,5611.38
12/9/2023 20:00,43954.8,44025.8,43883.2,44018,4393.305
12/9/2023 19:00,43993.2,44045.3,43945.9,43954.8,2521.574
12/9/2023 18:00,43922.3,44018.8,43903.6,43993.2,3971.648
12/9/2023 17:00,44052.1,44078.3,43915.5,43922.2,6689.744
12/9/2023 16:00,44088,44131,43974.1,44052.1,8005.343
12/9/2023 15:00,43963.6,44160.7,43885.3,44088,10400.708
12/9/2023 14:00,44030,44180.8,43770.8,43963.6,17072.045
12/9/2023 13:00,43938.9,44084,43907.3,44030,9211.842
12/9/2023 12:00,43838.2,43939,43762.1,43939,6373.787
12/9/2023 11:00,43863.9,43922.2,43771.7,43838.3,5869.613
12/9/2023 10:00,43865.6,43940.2,43835.9,43863.9,4809.763
12/9/2023 9:00,43861.8,43987.8,43754.1,43865.5,11255.734
12/9/2023 8:00,44220.7,44238,43749.1,43861.7,24240.152
12/9/2023 7:00,44245.5,44309.8,44150,44220.6,6571.906
12/9/2023 6:00,44313.9,44373.4,44210.3,44245.7,4646.003
12/9/2023 5:00,44259.9,44389.2,44250.1,44314,6041.852
12/9/2023 4:00,44175,44316.1,44174.9,44260,4005.13
12/9/2023 3:00,44147.7,44264.3,44145,44175,3813.919
12/9/2023 2:00,44148,44236.5,44125.5,44147.7,4805.63
12/9/2023 1:00,44207.6,44230,44071.2,44148,7951.476
12/9/2023 0:00,44209.6,44324.7,44173.7,44207.4,7763.913
12/8/2023 23:00,44296.6,44369,44151.1,44209.5,9361.273
12/8/2023 22:00,44572,44617.5,44265.7,44296.6,11147.705
12/8/2023 21:00,44393.1,44779.3,44256.9,44572,34775.248
12/8/2023 20:00,43967.7,44444,43967.7,44393.2,21003.962
12/8/2023 19:00,43825.7,44003.5,43812.5,43967.6,5426.863
12/8/2023 18:00,43760.1,43955,43753.6,43825.7,7975.24
12/8/2023 17:00,43842.6,43872.2,43650,43760.1,10559.99
12/8/2023 16:00,43778.6,43979.5,43775,43842.6,14407.135
12/8/2023 15:00,43993.7,44020.8,43778.5,43778.5,15722.238
12/8/2023 14:00,43599,44081.6,43592.8,43993.7,25201.897
12/8/2023 13:00,43770.4,43790,43501.7,43599,16697.243
12/8/2023 12:00,43687.3,43840,43544.3,43770.3,14633.935
12/8/2023 11:00,43395,43780,43394.9,43687.3,19971.912
12/8/2023 10:00,43163.2,43395,43100,43394.9,8382.294
12/8/2023 9:00,43243,43325,43140.1,43163.3,6031.709
12/8/2023 8:00,43184.6,43299,43122.2,43242.9,7857.179
12/8/2023 7:00,43393.3,43430,43108.8,43184.5,15026.384
12/8/2023 6:00,43458.7,43538.1,43387.5,43393.3,5458.828
12/8/2023 5:00,43486.4,43546.4,43415.7,43458.6,3522.959
12/8/2023 4:00,43402.7,43586.5,43380,43486.4,6769.75
12/8/2023 3:00,43524.3,43548,43395,43402.8,4711.673
12/8/2023 2:00,43430,43559,43420.2,43524.3,6308.038
12/8/2023 1:00,43425.2,43445,43337.1,43429.9,4561.912
12/8/2023 0:00,43296,43435.9,43286.8,43425.1,6365.226
12/7/2023 23:00,43159.7,43417.3,43156.3,43296,9240.2
12/7/2023 22:00,43397.1,43439,43151,43159.7,7168.23
12/7/2023 21:00,43266.9,43490,43248.4,43397.2,10318.95
12/7/2023 20:00,43239.2,43362,43122.2,43266.8,9534.897
12/7/2023 19:00,43327.4,43357.6,43091.5,43239.2,13037.8
12/7/2023 18:00,43448.8,43485.2,43267.2,43327.4,11619.525
12/7/2023 17:00,43710.9,43721.2,43250,43448.8,19794.229
12/7/2023 16:00,43680,43786.9,43505,43711,16714.558
12/7/2023 15:00,43501.1,43959.1,43455,43679.8,34787.831
12/7/2023 14:00,43318.1,43550,43270,43501.2,12639.884
12/7/2023 13:00,43433.2,43542.9,43200.6,43318,15768.711
12/7/2023 12:00,43206.4,43434,42964.7,43433.2,22489.433
12/7/2023 11:00,43150.1,43400,43130,43206.4,14617.58
12/7/2023 10:00,43376.1,43449.6,43075,43150,22455.1
12/7/2023 9:00,43602.9,43650,42815,43376.2,66611
12/7/2023 8:00,43899.4,43911.5,43550,43602.8,20344.829
12/7/2023 7:00,43875,43962.5,43870.5,43899.4,3896.51
12/7/2023 6:00,44019.9,44038.5,43835.7,43875.1,5798.112
12/7/2023 5:00,43983.3,44064,43942,44019.9,4595.322
12/7/2023 4:00,43941.4,44066.7,43888,43983.2,6013.709
12/7/2023 3:00,43984.7,44020,43924.6,43941.3,3360.57
12/7/2023 2:00,43937.6,44011,43916.7,43984.6,4335.867
12/7/2023 1:00,43840.1,43960,43836.5,43937.5,5287.897
12/7/2023 0:00,43775.1,43920,43720.9,43840.2,5991.214
12/6/2023 23:00,43776,43830,43610,43774.8,7581.219
12/6/2023 22:00,43837.7,43974.1,43623,43776,7842.848
12/6/2023 21:00,43756.1,43871.5,43607.3,43837.8,12764.093
12/6/2023 20:00,44008.8,44086,43748.2,43756.1,10501.353
12/6/2023 19:00,43955.2,44149.4,43932.1,44008.8,8566.741
12/6/2023 18:00,43971.4,44020,43876.5,43955.2,7225.126
12/6/2023 17:00,43873.3,44173.7,43830.2,43971.4,15376.589
12/6/2023 16:00,43795.3,44061.1,43750,43873.3,16634.351
12/6/2023 15:00,44071.3,44123,43730,43795.3,23558.673
12/6/2023 14:00,44111,44305.1,43914,44071.2,31802.031
12/6/2023 13:00,44049.9,44193.8,43984.6,44111.1,12602.587
12/6/2023 12:00,43853.4,44249,43789.5,44050,30184
12/6/2023 11:00,44126.9,44147.8,43377,43853.3,39806.738
12/6/2023 10:00,43890.7,44349.8,43877.6,44127,29391.097
12/6/2023 9:00,43831.2,44076.9,43688,43890.8,14698.686
12/6/2023 8:00,43697.1,43893.6,43655,43831.1,13527.458
12/6/2023 7:00,43685.9,43741.4,43517.7,43697.1,11592.872
12/6/2023 6:00,43691.9,43749.6,43451,43685.9,15341.851
12/6/2023 5:00,43742,43859.6,43558,43691.9,12890.972
12/6/2023 4:00,43757.6,43879.6,43603.4,43742.1,9832.022
12/6/2023 3:00,43912.5,43929.6,43678.8,43757.7,8261.779
12/6/2023 2:00,43885.2,43925.2,43569.2,43912.5,12798.54
12/6/2023 1:00,44155.4,44160.1,43750.2,43885.2,13547.441
12/6/2023 0:00,44081.7,44159,43833.5,44155.4,17628.671
12/5/2023 23:00,44299.9,44300,43856,44081.7,23672.554
12/5/2023 22:00,43907,44528.1,43802.3,44299.8,35032.788
12/5/2023 21:00,43797.5,44300,43690.1,43907,25526.78
12/5/2023 20:00,43834,43870.7,43420.6,43797.5,21929.616
12/5/2023 19:00,43724.2,43981.8,43586,43834,27575.914
12/5/2023 18:00,43389.2,44147.1,43330,43724.2,52793.713
12/5/2023 17:00,42712.7,44191.6,42675,43389.3,129310.701
12/5/2023 16:00,42266.8,42882,42124.6,42712.6,50067.338
12/5/2023 15:00,42189.9,42542,42083.7,42266.7,38014.941
12/5/2023 14:00,41826.2,42250,41810,42189.8,26212.74
12/5/2023 13:00,41869.6,42100,41811.1,41826.3,21992.987
12/5/2023 12:00,41730.9,41877.9,41694,41869.6,10975.709
12/5/2023 11:00,41618,41747.4,41567.1,41730.9,8876.056
12/5/2023 10:00,41701,41763.1,41618,41618.1,6490.165
12/5/2023 9:00,41614.8,41731.5,41587.4,41701,6404.922
12/5/2023 8:00,41534.3,41644,41422,41614.8,13417.199
12/5/2023 7:00,41721.4,41732,41393.5,41534.2,20612.961
12/5/2023 6:00,41910,41917.9,41662,41721.4,8827.923
12/5/2023 5:00,41779.7,41922.8,41723.9,41910,7831.878
12/5/2023 4:00,41832,41836,41728.5,41779.8,3949.944
12/5/2023 3:00,41742.8,41839.7,41707.1,41832,5328.834
12/5/2023 2:00,41808.3,41822.6,41630,41742.8,8184.285
12/5/2023 1:00,41926,41934.7,41630,41808.3,11931.064
12/5/2023 0:00,41993.1,41993.1,41748.1,41925.9,10077.029
12/4/2023 23:00,41953.5,42012.6,41802,41993.1,10716.501
12/4/2023 22:00,42050,42440,41858.2,41953.6,36855.152
12/4/2023 21:00,41779.1,42071.6,41722.8,42050,9305.85
12/4/2023 20:00,42000.9,42020,41728.5,41779,13332.395
12/4/2023 19:00,41733.3,42091.1,41712.2,42001,23199.122
12/4/2023 18:00,41622.7,41777.1,41518,41733.3,11000.026
12/4/2023 17:00,41641.9,41779.7,41560.8,41621.7,16900.415
12/4/2023 16:00,41280.9,41645.4,41186.8,41642,19533.649
12/4/2023 15:00,41653.6,41664.5,41120.1,41280.8,35290.331
12/4/2023 14:00,41741.9,41800,41470,41653.7,20487.861
12/4/2023 13:00,41801.8,41920,41718.3,41742,16496.583
12/4/2023 12:00,41605.9,41839.6,41494.2,41801.8,26058.98
12/4/2023 11:00,41991.3,42179,41336.1,41605.9,63483.373
12/4/2023 10:00,41559.5,42135,41550.2,41991.3,35613.466
12/4/2023 9:00,41705.5,41841.2,41538.2,41559.6,21753.663
12/4/2023 8:00,41471.9,41761.4,41388.4,41705.5,16200.482
12/4/2023 7:00,41410.6,41577,41318.5,41471.9,15697.614
12/4/2023 6:00,41517.1,41792,41352.5,41410.5,39633.832
12/4/2023 5:00,40915.1,41599.9,40867.1,41517.1,55351.004
12/4/2023 4:00,40720.6,40950,40693.5,40915.1,14911.321
12/4/2023 3:00,40697.5,40908.4,40685.2,40720.7,13248.934
12/4/2023 2:00,40613.6,40720.3,40487.3,40697.6,15777.295
12/4/2023 1:00,40217.7,40915.3,40162.1,40613.7,54483.71
12/4/2023 0:00,39979.8,40246,39970.4,40217.6,17161.3
12/3/2023 23:00,40079.9,40207.8,39776,39979.7,25234.211
12/3/2023 22:00,39704.6,40410.1,39680.8,40079.9,47157.004
12/3/2023 21:00,39556.1,39759,39556.1,39704.7,5251.671
12/3/2023 20:00,39555.2,39628.9,39541.4,39556.1,3616.97
12/3/2023 19:00,39530,39566.5,39420.8,39555.1,4510.539
12/3/2023 18:00,39519,39576.6,39481.2,39530,3522.387
12/3/2023 17:00,39658.7,39668.4,39442.4,39519,10542.975
12/3/2023 16:00,39758.5,39847,39637.7,39658.8,13054.586
12/3/2023 15:00,39526.9,39820,39476.1,39758.5,12876.16
12/3/2023 14:00,39664.2,39746.5,39525,39527,15307.345
12/3/2023 13:00,39393.3,39791.3,39373.9,39664.1,23301.549
12/3/2023 12:00,39471.3,39501.5,39367,39393.3,5247.043
12/3/2023 11:00,39538.8,39538.9,39437.8,39471.4,4984.421
12/3/2023 10:00,39449.8,39539.3,39403.6,39538.9,4774.919
12/3/2023 9:00,39393.5,39459.9,39386.3,39449.8,3095.179
12/3/2023 8:00,39474.1,39480,39390.8,39393.5,2658.68
12/3/2023 7:00,39406.3,39488,39388,39474.1,3816.61
12/3/2023 6:00,39406.4,39444,39359.6,39406.4,2658.819
12/3/2023 5:00,39348.8,39436,39307.7,39406.4,3280.382
12/3/2023 4:00,39376,39416.3,39338,39348.8,4185.32
12/3/2023 3:00,39348.9,39379,39255.2,39376,6801.02
12/3/2023 2:00,39472,39535.8,39335.7,39348.9,6168.332
12/3/2023 1:00,39485.7,39549,39459.5,39472,4464.733
12/3/2023 0:00,39435.1,39514.3,39384.7,39485.6,5407.05
12/2/2023 23:00,39343.1,39464,39313.5,39435,5402.81
12/2/2023 22:00,39553.1,39605.5,39270.8,39343.1,12115.501
12/2/2023 21:00,39570.2,39725,39411.7,39553,15903.546
12/2/2023 20:00,39416.4,39598,39272.7,39570.1,14986.311
12/2/2023 19:00,38856.3,39900,38854.1,39416.4,77140.41
12/2/2023 18:00,38779.4,38967.2,38760.5,38856.2,15129.987
12/2/2023 17:00,38728,38779.4,38720.9,38779.3,2163.692
12/2/2023 16:00,38786.9,38794.7,38688.1,38727.9,4175.185
12/2/2023 15:00,38758.4,38813.5,38688,38787,6863.402
12/2/2023 14:00,38796.3,38836.6,38704,38758.4,5023.11
12/2/2023 13:00,38764,38859.5,38743.3,38796.3,6322.504
12/2/2023 12:00,38722.8,38781.3,38716.4,38764,3279.496
12/2/2023 11:00,38735.8,38739.3,38689.1,38722.8,2682.11
12/2/2023 10:00,38757.5,38775.9,38732,38735.7,2279.676
12/2/2023 9:00,38694,38771.9,38685.8,38757.5,3312.433
12/2/2023 8:00,38683.9,38723.3,38620,38694,4620.092
12/2/2023 7:00,38762.6,38815.5,38680,38683.9,5266.689
12/2/2023 6:00,38727.3,38772.1,38700.5,38762.7,3191.468
12/2/2023 5:00,38804,38807.8,38727.2,38727.3,3314.093
12/2/2023 4:00,38767.4,38804,38700,38804,4420.481
12/2/2023 3:00,38703.4,38767.5,38697,38767.5,2416.861
12/2/2023 2:00,38734.4,38753.8,38641.2,38703.5,3374.44
12/2/2023 1:00,38692,38788,38672.1,38734.4,4791.448
12/2/2023 0:00,38659.9,38713.5,38613.5,38692,5034.566
12/1/2023 23:00,38683.7,38721,38622.3,38660,5499.257
12/1/2023 22:00,38760.4,38833.9,38669.3,38683.7,5018.151
12/1/2023 21:00,38734.7,38888,38734.7,38760.4,6186.007
12/1/2023 20:00,38750,38850,38700,38734.7,5951.4
12/1/2023 19:00,38691.8,38776.5,38612.2,38750.1,8897.959
12/1/2023 18:00,38787.1,38920.9,38685.2,38691.7,10926.704
12/1/2023 17:00,38790.1,38880,38689.3,38787.1,14196.141
12/1/2023 16:00,38401.4,38989,38383,38790,48700.511
12/1/2023 15:00,38315.7,38438.8,38280.7,38401.5,9318.683
12/1/2023 14:00,38361.3,38388.8,38209.6,38315.7,13532.59
12/1/2023 13:00,38356.1,38434.4,38288.9,38361.3,10501.41
12/1/2023 12:00,38578,38629.9,38288.8,38356,20898.909
12/1/2023 11:00,38536.9,38657.7,38510,38578,8503.575
12/1/2023 10:00,38706.1,38844,38532.1,38537,23350.25
12/1/2023 9:00,38298.1,38750,38298.1,38706.1,48911.374
12/1/2023 8:00,38234.9,38364,38205.2,38298.1,11198.412
12/1/2023 7:00,38198.1,38344.8,38182.4,38234.9,19719.487
12/1/2023 6:00,38106.7,38208,38060.7,38198.1,6623.041
12/1/2023 5:00,38170.4,38195.3,38083,38106.6,6561.504
12/1/2023 4:00,38030.1,38236.6,38005.9,38170.5,16655.059
12/1/2023 3:00,37977.9,38056.8,37933.4,38030.2,8535.38
12/1/2023 2:00,37927.4,38070,37852.1,37977.8,10909.863
12/1/2023 1:00,37665.5,37960,37626.6,37927.3,15632.157
12/1/2023 0:00,37716.9,37734.6,37600,37665.6,6134.17
11/30/2023 23:00,37685.9,37720.1,37585,37716.8,5806.75
11/30/2023 22:00,37730.9,37805,37667,37685.8,3399.703
11/30/2023 21:00,37720.2,37760.3,37684.2,37730.8,2299.085
11/30/2023 20:00,37745.4,37756,37683.6,37720.1,3098.473
11/30/2023 19:00,37733.6,37794.3,37672.7,37745.3,3651.796
11/30/2023 18:00,37728.7,37807,37693.7,37733.6,5956.345
11/30/2023 17:00,37651.5,37749.9,37619.8,37728.7,4103.806
11/30/2023 16:00,37613.9,37719.5,37520,37651.4,8377.328
11/30/2023 15:00,37646.1,37720,37508,37614,12476.378
11/30/2023 14:00,37709.5,37774.6,37442.9,37646.1,28815.219
11/30/2023 13:00,37861.9,37964.6,37600,37709.6,18387.134
11/30/2023 12:00,37867.1,37913.6,37812,37861.8,8762.464
11/30/2023 11:00,37661.7,37895,37638.4,37867.1,9585.625
11/30/2023 10:00,37702.7,37755.7,37661.7,37661.7,4441.485
11/30/2023 9:00,37652.5,37727.8,37601,37702.7,6017.003
11/30/2023 8:00,37783.1,37805.2,37570.9,37652.5,14104.337
11/30/2023 7:00,37854.9,37891,37755.8,37783.2,5556.42
11/30/2023 6:00,37871.2,37939.6,37780.6,37855,7357.015
11/30/2023 5:00,37958.4,38001.8,37837.5,37871.1,6205.16
11/30/2023 4:00,38034.4,38132,37944,37958.3,10104.077
11/30/2023 3:00,37858.5,38035,37827.5,38034.5,7540.909
11/30/2023 2:00,37685.7,37909.9,37673,37858.6,6120.693
11/30/2023 1:00,37759.5,37800,37681.3,37685.8,3787.064
11/30/2023 0:00,37837.2,37854.2,37749.5,37759.5,5208.726
11/29/2023 23:00,37777.7,37856.1,37706.1,37837.1,5119.517
11/29/2023 22:00,37727.2,37830,37723.8,37777.6,3009.676
11/29/2023 21:00,37662.7,37770,37564.2,37727.2,8268.171
11/29/2023 20:00,37861,37871.7,37605.9,37662.7,10181.214
11/29/2023 19:00,37849.9,37924.5,37771.6,37861.1,6274.713
11/29/2023 18:00,37765.2,37850,37656.1,37850,7235.849
11/29/2023 17:00,37752.1,37870.9,37654,37765.2,7050.578
11/29/2023 16:00,37817.6,37866.6,37641,37752.1,14582.267
11/29/2023 15:00,37809,37879.7,37551.8,37817.6,33208.085
11/29/2023 14:00,38106.9,38175.8,37768,37808.9,21955.358
11/29/2023 13:00,38147.8,38243.9,38083,38106.9,8496.855
11/29/2023 12:00,38098.6,38285,38039.1,38147.9,10988.56
11/29/2023 11:00,37965,38157.8,37901,38098.6,11171.366
11/29/2023 10:00,38275.1,38291.9,37895.2,37965.1,18315.05
11/29/2023 9:00,38335.5,38500,38071.5,38275,26153.213
11/29/2023 8:00,38095.7,38379.2,38080,38335.5,12807.031
11/29/2023 7:00,38171.7,38171.8,38040,38095.7,7075.248
11/29/2023 6:00,38021.1,38238,37970,38171.8,11660.454
11/29/2023 5:00,37928.1,38033.1,37884.1,38021,4444.709
11/29/2023 4:00,37938.1,37953.2,37862.3,37928,2924.606
11/29/2023 3:00,37917,37999.7,37882,37938.1,4476.656
11/29/2023 2:00,37921.9,37970.9,37825.5,37917,6483.6
11/29/2023 1:00,37904.3,38091.9,37904.3,37921.8,10551.928
11/29/2023 0:00,37812,37909.5,37663.2,37904.3,9197.177
11/28/2023 23:00,37855.3,37930,37655.2,37812.1,12560.18
11/28/2023 22:00,37932.1,38036.7,37800,37855.3,8949.978
11/28/2023 21:00,38184.1,38220.6,37923.6,37932,10456.2
11/28/2023 20:00,38104.7,38270,38050.1,38184.1,11906.467
11/28/2023 19:00,37961.1,38395,37930.8,38105,31633.295
11/28/2023 18:00,38202.4,38216.4,37862.4,37961.2,25995.222
11/28/2023 17:00,37868.7,38244,37766,38202.5,45124.154
11/28/2023 16:00,37502.1,37938,37502.1,37868.7,37845.548
11/28/2023 15:00,37357.4,37568.6,37282.2,37502.2,18862.129
11/28/2023 14:00,37401.6,37450,37340.8,37357.4,10726.837
11/28/2023 13:00,37200,37440,37140,37401.7,15004.185
11/28/2023 12:00,37250,37276.4,37165,37199.9,9307.798
11/28/2023 11:00,37105.8,37259.6,37073.5,37250.1,10522.252
11/28/2023 10:00,37076.3,37106.6,37007,37105.9,4632.299
11/28/2023 9:00,36929.8,37135,36917.4,37076.4,5779.747
11/28/2023 8:00,37087.2,37104.3,36929.8,36929.8,5522.883
11/28/2023 7:00,37088.8,37134.4,36952.6,37087.2,7580.755
11/28/2023 6:00,36894.9,37110,36877,37088.7,7444.983
11/28/2023 5:00,36974,36995.1,36856,36894.9,8935.452
11/28/2023 4:00,37119.9,37135,36963.9,36973.9,6925.933
11/28/2023 3:00,37165.1,37189.8,37088.8,37119.9,3524.366
11/28/2023 2:00,37190.5,37201.8,37106,37165,4852.422
11/28/2023 1:00,37248.4,37255.9,37151,37190.6,4910.4
11/28/2023 0:00,37234.4,37338,37176.3,37248.3,9422.842
11/27/2023 23:00,37070.1,37279,37069.9,37234.3,13264.739
11/27/2023 22:00,37020.9,37076,36951.7,37070.1,3379.124
11/27/2023 21:00,36792.2,37047,36776,37020.9,7270.278
11/27/2023 20:00,36868.5,36950,36784,36792,6125.3
11/27/2023 19:00,36958.5,37056.8,36775.9,36868.6,11246.535
11/27/2023 18:00,36914.8,37074.7,36873.5,36958.5,7518.473
11/27/2023 17:00,37075.1,37145.4,36866.4,36914.8,15409.118
11/27/2023 16:00,36743.3,37114.6,36700,37075.1,18790.917
11/27/2023 15:00,36804.5,37066.4,36735.1,36743.2,18167.763
11/27/2023 14:00,36943.7,36999,36725.1,36804.5,17937.583
11/27/2023 13:00,36961.9,37030.9,36732.4,36943.7,22814.256
11/27/2023 12:00,37023.3,37094.9,36880,36961.8,11858.283
11/27/2023 11:00,37100,37135,36829.8,37023.3,20030.776
11/27/2023 10:00,37359.3,37359.4,36935.8,37100,21743.422
11/27/2023 9:00,37327.6,37457,37325.7,37359.4,7444.24
11/27/2023 8:00,37272,37394.3,37242.8,37327.5,6749.769
11/27/2023 7:00,37258.7,37334,37005,37272.1,15361.22
11/27/2023 6:00,37298,37416,37258.4,37258.8,4932.106
11/27/2023 5:00,37360.3,37386.8,37288.5,37298.1,3152.751
11/27/2023 4:00,37295.8,37377.5,37248.9,37360.4,4340.896
11/27/2023 3:00,37299.7,37319.5,37174.2,37295.8,6460.584
11/27/2023 2:00,37473.5,37488.8,37208,37299.7,11056.578
11/27/2023 1:00,37479.3,37560,37440,37473.5,4043.342
11/27/2023 0:00,37437.9,37551.7,37381.9,37479.2,7014.646
11/26/2023 23:00,37647.5,37647.5,37306.5,37437.9,15490.945
11/26/2023 22:00,37604,37744.9,37591.6,37647.5,10355.652
11/26/2023 21:00,37577.2,37634.4,37450.8,37604.1,7351.675
11/26/2023 20:00,37360.1,37650,37338.2,37577.2,12810.741
11/26/2023 19:00,37233,37376,37211.1,37360,4895.378
11/26/2023 18:00,37264.4,37323.4,37142.5,37233.1,7309.117
11/26/2023 17:00,37212,37315,37132.1,37264.3,7316.47
11/26/2023 16:00,37418,37492.7,37126,37212.1,20848.627
11/26/2023 15:00,37328.2,37496,37279.3,37418,9588.25
11/26/2023 14:00,37499.9,37505.6,37268.5,37328.1,13162.785
11/26/2023 13:00,37612,37614.9,37330.5,37500,12434.66
11/26/2023 12:00,37662.9,37669.8,37248,37611.9,24875.385
11/26/2023 11:00,37689.1,37714,37650.2,37663,4633.505
11/26/2023 10:00,37751.6,37751.6,37687.5,37689.1,2527.909
11/26/2023 9:00,37748.5,37770.8,37720.1,37751.6,1698.088
11/26/2023 8:00,37773.5,37807.6,37741,37748.5,2664.976
11/26/2023 7:00,37781.9,37788.5,37743.3,37773.5,2100.315
11/26/2023 6:00,37766.4,37784.2,37720.5,37781.9,2313.863
11/26/2023 5:00,37752.1,37769.1,37728,37766.5,1465.482
11/26/2023 4:00,37721.1,37752.2,37685.6,37752.1,1979.546
11/26/2023 3:00,37729.2,37738.4,37712.4,37721,912.269
11/26/2023 2:00,37672.5,37742.3,37650,37729.2,2445.163
11/26/2023 1:00,37730.3,37730.4,37663,37672.5,2668.997
11/26/2023 0:00,37766.7,37775.7,37722.3,37730.3,1908.846
11/25/2023 23:00,37711,37790.5,37700.3,37766.6,1808.93
11/25/2023 22:00,37781,37781,37693.2,37710.9,2623.445
11/25/2023 21:00,37780.1,37800,37753.7,37780.9,1555.286
11/25/2023 20:00,37806,37886.5,37748.3,37780,6609.022
11/25/2023 19:00,37809.9,37833,37779.4,37805.9,2176.859
11/25/2023 18:00,37765.6,37820.7,37747.7,37809.9,2727.874
11/25/2023 17:00,37737.9,37799.9,37732.4,37765.6,3366.851
11/25/2023 16:00,37697.7,37761.3,37697.7,37737.9,3295.061
11/25/2023 15:00,37673.3,37709.4,37607.6,37697.8,3241.256
11/25/2023 14:00,37716.4,37718.1,37643,37673.2,2525.031
11/25/2023 13:00,37717.8,37732.4,37634,37716.4,3325.833
11/25/2023 12:00,37645,37721.7,37628.1,37717.8,3288.856
11/25/2023 11:00,37680.7,37706.7,37570.9,37645,6742.648
11/25/2023 10:00,37738,37739.1,37635.1,37680.8,5169.514
11/25/2023 9:00,37758,37787,37674.5,37738,4702.006
11/25/2023 8:00,37795,37827,37750.3,37758,2496.478
11/25/2023 7:00,37792,37820,37735.7,37795,2818.664
11/25/2023 6:00,37810.6,37830.5,37779,37791.9,2083.273
11/25/2023 5:00,37767.9,37814.3,37708.1,37810.7,3316.448
11/25/2023 4:00,37791,37791,37739.3,37767.9,2111.614
11/25/2023 3:00,37822.1,37840,37738,37790.9,4653.474
11/25/2023 2:00,37786.2,37823.4,37707.2,37822.1,3809.082
11/25/2023 1:00,37714.1,37816.7,37705.9,37786.1,3616.986
11/25/2023 0:00,37706.3,37767.3,37671.4,37714,4524.838
11/24/2023 23:00,37669.9,37722,37560.8,37706.3,6306.503
11/24/2023 22:00,37818.6,37834,37630.4,37669.9,7083.783
11/24/2023 21:00,37822.8,37940.8,37766.8,37818.7,8041.319
11/24/2023 20:00,37758.5,37882.9,37731.3,37822.9,5685.796
11/24/2023 19:00,37728,37789.5,37616,37758.5,6007.722
11/24/2023 18:00,37846.9,37892.7,37581.9,37728,11913.657
11/24/2023 17:00,37733.3,37924.4,37654.2,37846.9,18093.187
11/24/2023 16:00,38217.3,38351.2,37551,37733.3,42624.203
11/24/2023 15:00,37799.9,38425,37783,38217.3,59757.321
11/24/2023 14:00,37770.9,37810.9,37600,37799.9,11151.863
11/24/2023 13:00,37716,37860.8,37617.9,37770.9,17002.023
11/24/2023 12:00,37749.8,37982,37696.6,37716,21068.953
11/24/2023 11:00,37611.1,38200,37581,37749.7,39798.439
11/24/2023 10:00,37634,38049,37584.3,37611.2,39081.203
11/24/2023 9:00,37441.2,37743,37440,37634,15221.066
11/24/2023 8:00,37531.1,37583.9,37427.3,37441.2,7887.898
11/24/2023 7:00,37386.2,37587,37355.1,37531.1,7667.35
11/24/2023 6:00,37430,37433.9,37367,37386.1,3038.854
11/24/2023 5:00,37352.1,37430,37312,37430,2859.907
11/24/2023 4:00,37314,37364.5,37300.1,37352,2642.999
11/24/2023 3:00,37379.7,37394.8,37303,37314,2837.369
11/24/2023 2:00,37395.2,37443.7,37320,37379.7,3980.531
11/24/2023 1:00,37297.8,37487,37297.7,37395.2,8441.195
11/24/2023 0:00,37294.4,37337.9,37257.3,37297.8,2838.582
11/23/2023 23:00,37311.2,37389.7,37252.9,37294.3,4293.324
11/23/2023 22:00,37250.9,37314.9,37209,37311.1,3346.99
11/23/2023 21:00,37282.9,37378.2,37244.9,37250.9,4043.394
11/23/2023 20:00,37282.4,37391.5,37271.1,37282.9,5010.22
11/23/2023 19:00,37257,37378,37180.5,37282.3,6009.619
11/23/2023 18:00,37173.6,37299.4,37166.9,37257,5726.26
11/23/2023 17:00,37085.9,37246.7,37082.1,37173.6,7572.138
11/23/2023 16:00,36954.1,37177,36921.6,37085.8,11541.065
11/23/2023 15:00,37207.2,37256,36856.3,36954.1,22508.148
11/23/2023 14:00,37243,37312.2,37120,37207.2,11124.455
11/23/2023 13:00,37309.1,37403.8,37222.3,37243,8178.323
11/23/2023 12:00,37378.1,37544.9,37260,37309.2,12985.363
11/23/2023 11:00,37469.9,37471.2,37135.8,37378.2,19399.511
11/23/2023 10:00,37643.7,37649.7,37438,37470,7388.206
11/23/2023 9:00,37507.2,37650,37450.3,37643.7,7445.473
11/23/2023 8:00,37378.5,37527,37364.6,37507.1,7446.629
11/23/2023 7:00,37279.4,37384,37279.3,37378.5,4241.808
11/23/2023 6:00,37331.6,37349.5,37275,37279.4,3849.001
11/23/2023 5:00,37350.7,37425,37315.6,37331.6,3101.975
11/23/2023 4:00,37311,37417.6,37280,37350.7,4643.513
11/23/2023 3:00,37350,37391.7,37263,37311,5126.94
11/23/2023 2:00,37414.1,37450,37320.1,37350.1,4832.074
11/23/2023 1:00,37319.4,37494.8,37311.4,37414,5289.502
11/23/2023 0:00,37413.5,37548,37310,37319.4,10266
11/22/2023 23:00,37457,37500,37250.2,37413.4,12371.721
11/22/2023 22:00,37618.3,37766.8,37382.6,37457,13787.135
11/22/2023 21:00,37629.7,37880,37519,37618.3,31635.56
11/22/2023 20:00,37296.9,37630.7,37219.2,37629.8,19994.504
11/22/2023 19:00,37201.8,37448,37122.1,37297,20874.945
11/22/2023 18:00,36582.8,37293,36560,37201.7,44635.876
11/22/2023 17:00,36470,36644.2,36453,36582.9,9128.941
11/22/2023 16:00,36480.6,36583.5,36371.2,36470,10022.029
11/22/2023 15:00,36402.1,36639.9,36240,36480.5,19494.597
11/22/2023 14:00,36597.3,36652.8,36281.2,36402.1,15205.938
11/22/2023 13:00,36560.7,36654.8,36450,36597,10693.58
11/22/2023 12:00,36465.8,36592,36442.8,36560.6,7675.106
11/22/2023 11:00,36661.7,36670.5,36429,36465.9,10514.341
11/22/2023 10:00,36683.5,36779,36565,36661.8,11961.717
11/22/2023 9:00,36561.7,36700,36502.6,36683.5,9931.158
11/22/2023 8:00,36430.7,36566,36385.4,36561.7,7370.854
11/22/2023 7:00,36511.5,36558.6,36430.5,36430.7,6412.633
11/22/2023 6:00,36358.9,36560,36358.9,36511.4,8646.967
11/22/2023 5:00,36410,36475.9,36332.9,36359,6724.383
11/22/2023 4:00,36378.8,36461.4,36320.5,36409.9,8941.33
11/22/2023 3:00,36293.3,36387.4,36252.4,36378.8,7110.907
11/22/2023 2:00,36085.1,36310,36027.5,36293.3,9310.924
11/22/2023 1:00,36109.9,36180,36061,36085.2,8056.288
11/22/2023 0:00,35737,36139,35610.7,36109.9,27688.184
11/21/2023 23:00,36385.5,36428.4,35720,35737,44374.015
11/21/2023 22:00,36840,36898.1,36300,36385.4,23840.592
11/21/2023 21:00,36940.5,37030.8,36717.5,36839.9,11601.612
11/21/2023 20:00,36989.9,37190,36849,36940.6,15570.631
11/21/2023 19:00,36887.7,37129.1,36765,36989.9,14072.763
11/21/2023 18:00,36913.6,36988,36708.9,36888.7,18294.731
11/21/2023 17:00,37198.1,37531,36600,36913.6,52688.561
11/21/2023 16:00,36975.8,37291.2,36756,37198,35960.585
11/21/2023 15:00,36646.6,37204.3,36212.2,36975.9,90390.254
11/21/2023 14:00,37027.1,37035,36447,36646.5,50616.665
11/21/2023 13:00,37205,37222.9,37020,37027.2,12278.323
11/21/2023 12:00,37189.6,37245.7,37127.3,37205,9014.714
11/21/2023 11:00,37368,37381.5,37156,37189.5,10588.818
11/21/2023 10:00,37327.1,37427.3,37325.1,37367.9,3227.521
11/21/2023 9:00,37421.3,37427.8,37327,37327,3097.169
11/21/2023 8:00,37297.1,37439.5,37280.6,37421.4,5132.707
11/21/2023 7:00,37389.9,37389.9,37250.4,37297.1,7354.82
11/21/2023 6:00,37374.2,37434.4,37338,37389.8,4938.314
11/21/2023 5:00,37413.2,37417.4,37334.5,37374.1,5800.702
11/21/2023 4:00,37485.4,37503.7,37407.6,37413.2,3664.293
11/21/2023 3:00,37473.8,37578.5,37463.2,37485.4,4937.096
11/21/2023 2:00,37620.5,37675,37440,37473.9,9215.612
11/21/2023 1:00,37408,37650,37366.4,37620.5,6475.794
11/21/2023 0:00,37462.6,37535.9,37321.1,37407.9,7594.868
11/20/2023 23:00,37450,37631.1,37444.6,37462.5,8530.933
11/20/2023 22:00,37433.1,37590.4,37368.4,37450.1,7323.838
11/20/2023 21:00,37564,37579.3,37284.9,37433.2,9265.604
11/20/2023 20:00,37584.5,37618.7,37427,37564,7102.492
11/20/2023 19:00,37547.7,37784.7,37460,37584.5,13538.652
11/20/2023 18:00,37598,37714.4,37322,37547.7,22528.153
11/20/2023 17:00,37250.5,37780,36780,37598.1,49450.242
11/20/2023 16:00,37475,37650.8,37250,37250.6,24466.142
11/20/2023 15:00,37435.5,37498.5,37230.5,37475.1,20394.374
11/20/2023 14:00,37107.2,37525,36600,37435.5,38125.727
11/20/2023 13:00,37158.8,37255,37060,37107.2,11460.222
11/20/2023 12:00,37160.9,37169.8,37091.7,37158.8,6267.142
11/20/2023 11:00,37300.8,37445.5,37085,37161,14961.114
11/20/2023 10:00,37212.9,37399.6,37161.2,37300.8,8795.423
11/20/2023 9:00,37139.6,37235,37093,37212.8,6774.187
11/20/2023 8:00,37261,37268.4,37070.1,37139.7,7499.048
11/20/2023 7:00,37197.1,37280,37110.1,37261.1,5084.488
11/20/2023 6:00,37149.1,37218.6,37069.2,37197.1,4642.359
11/20/2023 5:00,37222,37230.8,37055,37149.1,6071.467
11/20/2023 4:00,37132,37232.9,37088.6,37222.1,4692.671
11/20/2023 3:00,37319.9,37337.6,37050,37131.9,10493.485
11/20/2023 2:00,37308,37338.5,37212,37319.9,4544.661
11/20/2023 1:00,37315,37375,37238,37308,6360.034
11/20/2023 0:00,37375.8,37397.2,37152.5,37314.9,12131.579
11/19/2023 23:00,36997.8,37528.2,36997.8,37375.9,31713.499
11/19/2023 22:00,37001.7,37048.9,36934.2,36997.8,3695.728
11/19/2023 21:00,36928.7,37111,36854.2,37001.7,7807.452
11/19/2023 20:00,36962,37049.7,36816.5,36928.8,10044.34
11/19/2023 19:00,36851.8,37000,36780,36961.9,9611.455
11/19/2023 18:00,36610.9,36959,36602,36851.8,16471.397
11/19/2023 17:00,36560.5,36613.2,36544.5,36610.9,2490.311
11/19/2023 16:00,36575.1,36647.1,36515.5,36560.5,5117.431
11/19/2023 15:00,36468,36580,36410,36575.1,6038.91
11/19/2023 14:00,36495.1,36495.1,36383,36468,5572.763
11/19/2023 13:00,36494.1,36520,36460,36495.1,3001.096
11/19/2023 12:00,36459,36500,36402.9,36494.1,4444.321
11/19/2023 11:00,36534.3,36544,36380,36459.1,9497.742
11/19/2023 10:00,36638.7,36644.1,36534.3,36534.3,3355.243
11/19/2023 9:00,36628,36671.2,36587.2,36638.8,3090.842
11/19/2023 8:00,36624,36720.9,36609.1,36627.9,4274.341
11/19/2023 7:00,36606.1,36684.9,36581.5,36624,3649.774
11/19/2023 6:00,36522,36682.3,36500,36606,6615.656
11/19/2023 5:00,36544,36560,36514.1,36521.9,1950.647
11/19/2023 4:00,36527.6,36549.3,36492.3,36544,2024.87
11/19/2023 3:00,36464,36534.3,36433.2,36527.7,2572.536
11/19/2023 2:00,36493.9,36510,36413,36464.1,2926.444
11/19/2023 1:00,36472.2,36500,36400,36493.9,4929.067
11/19/2023 0:00,36580.9,36584,36464,36472.2,3817.142
11/18/2023 23:00,36517.4,36583.9,36502.3,36580.9,3774.78
11/18/2023 22:00,36550,36569.9,36450,36517.4,4182.515
11/18/2023 21:00,36604,36626,36530.7,36550,2961.721
11/18/2023 20:00,36688.4,36720,36537.8,36604.1,7269
11/18/2023 19:00,36714.5,36787.1,36657.6,36688.4,3561.394
11/18/2023 18:00,36633.5,36762.8,36622.5,36714.5,4017.198
11/18/2023 17:00,36686.4,36710.7,36605,36633.5,6002.088
11/18/2023 16:00,36672,36900,36650,36686.4,15744.533
11/18/2023 15:00,36518.5,36693,36511.2,36671.9,9608.954
11/18/2023 14:00,36443.8,36586.9,36426,36518.6,6061.109
11/18/2023 13:00,36460.2,36497.9,36364.8,36443.8,4888.002
11/18/2023 12:00,36417,36499.8,36400.2,36460.2,3145.045
11/18/2023 11:00,36479.1,36550,36406,36417,5956.956
11/18/2023 10:00,36410,36494.6,36406.2,36479,2799.347
11/18/2023 9:00,36457.2,36463.5,36400,36410,2454.366
11/18/2023 8:00,36429,36495.5,36389.3,36457.2,4589.31
11/18/2023 7:00,36267.3,36443.3,36196,36429,8655.213
11/18/2023 6:00,36341.1,36375.7,36257,36267.2,4133.507
11/18/2023 5:00,36381.9,36388.8,36312.5,36341.2,3826.359
11/18/2023 4:00,36385,36436,36377.1,36381.9,2235.567
11/18/2023 3:00,36416,36434.9,36364.1,36384.9,2769.841
11/18/2023 2:00,36414,36457.9,36403.9,36415.9,2126.072
11/18/2023 1:00,36403.4,36465,36380,36414,3345.805
11/18/2023 0:00,36621.9,36625.7,36391.3,36403.3,7612.24
11/17/2023 23:00,36554.5,36762.6,36495.1,36621.9,11083.029
11/17/2023 22:00,36405.8,36559.1,36400,36554.5,5513.897
11/17/2023 21:00,36492.8,36528,36347.3,36405.9,5875.093
11/17/2023 20:00,36336.3,36529.5,36320.3,36492.8,8269.425
11/17/2023 19:00,36486,36600,36250.1,36336.2,11750.822
11/17/2023 18:00,36516.2,36558.8,36355.7,36486,9599.666
11/17/2023 17:00,35995,37020.5,35969.7,36516.3,53465.097
11/17/2023 16:00,36059.1,36228.3,35917.1,35995.1,17918.397
11/17/2023 15:00,36030.3,36186.2,35945.2,36059,22659.364
11/17/2023 14:00,36352.5,36448,35868.3,36030.3,30293.927
11/17/2023 13:00,36540.9,36636.7,36280,36352.5,18412.339
11/17/2023 12:00,36383.9,36546.8,36262,36540.8,10799.983
11/17/2023 11:00,36374.4,36480.5,36325.8,36383.8,9499.852
11/17/2023 10:00,36327,36385,36129.4,36374.3,14070.727
11/17/2023 9:00,36414.3,36463.7,36262,36327.1,6635.004
11/17/2023 8:00,36251.9,36454,36172,36414.2,10721.051
11/17/2023 7:00,36363.3,36371.1,36217,36252,7763.147
11/17/2023 6:00,36373.1,36465.4,36284,36363.3,6132.28
11/17/2023 5:00,36446.9,36450,36143.8,36373.1,11496.132
11/17/2023 4:00,36495.9,36537.1,36381,36446.9,5912.418
11/17/2023 3:00,36467.9,36517,36322.3,36496,7214.225
11/17/2023 2:00,36572,36687.4,36402.9,36467.9,12456.396
11/17/2023 1:00,36379.1,36588,36315,36572,11007.089
11/17/2023 0:00,36176,36390,36108.3,36379,11393.691
11/16/2023 23:00,36226.4,36249,36012.6,36176,11519.637
11/16/2023 22:00,35970,36284,35951.1,36226.4,11699.968
11/16/2023 21:00,35960.1,36065,35836.4,35970,10700.991
11/16/2023 20:00,35936.4,36080,35671.2,35960.1,21733.453
11/16/2023 19:00,36259,36292,35486.1,35936.5,55641.507
11/16/2023 18:00,36331,36425,36088.2,36259,25951.131
11/16/2023 17:00,36581.9,36650,36320,36331,11421.24
11/16/2023 16:00,36423.3,36658.2,36387.2,36581.8,16693.619
11/16/2023 15:00,36725.5,36932.8,36251,36423.1,39146.267
11/16/2023 14:00,36797.9,36880,36451,36725.5,35945.473
11/16/2023 13:00,37153.3,37188.3,36701,36797.9,35923.659
11/16/2023 12:00,37272,37352.5,37068.2,37153.4,21304.618
11/16/2023 11:00,37317.5,37574.9,37150,37272.1,23891.533
11/16/2023 10:00,37380.2,37411.1,37315.9,37317.5,4278.62
11/16/2023 9:00,37328,37477.6,37211,37380.2,12572.051
11/16/2023 8:00,37460.6,37510.9,37220,37327.9,14574.225
11/16/2023 7:00,37589.9,37645.9,37450.7,37460.7,8147.851
11/16/2023 6:00,37478.4,37600,37435.3,37589.9,6626.272
11/16/2023 5:00,37458.1,37487,37351.5,37478.3,5534.076
11/16/2023 4:00,37479.8,37533,37351,37458,7238.784
11/16/2023 3:00,37533,37569.7,37400.6,37479.9,5118.303
11/16/2023 2:00,37456.3,37545.3,37353.8,37533,9348.363
11/16/2023 1:00,37795,37799.9,37411,37456.3,22710.272
11/16/2023 0:00,37885.5,37956.5,37700.4,37795.2,16722.453
11/15/2023 23:00,37736.3,38000,37624.7,37885.6,19400.086
11/15/2023 22:00,37644.6,37933,37517,37736.3,14675.097
11/15/2023 21:00,37546.6,37754.9,37425.2,37644.5,15418.462
11/15/2023 20:00,37527.4,37879.4,37319.3,37546.5,32973.545
11/15/2023 19:00,37413.8,37845,37190,37527.4,45728.148
11/15/2023 18:00,36498.9,37606.7,36454.4,37413.9,101803.042
11/15/2023 17:00,36377.9,36513.2,36256,36498.9,12130.623
11/15/2023 16:00,36412.2,36578,36279.1,36378,18164.541
11/15/2023 15:00,36122,36430,36117.9,36412.1,13319.02
11/15/2023 14:00,36113,36218.6,36019.2,36122,11717.509
11/15/2023 13:00,36199.9,36238,36018.3,36113,18480.088
11/15/2023 12:00,36254.5,36424.7,36152,36199.9,20140.978
11/15/2023 11:00,35885.7,36296.4,35885.7,36254.4,25293.693
11/15/2023 10:00,35799.9,35896,35761.1,35885.7,6095.239
11/15/2023 9:00,35811.6,35975,35765.9,35800,13139.92
11/15/2023 8:00,35597.8,35865,35593,35811.6,12030.738
11/15/2023 7:00,35599.2,35683.8,35572,35597.4,5279.485
11/15/2023 6:00,35619.3,35639.4,35545.7,35599.2,3739.322
11/15/2023 5:00,35597.5,35636,35556,35619.4,3950.139
11/15/2023 4:00,35408.5,35597.6,35401.2,35597.5,4866.437
11/15/2023 3:00,35502.3,35533.9,35401.5,35408.4,3625.033
11/15/2023 2:00,35444.4,35545.9,35388,35502.4,7937.129
11/15/2023 1:00,35512,35685,35425,35444.4,8203.998
11/15/2023 0:00,35559.1,35640,35504.1,35512,5706.298
11/14/2023 23:00,35620.1,35689,35529.1,35559,8042.504
11/14/2023 22:00,35594.2,35644.4,35462.4,35620.1,7655.99
11/14/2023 21:00,35301.3,35640,35232.1,35594.1,15177.6
11/14/2023 20:00,35306,35490.5,35230,35301.3,12928.087
11/14/2023 19:00,35242.4,35500,35085.3,35305.9,31877.322
11/14/2023 18:00,36120,36158.2,34446.3,35239.5,79685.715
11/14/2023 17:00,36289.7,36347.1,36087.1,36119.9,14020.733
11/14/2023 16:00,36168.8,36449,36138.4,36289.8,16477.987
11/14/2023 15:00,36616.1,36642.3,35665.2,36168.7,50468.898
11/14/2023 14:00,36528.4,36720,36482.7,36616.1,14643.425
11/14/2023 13:00,36376.9,36699.9,36371.6,36528.4,27534.617
11/14/2023 12:00,36288.9,36432,36201.5,36376.9,13399.424
11/14/2023 11:00,36515.3,36529.2,36258.2,36288.8,15560.392
11/14/2023 10:00,36507.5,36559,36415.5,36515.3,10876.455
11/14/2023 9:00,36765,36773.4,36502,36507.4,12514.831
11/14/2023 8:00,36705.5,36779.9,36672,36765.1,6704.124
11/14/2023 7:00,36676.9,36740.8,36655.2,36705.5,4280.675
11/14/2023 6:00,36648,36728.6,36608.1,36676.9,6645.269
11/14/2023 5:00,36528,36654,36527,36648.1,6044.23
11/14/2023 4:00,36473.1,36551.8,36404.8,36528,4614.434
11/14/2023 3:00,36456.3,36514.2,36456.2,36473,3508.698
11/14/2023 2:00,36356.7,36494,36356,36456.3,4408.682
11/14/2023 1:00,36270.3,36457.3,36238.7,36356.8,8226.022
11/14/2023 0:00,36486.2,36496,36220.4,36270.3,21969.686
11/13/2023 23:00,36493.1,36619.8,36480.3,36486.2,5433.811
11/13/2023 22:00,36503.9,36628,36461.4,36493.1,7380.566
11/13/2023 21:00,36813.7,36818,36350,36504,33625.403
11/13/2023 20:00,36877.6,36910.8,36767.5,36813.7,5393.281
11/13/2023 19:00,36771.5,36879.5,36761.5,36877.6,3455.812
11/13/2023 18:00,36696.8,36814,36624.8,36771.6,7400.945
11/13/2023 17:00,36891.5,36896.5,36650,36696.9,13252.932
11/13/2023 16:00,36871.7,37074.3,36852.6,36891.5,14726.103
11/13/2023 15:00,36812.2,36918.4,36672.4,36871.7,16920.567
11/13/2023 14:00,36855.8,36940.9,36546.5,36812.2,20694.453
11/13/2023 13:00,36952.5,36974.4,36788.8,36855.8,10147.761
11/13/2023 12:00,36837.5,36975.6,36662,36952.6,14929.942
11/13/2023 11:00,36998.1,36998.1,36710,36838.3,13442.869
11/13/2023 10:00,37011.6,37026,36940.9,36998.1,3476.764
11/13/2023 9:00,37051.8,37060.8,36981.2,37011.6,3675.28
11/13/2023 8:00,36982.5,37065.9,36938.8,37051.9,5040.295
11/13/2023 7:00,36983.3,37069.9,36956,36982.5,6060.208
11/13/2023 6:00,36938.5,36990.2,36760,36983.4,8237.548
11/13/2023 5:00,36950,36950.1,36840,36938.5,5574.408
11/13/2023 4:00,36941.2,36982,36832.2,36950,10279.235
11/13/2023 3:00,37166,37180,36870.1,36941.3,14240.366
11/13/2023 2:00,37213.6,37281.8,37125.3,37166.1,5919.082
11/13/2023 1:00,37117.1,37464.8,37115.6,37213.6,18034.439
11/13/2023 0:00,37085.6,37166.8,36980,37117.1,9733.578
11/12/2023 23:00,37185,37244.4,36960,37085.5,11388.512
11/12/2023 22:00,37193.4,37235,37169.3,37185,2233.393
11/12/2023 21:00,37168.8,37227.1,37164.5,37193.4,2752.25
11/12/2023 20:00,37134,37189.1,37113.8,37168.8,2068.178
11/12/2023 19:00,37186.4,37202.4,37120,37134,3825.534
11/12/2023 18:00,37108.4,37247.7,37080.1,37186.4,5367.335
11/12/2023 17:00,37141.1,37142.1,37093.1,37108.4,2443.329
11/12/2023 16:00,37178.3,37213,37121.9,37141,3319.138
11/12/2023 15:00,37170,37258.4,37101,37178.3,9166.802
11/12/2023 14:00,37101.1,37225.8,37095.3,37169.9,5403.986
11/12/2023 13:00,37035.9,37166.1,36955,37101,7543.836
11/12/2023 12:00,37087.6,37120,36983.7,37035.9,5026.34
11/12/2023 11:00,37123.9,37141.5,37076.8,37087.7,2348.363
11/12/2023 10:00,37089.6,37164.8,37061.3,37124,3365.152
11/12/2023 9:00,37127.7,37139.6,37057.1,37089.6,3086.755
11/12/2023 8:00,37154.1,37167,37081.6,37127.7,3738.524
11/12/2023 7:00,37167.1,37200,37129.2,37154.1,4112.693
11/12/2023 6:00,37138.1,37192.8,37104.5,37167.2,5110.805
11/12/2023 5:00,37030.2,37149,36973.9,37138.1,5240.253
11/12/2023 4:00,37016.4,37044.3,36932.2,37030.4,3491.044
11/12/2023 3:00,36926.9,37016.5,36889,37016.5,3291.536
11/12/2023 2:00,36984,36987.3,36875.5,36926.9,3491.928
11/12/2023 1:00,36936.1,37035.1,36863.9,36984,6553.013
11/12/2023 0:00,37162.1,37222.9,36753.6,36936.1,14521.346
11/11/2023 23:00,36912.7,37190,36805,37162.1,11478.237
11/11/2023 22:00,37004,37024.9,36588,36912.7,16103.335
11/11/2023 21:00,37026.1,37107,36916.4,37004,5805.999
11/11/2023 20:00,37177.8,37179,37001.7,37026,4945.05
11/11/2023 19:00,37140.7,37211.8,37107,37177.9,3176.399
11/11/2023 18:00,37133.9,37165.3,37098.7,37140.7,2439.367
11/11/2023 17:00,37155.2,37186,37051,37133.9,5588.278
11/11/2023 16:00,37071.5,37201.4,37069.3,37155.3,4917.904
11/11/2023 15:00,37259,37268.7,37044.9,37071.5,8318.94
11/11/2023 14:00,37166.5,37297.9,37142,37259.1,8512.051
11/11/2023 13:00,37125.9,37221,37080.5,37166.5,6418.24
11/11/2023 12:00,37014.1,37140,36977.6,37125.8,6428.455
11/11/2023 11:00,37036.1,37044,36935.1,37014.1,4505.443
11/11/2023 10:00,37057.6,37057.7,36978.3,37036.1,3341.889
11/11/2023 9:00,36990,37087,36956,37057.6,4614.881
11/11/2023 8:00,37030.5,37071.4,36951.6,36990.1,4804.194
11/11/2023 7:00,37114.6,37125.3,36957.3,37030.5,5874.54
11/11/2023 6:00,37099.5,37159.5,37017.1,37114.5,3933.04
11/11/2023 5:00,37085.1,37159.7,37063.8,37099.4,4017.232
11/11/2023 4:00,37064.2,37111.4,36942,37085.1,6961.87
11/11/2023 3:00,37131.1,37147.9,37055.6,37064.2,4203.194
11/11/2023 2:00,37083.5,37146.5,36921.1,37131.1,11459.16
11/11/2023 1:00,37313.5,37339.4,37030.7,37083.5,12988.245
11/11/2023 0:00,37330.3,37422.2,37243.6,37313.5,8403.341
11/10/2023 23:00,37376.1,37520.7,37313,37330.4,9911.093
11/10/2023 22:00,37283.3,37570,37175.5,37376,12059.076
11/10/2023 21:00,37251.8,37394.7,37216.3,37283.3,6326.596
11/10/2023 20:00,37253.6,37299,37080,37251.9,8645.053
11/10/2023 19:00,37259.8,37448,37226.2,37253.5,9100.421
11/10/2023 18:00,37217.8,37315,37166.2,37259.9,7274.381
11/10/2023 17:00,37395.7,37447.7,37169.5,37217.8,11661.164
11/10/2023 16:00,37092.6,37474,37092.5,37395.7,25855.773
11/10/2023 15:00,37069.3,37189.8,36945,37092.6,13404.865
11/10/2023 14:00,36977.4,37168.4,36826.8,37069.3,19329.711
11/10/2023 13:00,37202.1,37276,36913.7,36977.4,21214.76
11/10/2023 12:00,37098.9,37232,36821.2,37202.1,26411.137
11/10/2023 11:00,36775.1,37165.3,36774.9,37098.9,32197.845
11/10/2023 10:00,36584.4,36784.8,36521.6,36775.2,10574.339
11/10/2023 9:00,36545.1,36596.5,36482.3,36584.3,5160.864
11/10/2023 8:00,36480.3,36558.6,36350,36545,13122.079
11/10/2023 7:00,36634,36710.4,36465.4,36480.2,9891.281
11/10/2023 6:00,36775.8,36795.6,36604,36633.9,5810.195
11/10/2023 5:00,36814.9,36822,36676,36775.8,5286.583
11/10/2023 4:00,36754.9,36836.8,36651.5,36814.8,7873.897
11/10/2023 3:00,36878.6,36940.6,36736.8,36754.9,8863.403
11/10/2023 2:00,36702,36890,36620.4,36878.6,8863.008
11/10/2023 1:00,36513.7,36739.4,36461.8,36702.1,7418.754
11/10/2023 0:00,36719.6,36774.6,36491,36513.4,13117.614
11/9/2023 23:00,36560.1,36798,36525.1,36719.5,13749.35
11/9/2023 22:00,36549.3,36751.6,36512,36560,10863.959
11/9/2023 21:00,36571.6,36770.2,36460.6,36549.2,18039.465
11/9/2023 20:00,36399.4,36622,36150.6,36571.6,17879.136
11/9/2023 19:00,36394.5,36470.1,36164.8,36399.5,16760.675
11/9/2023 18:00,36649.8,36652.9,36337.4,36394.4,16542.078
11/9/2023 17:00,36360,36740.1,36022.2,36649.8,26031.197
11/9/2023 16:00,37141.5,37277.1,35694.6,36407.5,68104.185
11/9/2023 15:00,37922.4,38073.3,37100,37141.5,80766.701
11/9/2023 14:00,37179.6,38499.9,37171.2,37922.4,109385.029
11/9/2023 13:00,36892.1,37198,36816.8,37179.7,34516.195
11/9/2023 12:00,36816.9,37057.5,36768,36892.1,26512.151
11/9/2023 11:00,36762.7,36822.2,36656.6,36816.9,11839.127
11/9/2023 10:00,36854.6,37018.1,36721.1,36762.7,29244.161
11/9/2023 9:00,36681.3,36868,36590.3,36854.6,15420.929
11/9/2023 8:00,36550.6,36731.3,36550.6,36681.2,10725.54
11/9/2023 7:00,36781.6,36825,36539,36550.6,17725.814
11/9/2023 6:00,36589,36818.6,36587.7,36781.6,12143.006
11/9/2023 5:00,36715.3,36767.6,36526,36589,15279.894
11/9/2023 4:00,36455.5,36884,36422,36715.3,31501.394
11/9/2023 3:00,36382.5,36544.8,36265.2,36455.5,19094.819
11/9/2023 2:00,35914,36888,35851.2,36382.5,55951.328
11/9/2023 1:00,35866.1,36100,35773.2,35914.1,21092.227
11/9/2023 0:00,35626.7,35900,35538.8,35866.2,20513.561
11/8/2023 23:00,35799.8,36150,35604,35626.7,45948.53
11/8/2023 22:00,35588.2,35980,35581,35799.8,40211.077
11/8/2023 21:00,35619,35941,35390,35588.2,41788.588
11/8/2023 20:00,35630.8,35786,35455.2,35618.9,17499.618
11/8/2023 19:00,35606.7,35791.9,35550,35630.9,24464.249
11/8/2023 18:00,35322.9,35650,35297.9,35606.7,16347.953
11/8/2023 17:00,35420,35453.8,35223.5,35322.9,10321.03
11/8/2023 16:00,35231.4,35500,35194.3,35419.9,15733.067
11/8/2023 15:00,35315.4,35342.2,35073,35231.3,18219.372
11/8/2023 14:00,35420.6,35445,35257.9,35315.5,11528.383
11/8/2023 13:00,35400.2,35485,35305.2,35420.7,11176.825
11/8/2023 12:00,35336.7,35410,35326.2,35400.3,5152.41
11/8/2023 11:00,35403.8,35449.9,35316,35336.7,5941.864
11/8/2023 10:00,35296.5,35432.6,35295.1,35403.9,9947.213
11/8/2023 9:00,35312.5,35347.4,35282,35296.5,6567.86
11/8/2023 8:00,35239.5,35349.7,35192.1,35312.6,6947.391
11/8/2023 7:00,35294,35336.6,35218,35239.6,4764.074
11/8/2023 6:00,35276.8,35325,35172.7,35293.9,8310.641
11/8/2023 5:00,35362.2,35378.9,35231,35276.9,5748.812
11/8/2023 4:00,35287.8,35375,35261.7,35362.2,4964.453
11/8/2023 3:00,35315.1,35338.6,35241.1,35287.8,5361.642
11/8/2023 2:00,35385.1,35393.4,35292.2,35315.1,3565.348
11/8/2023 1:00,35378,35436.1,35351,35385,4512.154
11/8/2023 0:00,35406.5,35423,35264.9,35378.1,9756.895
11/7/2023 23:00,35293.3,35446,35236.4,35406.5,10161.463
11/7/2023 22:00,35495.3,35499.8,35211,35293.4,23536.752
11/7/2023 21:00,35638.6,35725.5,35468,35495.2,18429.411
11/7/2023 20:00,35473.5,35921.7,35356,35638.6,37589.824
11/7/2023 19:00,35398.8,35609.4,35353.5,35473.4,23446.84
11/7/2023 18:00,34854.5,35555,34844,35398.8,68272.171
11/7/2023 17:00,34682.8,34872,34560,34854.4,14003.179
11/7/2023 16:00,34728.5,34754.5,34637,34682.8,6138.22
11/7/2023 15:00,34830,34846.1,34630,34728.4,11529.751
11/7/2023 14:00,34780,34849.4,34722,34830,10366.091
11/7/2023 13:00,34741.9,34780,34639.5,34780,8727.64
11/7/2023 12:00,34633.3,34766.8,34520.3,34741.8,12834.893
11/7/2023 11:00,34645.6,34735.1,34613.6,34633.3,8875.212
11/7/2023 10:00,34799.2,34799.2,34552.2,34645.7,28297.073
11/7/2023 9:00,34920,34923.8,34690.1,34799.8,15707.772
11/7/2023 8:00,34947.3,34988,34880,34919.9,5135.026
11/7/2023 7:00,34973.9,34974,34869.8,34947.3,3843.195
11/7/2023 6:00,34927.7,34988,34888.9,34973.9,3496.891
11/7/2023 5:00,34909.9,34932,34856.1,34927.6,3343.144
11/7/2023 4:00,34931.9,34955.7,34835.5,34910,4882.226
11/7/2023 3:00,34829,34932,34808,34932,4282.605
11/7/2023 2:00,34954.4,34987.2,34808,34829,6204.89
11/7/2023 1:00,34939.3,34974.9,34860,34954.4,4514.716
11/7/2023 0:00,35057.5,35066,34836.6,34939.2,9906.965
11/6/2023 23:00,35131,35139.3,34955.2,35057.4,6204.528
11/6/2023 22:00,35039.8,35172.9,35031.8,35130.9,5424.264
11/6/2023 21:00,35037.3,35064.2,34905,35039.8,4458.131
11/6/2023 20:00,35076.7,35086.2,34925,35037.4,5555.566
11/6/2023 19:00,34966.9,35118,34936.4,35076.7,5139.12
11/6/2023 18:00,34995.1,35019.7,34821,34966.8,10300.551
11/6/2023 17:00,34980,35041.8,34910,34995.1,7499.338
11/6/2023 16:00,35094.5,35129.4,34937,34980.1,10625.281
11/6/2023 15:00,35215.3,35234,35074.1,35094.5,8451.878
11/6/2023 14:00,35041.7,35244.9,35039,35215.3,14450.087
11/6/2023 13:00,35229.8,35241,34911,35041.8,21446.697
11/6/2023 12:00,35253.1,35281.5,35130.7,35229.9,9072.565
11/6/2023 11:00,35172.3,35265.4,35109.4,35253.1,8777.134
11/6/2023 10:00,35140,35299.9,35107.3,35172.3,15483.893
11/6/2023 9:00,34971.2,35143.8,34951.7,35139.9,12307.191
11/6/2023 8:00,34918.5,34980.2,34836.4,34971.2,5401.705
11/6/2023 7:00,34867.7,34941.9,34828.8,34918.5,4136.315
11/6/2023 6:00,34821,34887.9,34775,34867.6,3927.432
11/6/2023 5:00,34890.4,34920.8,34743.2,34821,8665.951
11/6/2023 4:00,34992.9,35044,34850.2,34890.4,5308.036
11/6/2023 3:00,34916.8,35012.1,34840.7,34992.9,5697.069
11/6/2023 2:00,34893.1,34968.7,34840.6,34916.7,5367.276
11/6/2023 1:00,35075.2,35137.9,34851,34893,9362.818
11/6/2023 0:00,35025.5,35095.9,34922.2,35075.1,9164.389
11/5/2023 23:00,34984.6,35455.2,34984.6,35025.5,26092.898
11/5/2023 22:00,34652.8,35039,34635,34984.6,14124.364
11/5/2023 21:00,35029.1,35044.4,34356,34652.8,26170.637
11/5/2023 20:00,35001.2,35117.4,34993,35029,3719.342
11/5/2023 19:00,35050,35132.4,34982.8,35001.3,6070.806
11/5/2023 18:00,35083.9,35127.7,35018.2,35049.9,5056.482
11/5/2023 17:00,34969.5,35298,34961.7,35083.9,21985.564
11/5/2023 16:00,34893.9,34979.7,34878,34969.6,4391.978
11/5/2023 15:00,34902.9,34934,34812,34893.9,5392.26
11/5/2023 14:00,34838.5,34947,34790.4,34902.9,12744.178
11/5/2023 13:00,35096.1,35140,34758,34838.5,16915.956
11/5/2023 12:00,35103.6,35187,35027,35096,10186.204
11/5/2023 11:00,35143.2,35177.7,35061,35103.5,5153.895
11/5/2023 10:00,35113.2,35162.6,35050,35143.3,4194.693
11/5/2023 9:00,35040.2,35150,35037,35113.2,4450.1
11/5/2023 8:00,35175.5,35210.4,35023.1,35040.2,6055.221
11/5/2023 7:00,35072,35203,35055,35175.4,4622.251
11/5/2023 6:00,35174.3,35183.5,35052.8,35071.9,4801.137
11/5/2023 5:00,35159.2,35242.9,35135,35174.1,5607.737
11/5/2023 4:00,35292.4,35328,35136,35159.1,12591.13
11/5/2023 3:00,35055.5,35350,35018.2,35292.1,13238.179
11/5/2023 2:00,35072.3,35095.4,34942.1,35055.6,4799.798
11/5/2023 1:00,34982.7,35079.4,34950,35072.3,4381.44
11/5/2023 0:00,35069.7,35095.1,34933.3,34982.7,8617.089
11/4/2023 23:00,35171.8,35270,35009.7,35069.7,14038.873
11/4/2023 22:00,34798.3,35207.6,34798.3,35171.9,21732.604
11/4/2023 21:00,34751.8,34894,34749.4,34798.3,5056.08
11/4/2023 20:00,34721.1,34758.6,34700,34751.9,1330.531
11/4/2023 19:00,34775.9,34792,34720,34721.2,1682.572
11/4/2023 18:00,34759,34782.3,34722.7,34775.9,1901.725
11/4/2023 17:00,34693.9,34768.2,34691.2,34758.9,2137.051
11/4/2023 16:00,34709.9,34763.8,34685.1,34693.9,2794.861
11/4/2023 15:00,34730.3,34748.3,34632.5,34709.8,4562.57
11/4/2023 14:00,34696.2,34799,34679,34730.3,4313.941
11/4/2023 13:00,34750.1,34754.5,34650.1,34696.1,3794.324
11/4/2023 12:00,34706.2,34759,34671.6,34750,3488.806
11/4/2023 11:00,34724.5,34779.8,34668.7,34706.2,3989.315
11/4/2023 10:00,34750,34793.5,34718.3,34724.5,3453.676
11/4/2023 9:00,34847.9,34864.5,34745.1,34750.1,3985.68
11/4/2023 8:00,34759.2,34880,34709.7,34848,5653.608
11/4/2023 7:00,34763.8,34867.9,34752,34759.1,5245.637
11/4/2023 6:00,34755.9,35111,34700,34763.9,24286.004
11/4/2023 5:00,34658.1,34756,34571.6,34755.9,8315.011
11/4/2023 4:00,34700,34716,34636.5,34658.1,2762.111
11/4/2023 3:00,34665.2,34721.4,34631,34699.9,3247.206
11/4/2023 2:00,34754.9,34772.3,34659.3,34665.1,3245.562
11/4/2023 1:00,34680.1,34774,34620.1,34755,5756.636
11/4/2023 0:00,34700.5,34716.8,34641,34680.1,3972.49
11/3/2023 23:00,34615.5,34738,34598.7,34700.4,5587.588
11/3/2023 22:00,34590,34623,34549,34615.4,3080.615
11/3/2023 21:00,34588.3,34694.3,34566.6,34590,5199.314
11/3/2023 20:00,34518.1,34650,34469.4,34588.3,6976.933
11/3/2023 19:00,34517.1,34580,34400.1,34518.1,8598.901
11/3/2023 18:00,34407.4,34599,34340,34517.1,12880.072
11/3/2023 17:00,34661.8,34668.7,34304.1,34407.5,21479.999
11/3/2023 16:00,34759.5,34825,34570,34661.9,16418.752
11/3/2023 15:00,34715,34850,34679.5,34759.5,14452.031
11/3/2023 14:00,34576.2,34799.5,34506,34715,26491.241
11/3/2023 13:00,34405.9,34596.5,34342.8,34576.2,14637.356
11/3/2023 12:00,34265.5,34460.6,34155.4,34405.8,18612.223
11/3/2023 11:00,34290.7,34295,34170.5,34265.5,7772.84
11/3/2023 10:00,34260.5,34292.7,34123,34290.6,20491.628
11/3/2023 9:00,34427.9,34453.4,34200,34260.5,15151.771
11/3/2023 8:00,34469.9,34618,34206.9,34427.8,22342.401
11/3/2023 7:00,34446.1,34509.1,34350.1,34470,7643.685
11/3/2023 6:00,34535.1,34565,34423.4,34446.1,6752.503
11/3/2023 5:00,34406.5,34547.5,34332.3,34535,10414.326
11/3/2023 4:00,34680.1,34700,34300.1,34406.5,16726.852
11/3/2023 3:00,34676.3,34706,34626,34680,3626.74
11/3/2023 2:00,34590.4,34712.9,34551,34676.4,6431.566
11/3/2023 1:00,34512.5,34623.8,34364.1,34590.7,14966.457
11/3/2023 0:00,34940.1,34944.9,34388,34512.5,19312.405
11/2/2023 23:00,34786.3,34940.1,34705,34940.1,7275.598
11/2/2023 22:00,34926.9,34928.8,34760.1,34786.3,6149.368
11/2/2023 21:00,34903.3,34970.5,34840.4,34926.9,5671.219
11/2/2023 20:00,34998.2,35099,34815,34903.3,17201.581
11/2/2023 19:00,34844.9,35021,34805.5,34998.2,10860.585
11/2/2023 18:00,34776.3,34873.6,34716.9,34844.9,11438.441
11/2/2023 17:00,34647.1,34788,34548.6,34776.4,13583.56
11/2/2023 16:00,34645.1,34743.4,34300,34647.1,34764.706
11/2/2023 15:00,34933.9,34940.1,34533.1,34645.2,30554.112
11/2/2023 14:00,34931.5,35031.2,34730.5,34933.9,26176.957
11/2/2023 13:00,35356.9,35372.4,34544.6,34931.4,46955.212
11/2/2023 12:00,35377.6,35468,35310.1,35357,9542.173
11/2/2023 11:00,35375.4,35447.9,35309.2,35377.5,7419.031
11/2/2023 10:00,35377.7,35487,35338.4,35375.3,9579.93
11/2/2023 9:00,35325.5,35419.6,35255.4,35377.8,9666.226
11/2/2023 8:00,35280.6,35331,35095.1,35325.6,11174.464
11/2/2023 7:00,35227.9,35358,35211,35280.7,9023.439
11/2/2023 6:00,35200.1,35267.5,35050,35227.9,17965.949
11/2/2023 5:00,35469.8,35494.8,35147.4,35200,28532.306
11/2/2023 4:00,35577.9,35613,35455,35469.8,10854.976
11/2/2023 3:00,35692.7,35832.4,35550,35578,19798.737
11/2/2023 2:00,35583.7,35999.9,35530,35692.5,34113.811
11/2/2023 1:00,35437.9,35638.9,35437.8,35583.7,11158.01
11/2/2023 0:00,35437.5,35687.3,35378.3,35437.8,20761.336
11/1/2023 23:00,35304.2,35484,35237.6,35437.4,11140.801
11/1/2023 22:00,35409.3,35561.5,35205,35304.1,20020.8
11/1/2023 21:00,35494.5,35734,35119.2,35409.3,48105.789
11/1/2023 20:00,34564.1,35599,34538.6,35493.7,50975.817
11/1/2023 19:00,34579.3,34730.5,34498,34564.3,17584.952
11/1/2023 18:00,34527,34750,34450.3,34579.3,27598.918
11/1/2023 17:00,34458.4,34544,34343,34526.8,13245.409
11/1/2023 16:00,34296.9,34559.4,34288.8,34458.4,18477.224
11/1/2023 15:00,34184.2,34323.2,34164.1,34296.9,18166.652
11/1/2023 14:00,34612.8,34676.7,34076,34184.6,42238.952
11/1/2023 13:00,34825.4,35249,34400,34612.7,97543.174
11/1/2023 12:00,34442.9,34949.6,34355,34825.4,37462.012
11/1/2023 11:00,34387.5,34469.9,34354,34442.9,6427.611
11/1/2023 10:00,34500,34502,34366,34387.6,5941.977
11/1/2023 9:00,34454,34515.1,34424.6,34499.9,3565.078
11/1/2023 8:00,34464,34497,34424.9,34454,3729.912
11/1/2023 7:00,34422.9,34520,34404.8,34463.9,5804.372
11/1/2023 6:00,34365,34434.4,34330.4,34422.9,4858.899
11/1/2023 5:00,34456.6,34459.9,34342.5,34364.9,6196.707
11/1/2023 4:00,34429.9,34484,34400,34456.6,4147.725
11/1/2023 3:00,34466.2,34482.4,34406.4,34430,4796.034
11/1/2023 2:00,34507,34512,34434.5,34466.2,4224.729
11/1/2023 1:00,34522.3,34575,34475.3,34507,5253.835
11/1/2023 0:00,34651.4,34684,34506.7,34522.3,11707.408
10/31/2023 23:00,34571.7,34677,34528.5,34651.4,5988.111
10/31/2023 22:00,34494,34660,34455.6,34571.7,6743.303
10/31/2023 21:00,34651.7,34744.7,34439.5,34494,12136.259
10/31/2023 20:00,34553.6,34740,34530.5,34651.7,14667.64
10/31/2023 19:00,34491.6,34632,34447.9,34553.5,14961.685
10/31/2023 18:00,34397.3,34516,34353.6,34491.6,6893.094
10/31/2023 17:00,34445.1,34453.9,34366.4,34397.3,6785.959
10/31/2023 16:00,34290.3,34546.6,34240,34445,16091.451
10/31/2023 15:00,34331.1,34386.7,34160.4,34290.2,15320.762
10/31/2023 14:00,34227,34382.9,34133.7,34331,19754.519
10/31/2023 13:00,34316.5,34355,34152.4,34227,14365.287
10/31/2023 12:00,34504.1,34533.1,34278.6,34316.5,15372.685
10/31/2023 11:00,34453.9,34563.6,34404,34504,10132.412
10/31/2023 10:00,34428.1,34470,34366,34454,5982.656
10/31/2023 9:00,34414.1,34478.1,34352.9,34428,9808.251
10/31/2023 8:00,34151.9,34437.8,34016.8,34414,27196.146
10/31/2023 7:00,34256,34306.9,34080,34151.9,12940.934
10/31/2023 6:00,34285.2,34360,34137.6,34255.9,10448.176
10/31/2023 5:00,34240.6,34345.5,34160.7,34285.2,7989.908
10/31/2023 4:00,34219.9,34296.6,34186.7,34240.7,6462.549
10/31/2023 3:00,34361.1,34390.6,34206.1,34219.9,8040.682
10/31/2023 2:00,34458.9,34478.3,34269.8,34361,8892.128
10/31/2023 1:00,34525.5,34552.7,34400.2,34458.9,6474.087
10/31/2023 0:00,34483.8,34620.7,34455,34525.5,9001.883
10/30/2023 23:00,34475.7,34518.6,34451.8,34483.8,3145.239
10/30/2023 22:00,34542,34553.2,34458,34475.6,4435.341
10/30/2023 21:00,34426.2,34593.1,34362.3,34541.9,7070.952
10/30/2023 20:00,34440,34447.9,34320.1,34426.2,5290.369
10/30/2023 19:00,34318.9,34445,34286.3,34440,7234.533
10/30/2023 18:00,34316.2,34367.3,34263.7,34318.9,7119.458
10/30/2023 17:00,34471.1,34477.8,34050,34316.3,36356.935
10/30/2023 16:00,34664.5,34664.5,34351.2,34471.1,15332.054
10/30/2023 15:00,34618.3,34768.7,34603.2,34664.5,9542.577
10/30/2023 14:00,34670.8,34850,34559.5,34618.3,19090.636
10/30/2023 13:00,34596.3,34784.9,34474,34670.8,18462.707
10/30/2023 12:00,34627.8,34888.2,34555.5,34596.2,29616.429
10/30/2023 11:00,34540.8,34677,34477,34627.9,9457.938
10/30/2023 10:00,34537.4,34590,34428.4,34540.9,10112.582
10/30/2023 9:00,34385.5,34700,34385.1,34537.4,20602.598
10/30/2023 8:00,34191.8,34449.8,34161.7,34385.6,14576.44
10/30/2023 7:00,34303.2,34349,34104,34191.7,14434.341
10/30/2023 6:00,34261.6,34329,34182,34303.1,6512.68
10/30/2023 5:00,34324.2,34358.7,34223,34261.6,5929.563
10/30/2023 4:00,34276.6,34355.9,34222.3,34324.2,5303.021
10/30/2023 3:00,34328.5,34335,34241.7,34276.5,4577.138
10/30/2023 2:00,34431.3,34431.4,34179,34328.5,17365.791
10/30/2023 1:00,34467.1,34532.8,34416,34431.3,4989.917
10/30/2023 0:00,34528.6,34578.8,34458,34467,5282.109
10/29/2023 23:00,34708.1,34713.7,34457.6,34528.6,8040.553
10/29/2023 22:00,34444.7,34746.7,34443.3,34708.2,8009.719
10/29/2023 21:00,34588.2,34669.6,34400,34444.8,6114.228
10/29/2023 20:00,34571.6,34650,34537.1,34588.2,4329.483
10/29/2023 19:00,34697.4,34718.2,34518.5,34571.5,7512.073
10/29/2023 18:00,34575.6,34769.3,34573.2,34697.5,10440.711
10/29/2023 17:00,34405.6,34773.8,34386,34575.6,21789.673
10/29/2023 16:00,34462.6,34470.4,34382,34405.6,5354.753
10/29/2023 15:00,34496.9,34579.7,34414.2,34462.5,10807.812
10/29/2023 14:00,34393.8,34534.5,34336.6,34496.9,9195.108
10/29/2023 13:00,34440.7,34552.3,34338.2,34393.9,16048.892
10/29/2023 12:00,34272.6,34441.8,34272.3,34440.6,10350.637
10/29/2023 11:00,34185.6,34349.4,34171.3,34272.6,9159.624
10/29/2023 10:00,34226.5,34230,34162.4,34185.5,3660.918
10/29/2023 9:00,34258,34300,34173.9,34226.5,8008.517
10/29/2023 8:00,34086.1,34280,34082,34257.9,8436.026
10/29/2023 7:00,34093.5,34136.9,34062.3,34086,2367.951
10/29/2023 6:00,34038.1,34147.7,34020,34093.4,4307.185
10/29/2023 5:00,34024.6,34046.8,34008.3,34038,1797.588
10/29/2023 4:00,33981,34058.4,33933,34024.5,4771.844
10/29/2023 3:00,34038,34038,33965.1,33981,2509.987
10/29/2023 2:00,34010.5,34038,33970,34037.9,2619.805
10/29/2023 1:00,34084.8,34099.4,33956.1,34010.5,6984.558
10/29/2023 0:00,34086.7,34110.5,34044.5,34084.5,3279.905
10/28/2023 23:00,34106,34121.7,34070,34086.6,2423.145
10/28/2023 22:00,34194.8,34194.9,34063,34105.9,2772.884
10/28/2023 21:00,34129.9,34200,34129.9,34194.8,2220.087
10/28/2023 20:00,34118.3,34150.5,34098,34129.9,1983.256
10/28/2023 19:00,34171.2,34182.7,34118.2,34118.3,1986.771
10/28/2023 18:00,34138.8,34230.7,34082,34171.1,3599.688
10/28/2023 17:00,34148.4,34148.4,34082,34138.8,2285.542
10/28/2023 16:00,34200,34200,34115.5,34148.4,4248.434
10/28/2023 15:00,34104.3,34248,34075.8,34199.9,6231.641
10/28/2023 14:00,34142.3,34166.3,34050.5,34104.3,5189.285
10/28/2023 13:00,34035.9,34145.7,33937.8,34142.2,7620.916
10/28/2023 12:00,34182.5,34222,33930,34035.9,16502.391
10/28/2023 11:00,34114.8,34535.8,34106.9,34182.5,31322.793
10/28/2023 10:00,34098.2,34116.3,34081.5,34114.9,2309.834
10/28/2023 9:00,34101.8,34129.3,34065.4,34098.2,3232.596
10/28/2023 8:00,34057.2,34120.2,34038,34101.7,3437.66
10/28/2023 7:00,34066.4,34095.2,34041.9,34057.2,3088.347
10/28/2023 6:00,34092.6,34128.8,34040,34066.4,4422.636
10/28/2023 5:00,34096.9,34199.5,34071,34092.5,7985.108
10/28/2023 4:00,34068.5,34098,34026,34096.8,3061.109
10/28/2023 3:00,34100.2,34107,34011.1,34068.5,5445.986
10/28/2023 2:00,33924.4,34188.8,33906.8,34100.1,10255.613
10/28/2023 1:00,33897.6,33924.4,33872.1,33924.4,3129.66
10/28/2023 0:00,33893.2,33940,33867.4,33897.5,3559.55
10/27/2023 23:00,33813.8,33948.9,33788.5,33893.1,5771.225
10/27/2023 22:00,33843.9,33880,33797.2,33813.8,4014.645
10/27/2023 21:00,33835.2,33870.6,33780.6,33843.9,5055.724
10/27/2023 20:00,33705.6,33885.6,33686,33835.2,9572.674
10/27/2023 19:00,33604.4,33717.3,33598.7,33705.5,7470.392
10/27/2023 18:00,33609.1,33684.2,33402.4,33604.4,21873.209
10/27/2023 17:00,33881,33900,33350,33609.1,37613.62
10/27/2023 16:00,34010.8,34042.2,33855.6,33881,8478.57
10/27/2023 15:00,33913.4,34135.9,33826.5,34010.9,18098.339
10/27/2023 14:00,34167.3,34173.9,33853,33913.5,24425.949
10/27/2023 13:00,34138,34211.4,34104.7,34167.3,11176.67
10/27/2023 12:00,34055.1,34220,33912.1,34138,17081.011
10/27/2023 11:00,34080.6,34110,33978.6,34055.3,9193.019
10/27/2023 10:00,34165.3,34183.4,34077,34080.7,5958.559
10/27/2023 9:00,34092.1,34185.3,34090,34165.4,7250.861
10/27/2023 8:00,33954,34141.4,33950,34092,9243.396
10/27/2023 7:00,34242.4,34245.8,33929.3,33954,11375.31
10/27/2023 6:00,34087.1,34253.3,34074.9,34242.4,7007.178
10/27/2023 5:00,34099.1,34125,33969.6,34087.2,7651.057
10/27/2023 4:00,34124.1,34197,34010,34099.1,8621.166
10/27/2023 3:00,34093,34156.6,34053.1,34124,5429.911
10/27/2023 2:00,33849,34149.9,33806.4,34093,11165.433
10/27/2023 1:00,34020.1,34059.8,33774,33849,14923.236
10/27/2023 0:00,34154,34179.6,33972,34020,9601.824
10/26/2023 23:00,34236.7,34287.5,34136.4,34154,6307.377
10/26/2023 22:00,34124.6,34262,34124.6,34236.7,6201.068
10/26/2023 21:00,34189,34225,34090,34124.7,4124.988
10/26/2023 20:00,34052.2,34224.1,34026.6,34189.1,10267.443
10/26/2023 19:00,33986.9,34150,33920.5,34052.1,10611.154
10/26/2023 18:00,33960.1,34094.4,33946.4,33987,9549.313
10/26/2023 17:00,33777.7,33984.8,33754.6,33960,12043.232
10/26/2023 16:00,34050.1,34088.4,33750,33777.6,22636.672
10/26/2023 15:00,34198,34262.4,33859,34050,30108.005
10/26/2023 14:00,34167.4,34329.5,33830,34198,36115.241
10/26/2023 13:00,34250.9,34368.1,34155,34167.4,15075.412
10/26/2023 12:00,34104.1,34332.5,34082,34250.9,19384.644
10/26/2023 11:00,34277.1,34321,33963,34104.2,27253.784
10/26/2023 10:00,34428.4,34458.3,34100,34277.2,26650.508
10/26/2023 9:00,34517.9,34584.7,34400,34428.4,10404.859
10/26/2023 8:00,34648.6,34745,34500,34517.9,14475.747
10/26/2023 7:00,34613.8,34784.8,34547.6,34648.7,16045.046
10/26/2023 6:00,34518.7,34637,34401.7,34613.8,13902.03
10/26/2023 5:00,34699.8,34699.8,34506.4,34518.7,7525.722
10/26/2023 4:00,34783.4,34809.4,34664,34699.7,5474.793
10/26/2023 3:00,34739.9,34828.7,34700.2,34783.3,7269.963
10/26/2023 2:00,34675.3,34782,34641.7,34740,5850.943
10/26/2023 1:00,34650,34796.6,34633.3,34675.3,10873.634
10/26/2023 0:00,34487.8,34704,34407.2,34650.1,11401.386
10/25/2023 23:00,34603,34616.7,34203.5,34487.7,19319.069
10/25/2023 22:00,34549.7,34648.8,34474.5,34603,7365.049
10/25/2023 21:00,34656.2,34753,34501.9,34549.7,7970.712
10/25/2023 20:00,34732,34847,34575.2,34656.1,15006.539
10/25/2023 19:00,34657.7,34785.3,34540.3,34732.1,9940.64
10/25/2023 18:00,34652.9,34736,34408,34657.7,17425.796
10/25/2023 17:00,34473.3,34698,34364.6,34652.9,20005.6
10/25/2023 16:00,34841.5,35154.3,34460.1,34473.3,49591.077
10/25/2023 15:00,34765.4,35035,34633.1,34841.4,43578.191
10/25/2023 14:00,34483.1,34824.6,34334,34765.4,34014.239
10/25/2023 13:00,34333.1,34711.9,34283.5,34483.2,37372.21
10/25/2023 12:00,34195.5,34442.1,34191.8,34333.1,18283.096
10/25/2023 11:00,34242.4,34479,34162.3,34195.5,22615.852
10/25/2023 10:00,34100.1,34243.5,34040.3,34242.4,11624.016
10/25/2023 9:00,33944.4,34332.2,33873.6,34100.2,25972.279
10/25/2023 8:00,33853.4,34031.1,33773.3,33944.3,13578.247
10/25/2023 7:00,34122.8,34200,33660.6,33853.4,24888.064
10/25/2023 6:00,34011.5,34182.5,34002.8,34122.7,7882.994
10/25/2023 5:00,34194.3,34205.2,33888.5,34011.5,11509.717
10/25/2023 4:00,34003.7,34209.4,33927.7,34194.3,9828.509
10/25/2023 3:00,34005.5,34077,33918,34003.6,8020.359
10/25/2023 2:00,34195.3,34216.9,33952.9,34005.4,12672.785
10/25/2023 1:00,34026.9,34388,34002.8,34195.4,22476.88
10/25/2023 0:00,33917,34043.7,33768.6,34027.1,14425.224
10/24/2023 23:00,34152.6,34221,33713.5,33917,21659.68
10/24/2023 22:00,34123.3,34228,33853.5,34152.6,20852.083
10/24/2023 21:00,33659.1,34307.5,33485.3,34123.3,29710.745
10/24/2023 20:00,33792,33969,33618.4,33659.2,15506.453
10/24/2023 19:00,33860.9,33899,33670.8,33792,12767.306
10/24/2023 18:00,33785.9,33889.1,33379.2,33860.8,31861.54
10/24/2023 17:00,33940,34081.5,33778.7,33785.9,18678.552
10/24/2023 16:00,33673.9,34398.9,33490,33940,55221.494
10/24/2023 15:00,34422.6,34549.3,33244,33674,119850.225
10/24/2023 14:00,34434.5,34472.9,34066,34422.5,26888.493
10/24/2023 13:00,34573.3,34592,34115.7,34434.4,35112.975
10/24/2023 12:00,34549.9,34849.4,34455.5,34573.3,26432.998
10/24/2023 11:00,34445.4,34888,34413.5,34550,42789.441
10/24/2023 10:00,34344.9,34479,34260.6,34445.4,16087.091
10/24/2023 9:00,34125.8,34499.9,34054,34344.9,24650.05
10/24/2023 8:00,34025.8,34235.5,33966,34125.9,21734.959
10/24/2023 7:00,33979.5,34045.8,33710,34025.9,25884.285
10/24/2023 6:00,33902.3,34126.1,33800,33979.6,31804.198
10/24/2023 5:00,34392.2,34597.9,33808.2,33902.4,33616.101
10/24/2023 4:00,34071.1,34566.8,34048.7,34392.2,29608.992
10/24/2023 3:00,34566,34728,34040,34071.1,50312.936
10/24/2023 2:00,34182.2,35300,34110,34566.1,116801.032
10/24/2023 1:00,33504.4,34200,33456.9,34182.3,54133.43
10/24/2023 0:00,33074,33750,32833.5,33504.4,60028.004
10/23/2023 23:00,33358.8,33615,32521,33074,89775.001
10/23/2023 22:00,31618.7,35981.9,31576.5,33358.8,201657.31
10/23/2023 21:00,31511.5,31646.3,31405.6,31618.7,18263.828
10/23/2023 20:00,31340.3,31829,31302.2,31511.5,67346.334
10/23/2023 19:00,31156.5,31430.9,31060,31339.9,44571.505
10/23/2023 18:00,30964.1,31171,30356.3,31156.5,48263.283
10/23/2023 17:00,31197.5,31300,30800,30964,53282.544
10/23/2023 16:00,30864.1,31283.4,30767.6,31197.5,67933.154
10/23/2023 15:00,30762.7,30963.2,30740.2,30864.1,27717.511
10/23/2023 14:00,30590.9,30865.3,30572.1,30762.7,23057.037
10/23/2023 13:00,30648.8,30700,30378.5,30590.8,25326.231
10/23/2023 12:00,30644.4,30742.3,30569.5,30648.9,13560.884
10/23/2023 11:00,30546.5,30777,30535.4,30644.4,17404.391
10/23/2023 10:00,30466.8,30559.3,30455.2,30546.6,8987.853
10/23/2023 9:00,30675.8,30689.4,30333,30466.9,25275.954
10/23/2023 8:00,30508,30707.2,30455,30675.8,15870.002
10/23/2023 7:00,30657.3,30746,30414.6,30508,22492.745
10/23/2023 6:00,30771.5,30990,30656,30657.3,25937.402
10/23/2023 5:00,30643.2,30950,30569.8,30771.5,34360.983
10/23/2023 4:00,30723.9,30877,30552,30643.1,27057.762
10/23/2023 3:00,30368.2,30818,30281,30724,35412.553
10/23/2023 2:00,30336.7,30394,30165,30368.1,17990.346
10/23/2023 1:00,30107.3,30650,30065.6,30336.6,59875.641
10/23/2023 0:00,29981.4,30150,29869.4,30107.3,15414.654
10/22/2023 23:00,30023.4,30041,29904.5,29981.5,8635.539
10/22/2023 22:00,29740.5,30060.2,29698,30023.4,15939.412
10/22/2023 21:00,29838.8,29841.4,29700,29740.5,6153.479
10/22/2023 20:00,29830,29869.9,29818.3,29838.8,2776.535
10/22/2023 19:00,29870.1,29919.7,29810,29830,3751.245
10/22/2023 18:00,29903.3,29922.1,29870,29870.1,2650.432
10/22/2023 17:00,29854.4,29936.9,29854.4,29903.4,5403.578
10/22/2023 16:00,29815.3,29877.7,29789.2,29854.4,5898.978
10/22/2023 15:00,29862.2,29866.7,29769.5,29815.3,6190.122
10/22/2023 14:00,29933,29939.5,29760.6,29862.1,8526.829
10/22/2023 13:00,29882.1,29962.6,29871.8,29933.1,3685.572
10/22/2023 12:00,29895.9,29941.7,29871.8,29882,4838.853
10/22/2023 11:00,29880.8,29920.6,29801,29895.9,6958.993
10/22/2023 10:00,29864,29940.6,29843.9,29880.7,6546.03
10/22/2023 9:00,29817.3,29981.8,29805.5,29864,11434.545
10/22/2023 8:00,29800.4,29869,29761.8,29817.3,10505.796
10/22/2023 7:00,30062.1,30064.7,29606.6,29800.5,30046.705
10/22/2023 6:00,30103.3,30206,30043.9,30062.1,11547.122
10/22/2023 5:00,29944.2,30229.7,29944.2,30103.3,15859.41
10/22/2023 4:00,29897,29988.4,29880,29944.2,6112.987
10/22/2023 3:00,29852.2,29900,29831.5,29897.1,3403.27
10/22/2023 2:00,29917.2,29917.2,29830,29852.2,4988.309
10/22/2023 1:00,29957.9,30069.4,29840.7,29917.1,11047.159
10/22/2023 0:00,29895.4,29994.8,29870.8,29957.9,5701.858
10/21/2023 23:00,29981.6,29981.7,29828.5,29895.4,7106.067
10/21/2023 22:00,29971.9,30017.1,29930,29981.6,3813.932
10/21/2023 21:00,30001.7,30044.1,29955.4,29971.9,4452.681
10/21/2023 20:00,30128.7,30145.1,29912,30001.6,12787.993
10/21/2023 19:00,30194.9,30271.8,30013.6,30128.7,15461.698
10/21/2023 18:00,30132.5,30374.6,29950,30195,42916.42
10/21/2023 17:00,29851.4,30180,29830.7,30132.4,27098.703
10/21/2023 16:00,29916.4,29943.9,29827.9,29851.5,9750.204
10/21/2023 15:00,29867.8,29973.9,29760,29916.5,17718.115
10/21/2023 14:00,29761.8,29910,29737.3,29867.8,12992.952
10/21/2023 13:00,29755,29784.3,29651,29761.8,9308.929
10/21/2023 12:00,29794.6,29817.3,29730.5,29754.9,5905.795
10/21/2023 11:00,29757.5,29841,29746.3,29794.7,6988.774
10/21/2023 10:00,29829.7,29871,29742.5,29757.5,12022.31
10/21/2023 9:00,29652.3,29870.9,29614.1,29829.7,12637.533
10/21/2023 8:00,29681.1,29707.6,29642.8,29652.2,3883.286
10/21/2023 7:00,29688.6,29716,29635.4,29681,5443.11
10/21/2023 6:00,29564.5,29725.8,29564.2,29688.7,10418.705
10/21/2023 5:00,29540.4,29572.1,29524.4,29564.5,2907.792
10/21/2023 4:00,29591,29617.8,29535.6,29540.4,4664.797
10/21/2023 3:00,29472,29615.3,29446.4,29591,10204.976
10/21/2023 2:00,29521.1,29528.1,29443.5,29472,7042.808
10/21/2023 1:00,29615.1,29621.9,29496,29521.1,6235.626
10/21/2023 0:00,29653,29678.6,29571,29615.1,6432.75
10/20/2023 23:00,29649.3,29784.5,29638.2,29653,16014.926
10/20/2023 22:00,29597.9,29665.8,29574.6,29649.3,5040.76
10/20/2023 21:00,29565.9,29629.5,29560,29597.8,3216.772
10/20/2023 20:00,29549.8,29624.9,29493.9,29565.9,9959.899
10/20/2023 19:00,29468.8,29557.2,29382.8,29549.8,8254.386
10/20/2023 18:00,29504.2,29544,29453,29468.9,5729.151
10/20/2023 17:00,29478.5,29517.5,29304,29504.1,13767.344
10/20/2023 16:00,29538.7,29578.6,29428.7,29478.5,10138.396
10/20/2023 15:00,29569.2,29588,29470,29538.7,10538.458
10/20/2023 14:00,29635.8,29718.8,29395.4,29569.2,25759.895
10/20/2023 13:00,29498.8,29656.6,29442,29635.9,21137.716
10/20/2023 12:00,29829.9,29900,29358.5,29498.7,57544.782
10/20/2023 11:00,29837,30027.2,29788.4,29829.9,25768.502
10/20/2023 10:00,29786,30243,29756,29836.9,74722.764
10/20/2023 9:00,29719.8,29825,29636.6,29785.9,23862.199
10/20/2023 8:00,29228.6,29840,29214.4,29719.8,63370.861
10/20/2023 7:00,29267.3,29405.4,29205.4,29228.5,16885.156
10/20/2023 6:00,29209.6,29274,29165.5,29267.2,9348.554
10/20/2023 5:00,29307,29333.1,29110,29209.7,17681.823
10/20/2023 4:00,29222.9,29347,29159,29307,21285.768
10/20/2023 3:00,28967.5,29400,28904.6,29222.8,54425.786
10/20/2023 2:00,28642.4,29200,28621.7,28967.5,41981.223
10/20/2023 1:00,28620.6,28643.9,28560,28642.5,6633.908
10/20/2023 0:00,28697,28756.8,28616.5,28620.5,7936.298
10/19/2023 23:00,28630.8,28700,28614,28696.9,4172.358
10/19/2023 22:00,28590.1,28691.6,28579.1,28630.8,5001.48
10/19/2023 21:00,28699.5,28724.9,28590,28590,8773.812
10/19/2023 20:00,28734.6,28883.7,28668,28699.5,18282.975
10/19/2023 19:00,28631.5,28750,28630.4,28734.7,9380.066
10/19/2023 18:00,28532.9,28680,28506.1,28631.5,14028.296
10/19/2023 17:00,28601.7,28676.1,28436.8,28532.9,20588.044
10/19/2023 16:00,28659.5,28933.4,28585.6,28601.6,43676
10/19/2023 15:00,28665.5,28801.6,28550,28659.5,43499.591
10/19/2023 14:00,28463.4,28742.9,28423.3,28665.6,31522.189
10/19/2023 13:00,28460.6,28576.4,28414.6,28463.4,12747.597
10/19/2023 12:00,28436.1,28563.6,28402.2,28460.6,23165.624
10/19/2023 11:00,28461,28478.7,28392,28436,5861.655
10/19/2023 10:00,28384.6,28498.2,28358,28460.9,19676.958
10/19/2023 9:00,28307.8,28399,28267.4,28384.6,8797.645
10/19/2023 8:00,28314.9,28366.2,28283.5,28307.8,6882.281
10/19/2023 7:00,28275.7,28325,28226.6,28315,6598.711
10/19/2023 6:00,28298.5,28314.5,28262.4,28275.8,3589.817
10/19/2023 5:00,28271.7,28337,28258.6,28298.5,6067.127
10/19/2023 4:00,28247.1,28275,28214.6,28271.7,3774.638
10/19/2023 3:00,28195.9,28249.8,28183,28247.2,4447.818
10/19/2023 2:00,28223.1,28261.4,28152.1,28195.8,7947.067
10/19/2023 1:00,28370.1,28404.6,28076,28223.2,19966.645
10/19/2023 0:00,28307.2,28383.9,28273.9,28370.1,5224.813
10/18/2023 23:00,28329.9,28363.1,28290,28307.1,4334.175
10/18/2023 22:00,28252.9,28330,28230.7,28330,5220.76
10/18/2023 21:00,28236.9,28272,28200.1,28252.9,3380.997
10/18/2023 20:00,28233.2,28293.8,28169.4,28236.9,7399.963
10/18/2023 19:00,28284.3,28327.8,28228.5,28233.3,6941.693
10/18/2023 18:00,28312.2,28352.5,28264.4,28284.3,6354.204
10/18/2023 17:00,28332.1,28423.4,28312.2,28312.2,9943.495
10/18/2023 16:00,28235.4,28386.6,28215.4,28332.1,14607.674
10/18/2023 15:00,28180.3,28274.6,28142.2,28235.3,10000.326
10/18/2023 14:00,28313.1,28354.2,28126.6,28180.4,24141.422
10/18/2023 13:00,28315.6,28373.9,28246.5,28313.2,13069.877
10/18/2023 12:00,28327.3,28393.2,28263.1,28315.7,10933.991
10/18/2023 11:00,28357.8,28389,28313.4,28327.3,6865.062
10/18/2023 10:00,28246.2,28402.6,28240,28357.8,19451.066
10/18/2023 9:00,28543.4,28584.9,28204.8,28246.2,19449.592
10/18/2023 8:00,28485.1,28547.7,28452.9,28543.4,10300.227
10/18/2023 7:00,28653.4,28659.5,28450,28485.1,17828.551
10/18/2023 6:00,28681.9,28728.3,28607,28653.4,9909.149
10/18/2023 5:00,28716.8,28849.9,28621.3,28681.9,35928.075
10/18/2023 4:00,28498.1,29100,28428.3,28716.8,35212.95
10/18/2023 3:00,28455.6,28500,28429,28498,5101.093
10/18/2023 2:00,28340,28494.9,28338.8,28455.7,8594.37
10/18/2023 1:00,28361.5,28406,28307.6,28340,5339.188
10/18/2023 0:00,28382,28424.1,28307.6,28361.4,6868.728
10/17/2023 23:00,28405.4,28432.8,28371.3,28381.9,3137.485
10/17/2023 22:00,28468.6,28473.5,28360,28405.3,6888.975
10/17/2023 21:00,28431.4,28544.3,28390.7,28468.6,6679.517
10/17/2023 20:00,28499,28528,28430,28431.3,7835.999
10/17/2023 19:00,28334,28500,28330,28499,8402.184
10/17/2023 18:00,28414.8,28474.5,28290,28334,10922.612
10/17/2023 17:00,28566.7,28596,28347.6,28414.9,16311.912
10/17/2023 16:00,28445.7,28591.9,28410.9,28566.7,11749.933
10/17/2023 15:00,28449.7,28567.7,28412.5,28445.8,19768.827
10/17/2023 14:00,28276.5,28500,28260,28449.7,23033.849
10/17/2023 13:00,28203.5,28380,28117,28276.5,33486.004
10/17/2023 12:00,28408.8,28458.6,28145.6,28203.5,22565.157
10/17/2023 11:00,28494.9,28517,28405.3,28408.8,7773.89
10/17/2023 10:00,28434.4,28605,28392.4,28495,21107.602
10/17/2023 9:00,28426,28462.3,28350,28434.4,6390.856
10/17/2023 8:00,28408.1,28509.4,28339,28425.9,18449.817
10/17/2023 7:00,28214.7,28452.8,28189.9,28408.2,20376.955
10/17/2023 6:00,28212,28227,28105.3,28214.7,8805.362
10/17/2023 5:00,28175,28221.2,28128.7,28212,6040.756
10/17/2023 4:00,28259.9,28260,28055,28175,18336.804
10/17/2023 3:00,28358.3,28358.7,28239.2,28259.9,5291.568
10/17/2023 2:00,28339.2,28379.5,28277.2,28358.3,5647.434
10/17/2023 1:00,28263.8,28409.5,28254,28339.2,7096.634
10/17/2023 0:00,28486.3,28534.4,28220,28263.9,18089.626
10/16/2023 23:00,28492.5,28534.5,28422.6,28486.3,6206.714
10/16/2023 22:00,28411.9,28548,28364.5,28492.5,9327.195
10/16/2023 21:00,28390.8,28443.5,28220.7,28411.9,12447.163
10/16/2023 20:00,28457.9,28633.3,28305.4,28390.8,17767.115
10/16/2023 19:00,28536.8,28797.9,28376.1,28457.9,37810.3
10/16/2023 18:00,28219,28590,28214.7,28536.9,35356.574
10/16/2023 17:00,28078.3,28229.7,28072.8,28219,13833.784
10/16/2023 16:00,28054.1,28171.9,28050,28078.2,12402.743
10/16/2023 15:00,28181.3,28200,28021.4,28054,19397.289
10/16/2023 14:00,27986.5,28382,27875,28181.4,70375.136
10/16/2023 13:00,27873.3,30720,27698.5,27986.5,355275.447
10/16/2023 12:00,27737,27880.4,27695,27873.3,15382.845
10/16/2023 11:00,27752.6,27759.1,27660.3,27737,6544.031
10/16/2023 10:00,27757.2,27775.5,27682.7,27752.6,8704.049
10/16/2023 9:00,27792.7,27797.9,27627.4,27757.1,24932.866
10/16/2023 8:00,27837.2,27890.2,27792.7,27792.8,11488.175
10/16/2023 7:00,27799.9,27914.2,27794.2,27837.2,11336.339
10/16/2023 6:00,27903.4,27968,27772.4,27800,24453.177
10/16/2023 5:00,27238.5,28168.6,27234.8,27903.4,94544.322
10/16/2023 4:00,27221.4,27263.7,27176.5,27238.4,5085.024
10/16/2023 3:00,27176,27224.2,27142.8,27221.4,5441.588
10/16/2023 2:00,27181.2,27274.8,27161.9,27176.1,6686.098
10/16/2023 1:00,27129,27265,27127.7,27181.2,10245.907
10/16/2023 0:00,27139.8,27179.9,27095.4,27129,7959.901
10/15/2023 23:00,27085.6,27141.4,27018.8,27139.8,12212.375
10/15/2023 22:00,27164.4,27287.6,27056,27085.7,19358.98
10/15/2023 21:00,27193.9,27217.7,27074.7,27164.4,12210.156
10/15/2023 20:00,27030.1,27456.1,27000.9,27193.9,31110.47
10/15/2023 19:00,27046.1,27073,26970.4,27030.1,8042.933
10/15/2023 18:00,26969.5,27050,26943,27046.1,9142.711
10/15/2023 17:00,26916,27013.5,26905.5,26969.5,12938.397
10/15/2023 16:00,26885.7,26918.5,26880,26916,3395.609
10/15/2023 15:00,26861.8,26898,26838.7,26885.6,3157.155
10/15/2023 14:00,26849.7,26909.2,26842.9,26861.8,3395.669
10/15/2023 13:00,26824.3,26958,26790.4,26849.7,16930.298
10/15/2023 12:00,26840.5,26840.5,26813.1,26824.2,3195.809
10/15/2023 11:00,26880.8,26880.9,26830.1,26840.4,3862.29
10/15/2023 10:00,26890.4,26890.4,26878.1,26880.9,1104.31
10/15/2023 9:00,26894.9,26909.6,26883,26890.4,2252.11
10/15/2023 8:00,26872.7,26899.9,26868.5,26895,2512.02
10/15/2023 7:00,26868.5,26872.7,26858.7,26872.7,980.083
10/15/2023 6:00,26868.4,26868.5,26860,26868.5,913.307
10/15/2023 5:00,26873.2,26875,26866.7,26868.3,736.925
10/15/2023 4:00,26871.4,26879.7,26858.8,26873.1,1822.333
10/15/2023 3:00,26870.5,26894.2,26861.4,26871.4,2621.148
10/15/2023 2:00,26876.6,26891,26856.5,26870.5,1980.944
10/15/2023 1:00,26835,26896.3,26831.6,26876.5,3662.653
10/15/2023 0:00,26836.4,26842.5,26801,26835,2461.777
10/14/2023 23:00,26832.7,26855.9,26832.6,26836.3,1623.794
10/14/2023 22:00,26806.5,26843.9,26806.4,26832.7,2022.256
10/14/2023 21:00,26831.9,26869.6,26773.1,26806.5,4864.909
10/14/2023 20:00,26851.5,26852.1,26800,26831.8,3621.159
10/14/2023 19:00,26858.5,26867,26835.1,26851.5,2770.009
10/14/2023 18:00,26875,26877.6,26853.5,26858.5,2498.22
10/14/2023 17:00,26914.8,26917.7,26869.9,26875.1,2838.708
10/14/2023 16:00,26927.9,26937.9,26888.6,26914.8,4872.205
10/14/2023 15:00,26874.3,26930,26864.9,26927.9,4788.075
10/14/2023 14:00,26894.7,26897.8,26856.7,26874.3,2240.876
10/14/2023 13:00,26882.3,26902,26867.2,26894.7,3851.673
10/14/2023 12:00,26860.1,26883.8,26837.6,26882.3,2403.592
10/14/2023 11:00,26863.2,26867.1,26835.7,26860.1,2111.926
10/14/2023 10:00,26870.7,26892.7,26851.7,26863.2,2619.577
10/14/2023 9:00,26858,26874.3,26858,26870.7,1799.541
10/14/2023 8:00,26860.4,26874.5,26835,26858,2832.849
10/14/2023 7:00,26851.1,26863.8,26828.4,26860.5,3117.496
10/14/2023 6:00,26874.2,26886.1,26842.8,26851.1,5253.197
10/14/2023 5:00,26896.5,26926.4,26871,26874.2,3785.872
10/14/2023 4:00,26918.2,26922.9,26886.5,26896.5,2597.856
10/14/2023 3:00,26889.7,26986.4,26889.7,26918.2,7332.03
10/14/2023 2:00,26900,26919.7,26875.6,26889.7,3085.816
10/14/2023 1:00,26879.9,26918.4,26828.5,26900.1,4446.461
10/14/2023 0:00,26849.7,26889.4,26837.5,26879.9,4786.684
10/13/2023 23:00,26813.9,26849.8,26746,26849.8,8421.577
10/13/2023 22:00,27005.4,27066.5,26737.1,26813.9,22625.751
10/13/2023 21:00,26967.8,27120.8,26830,27005.5,37058.099
10/13/2023 20:00,26769,27098,26733.3,26967.8,25278.653
10/13/2023 19:00,26734.6,26771.4,26709.2,26768.9,3936.79
10/13/2023 18:00,26756.9,26777.5,26720,26734.7,3701.167
10/13/2023 17:00,26786,26788.4,26675,26756.9,7685.813
10/13/2023 16:00,26692.9,26797.9,26688.1,26786,9102.618
10/13/2023 15:00,26745.3,26774,26670.1,26693,11685.236
10/13/2023 14:00,26843,26843,26722.6,26745.4,11958.083
10/13/2023 13:00,26920.1,26972.8,26820,26843,14417.305
10/13/2023 12:00,26810,26925,26751,26920,14812.825
10/13/2023 11:00,26766.2,26843.2,26766.2,26809.9,6719.788
10/13/2023 10:00,26725.7,26776.7,26725.7,26766.1,3997.227
10/13/2023 9:00,26783.1,26813.6,26722.2,26725.8,7586.408
10/13/2023 8:00,26857.9,26892.3,26779,26783,7694.777
10/13/2023 7:00,26796.5,26929,26796.5,26857.8,13082.375
10/13/2023 6:00,26809.3,26847.6,26786.9,26796.6,3953.349
10/13/2023 5:00,26792.6,26814.9,26770,26809.4,3021.862
10/13/2023 4:00,26769.5,26796,26765.3,26792.6,2480.583
10/13/2023 3:00,26795.3,26823.7,26756.3,26769.5,4271.401
10/13/2023 2:00,26781.7,26800,26771.6,26795.3,3274.336
10/13/2023 1:00,26818,26869.7,26777.1,26781.6,6435.381
10/13/2023 0:00,26744,26849.6,26733.9,26818,10020.75
10/12/2023 23:00,26738.9,26755.5,26692,26744,3548.462
10/12/2023 22:00,26745.6,26767.2,26716.9,26739,3093.629
10/12/2023 21:00,26734.4,26754.9,26695.5,26745.6,3879.125
10/12/2023 20:00,26700.2,26749,26695,26734.4,4757.541
10/12/2023 19:00,26648.6,26734.1,26614.5,26700.3,5962.546
10/12/2023 18:00,26630.7,26719.9,26585,26648.7,8483.278
10/12/2023 17:00,26665.2,26682,26534.8,26630.7,19183.628
10/12/2023 16:00,26665.4,26800,26543.1,26665.1,24639.559
10/12/2023 15:00,26690.3,26724.9,26606.2,26665.4,9760.826
10/12/2023 14:00,26746.7,26767.5,26621.6,26690.2,13925.017
10/12/2023 13:00,26817,26853.9,26667.2,26746.8,14828.696
10/12/2023 12:00,26827.4,26845.8,26741.9,26817,13828.047
10/12/2023 11:00,26746.2,26856.5,26708.6,26827.4,9621.48
10/12/2023 10:00,26732.1,26774.6,26719.5,26746.2,7571.487
10/12/2023 9:00,26788.5,26813.7,26650,26732.1,16476.907
10/12/2023 8:00,26799.3,26811.2,26751.5,26788.4,7516.014
10/12/2023 7:00,26852.4,26864.4,26789.5,26799.4,6767.045
10/12/2023 6:00,26865.9,26909.9,26822.9,26852.5,7118.724
10/12/2023 5:00,26809.4,26866,26768.8,26866,5383.15
10/12/2023 4:00,26836,26839.3,26801.4,26809.4,3266.026
10/12/2023 3:00,26890,26904.2,26814.5,26836.1,5572.807
10/12/2023 2:00,26766,26939,26741.1,26889.9,10369.167
10/12/2023 1:00,26794,26799.6,26722.4,26766.1,6881.223
10/12/2023 0:00,26864.5,26880,26788.4,26794,7844.656
10/11/2023 23:00,26777,26879.7,26746,26864.5,11210.758
10/11/2023 22:00,26721.4,26794.4,26706.4,26777,5799.412
10/11/2023 21:00,26714.4,26759.5,26666,26721.5,4607.346
10/11/2023 20:00,26753.8,26769.8,26680,26714.3,7145.305
10/11/2023 19:00,26682.5,26788,26668.3,26753.7,13691.414
10/11/2023 18:00,26626.3,26708.8,26572.7,26682.5,13958.941
10/11/2023 17:00,26672.8,26712,26525,26626.3,27376.191
10/11/2023 16:00,26769.2,26784.4,26601.6,26672.8,37081.921
10/11/2023 15:00,27081.8,27092,26700,26769.1,55317.275
10/11/2023 14:00,27132.7,27155,27020,27081.8,12203.719
10/11/2023 13:00,27157.8,27173.4,27057.9,27132.7,10481.706
10/11/2023 12:00,27185,27252.6,27023.8,27157.9,21765.793
10/11/2023 11:00,27265.2,27285.2,27161,27185,9891.095
10/11/2023 10:00,27275.2,27320,27205.2,27265.1,16775.34
10/11/2023 9:00,27099.9,27279,27075.7,27275.2,20123.623
10/11/2023 8:00,27012.7,27108.5,27002.9,27099.9,10633.652
10/11/2023 7:00,27059.7,27087.9,27005,27012.8,8100.08
10/11/2023 6:00,27102.8,27108,27044.8,27059.7,6473.095
10/11/2023 5:00,27111.1,27131.1,27044.8,27102.9,7599.662
10/11/2023 4:00,27000.7,27119.9,26951.7,27111.1,16312.587
10/11/2023 3:00,27109.9,27144.3,27000,27000.7,22134.442
10/11/2023 2:00,27429.1,27429.6,27016,27110,41809.261
10/11/2023 1:00,27453.9,27467.6,27405.4,27429.1,3240.129
10/11/2023 0:00,27381.3,27466.2,27375.4,27454,4453.824
10/10/2023 23:00,27434.9,27444,27369.5,27381.2,2635.845
10/10/2023 22:00,27414.6,27458.2,27411.2,27434.9,1928.411
10/10/2023 21:00,27391.1,27457.9,27365,27414.5,5655.783
10/10/2023 20:00,27386.3,27419.3,27308.1,27391,6200.857
10/10/2023 19:00,27343.8,27408,27300.8,27386.4,10692.972
10/10/2023 18:00,27356.9,27384,27281,27343.8,11639.88
10/10/2023 17:00,27417.6,27441.7,27331.2,27356.9,11648.063
10/10/2023 16:00,27395.6,27503.7,27321.6,27417.7,20885.376
10/10/2023 15:00,27427,27463.2,27333.3,27395.5,19896.217
10/10/2023 14:00,27384.9,27622.9,27340,27427.1,35962.01
10/10/2023 13:00,27411.9,27468.3,27318.2,27384.8,22139.37
10/10/2023 12:00,27494,27518.8,27389,27411.9,16341.012
10/10/2023 11:00,27596.8,27604.6,27486.5,27494.1,12681.32
10/10/2023 10:00,27650.1,27663.6,27589.9,27596.9,6187.019
10/10/2023 9:00,27663.6,27670.7,27626.9,27650.1,4550.999
10/10/2023 8:00,27634.9,27727.3,27630,27663.7,7505.358
10/10/2023 7:00,27638,27694.9,27625.9,27634.9,6304.206
10/10/2023 6:00,27595.9,27647.4,27595.8,27638,5411.306
10/10/2023 5:00,27584.6,27598.8,27565.2,27595.9,2789.853
10/10/2023 4:00,27621.5,27625.9,27569.4,27584.5,4153.519
10/10/2023 3:00,27668.2,27677.8,27615.8,27621.6,3800.562
10/10/2023 2:00,27581.7,27695.1,27561.1,27668.2,7155.931
10/10/2023 1:00,27538.5,27599.9,27482,27581.7,7405.752
10/10/2023 0:00,27578.4,27623.8,27530.2,27538.6,6207.875
10/9/2023 23:00,27575.9,27605,27558.1,27578.3,2906.802
10/9/2023 22:00,27607.4,27627,27562,27575.9,3771.446
10/9/2023 21:00,27556.1,27627.2,27542.3,27607.4,3540.588
10/9/2023 20:00,27607.7,27644,27542.9,27556.2,4995.344
10/9/2023 19:00,27555,27632.4,27526.3,27607.6,8683.886
10/9/2023 18:00,27582.6,27739.6,27550.8,27554.9,25625.567
10/9/2023 17:00,27391.2,27584.6,27330.2,27582.6,19408.598
10/9/2023 16:00,27433.1,27539.4,27250,27391.1,45875.904
10/9/2023 15:00,27486.6,27529.9,27410.5,27433,11064.361
10/9/2023 14:00,27505.8,27567.2,27450.8,27486.6,14389.35
10/9/2023 13:00,27425.4,27524.3,27358.2,27505.7,15645.367
10/9/2023 12:00,27456,27537.8,27366.7,27425.3,19872.137
10/9/2023 11:00,27522.3,27522.4,27392,27455.9,17441.343
10/9/2023 10:00,27531,27599.9,27458,27522.3,22019.032
10/9/2023 9:00,27735.9,27786.9,27430,27531,37563.227
10/9/2023 8:00,27804.6,27834.8,27688,27735.8,16241.104
10/9/2023 7:00,27890.9,27897.5,27800,27804.6,8417.771
10/9/2023 6:00,27851.7,27900,27842.6,27890.9,3804.302
10/9/2023 5:00,27916.6,27921.5,27850,27851.7,4419.329
10/9/2023 4:00,27911.9,27934,27909.2,27916.6,2168.599
10/9/2023 3:00,27923.8,27950,27902.1,27911.9,3094.114
10/9/2023 2:00,27948.3,27974,27907.9,27923.7,4902.968
10/9/2023 1:00,27808.8,27977,27780.3,27948.4,10574.696
10/9/2023 0:00,27901.2,27907.7,27787.5,27808.8,7890.746
10/8/2023 23:00,27903.7,27929.5,27880,27901.2,3469.795
10/8/2023 22:00,27904,27930.1,27780.4,27903.6,9594.522
10/8/2023 21:00,27892.9,27968.7,27875.2,27904,6192.824
10/8/2023 20:00,27880.3,27919.8,27861.8,27892.8,3099.727
10/8/2023 19:00,27859.1,27910,27859.1,27880.4,5243.892
10/8/2023 18:00,27862.9,27865.4,27791,27859.2,8616.774
10/8/2023 17:00,27902.8,27937.1,27861.4,27862.9,3317.393
10/8/2023 16:00,27883.5,27928.8,27858.5,27902.8,6072.003
10/8/2023 15:00,27917,27940,27869.8,27883.5,4746.091
10/8/2023 14:00,27898.1,27968.6,27859.4,27917.1,9074.576
10/8/2023 13:00,27797.6,27989.8,27671,27898.2,31023.025
10/8/2023 12:00,27799.2,27865,27790,27797.6,5470.502
10/8/2023 11:00,27805.4,27842.1,27782.4,27799.2,6367.524
10/8/2023 10:00,27868.4,27885.1,27758.9,27805.4,12554.895
10/8/2023 9:00,27900.3,27923.2,27812.5,27868.4,8008.526
10/8/2023 8:00,27892.4,27927,27860,27900.4,4150.939
10/8/2023 7:00,27877.7,27909.9,27864.6,27892.4,3462.246
10/8/2023 6:00,27925,27939.9,27872.5,27877.7,5058.035
10/8/2023 5:00,27915.3,27931.9,27867,27925,7689.478
10/8/2023 4:00,28050,28061.5,27906.2,27915.2,11807.578
10/8/2023 3:00,27999.2,28079,27980.8,28049.9,5755.827
10/8/2023 2:00,28001.4,28082,27965,27999.1,8632.701
10/8/2023 1:00,27950.9,28016.9,27924.9,28001.3,6148.23
10/8/2023 0:00,27943,27968,27935.5,27950.8,2823.204
10/7/2023 23:00,27938.5,27947.8,27928.5,27943,2123.414
10/7/2023 22:00,27918,27940,27909.3,27938.4,2189.842
10/7/2023 21:00,27909.9,27945,27897.9,27918,2680.632
10/7/2023 20:00,27849.7,27917.4,27838.5,27909.9,3272.468
10/7/2023 19:00,27878.3,27908.4,27831.8,27849.7,5755.131
10/7/2023 18:00,27918.2,27931.7,27846.4,27878.2,6273.534
10/7/2023 17:00,27927,27949.8,27885.2,27918.2,4908.08
10/7/2023 16:00,27926.5,27952.6,27915,27927,2923.833
10/7/2023 15:00,27938.9,27959.9,27885.1,27926.4,4935.168
10/7/2023 14:00,27922.8,27942,27898.9,27939,3618.617
10/7/2023 13:00,27946,27965,27882.6,27922.8,5693.475
10/7/2023 12:00,27929.4,27974.8,27923,27945.9,3652.593
10/7/2023 11:00,27931.3,28000,27918.8,27929.4,6819.449
10/7/2023 10:00,27943.3,27949.8,27914,27931.2,3568.433
10/7/2023 9:00,27993.1,28018.7,27920.2,27943.2,6669.326
10/7/2023 8:00,27878.1,28014.6,27865.4,27993.1,11733.03
10/7/2023 7:00,27875.6,27907.2,27872.5,27878.2,2830.504
10/7/2023 6:00,27889.1,27899.6,27858.4,27875.6,3427.781
10/7/2023 5:00,27900,27933,27870,27889,4358.511
10/7/2023 4:00,27891,27924.4,27887.8,27900.1,2749.09
10/7/2023 3:00,27861.3,27937.1,27854.9,27890.9,4407.989
10/7/2023 2:00,27887,27908.6,27857.8,27861.3,4672.019
10/7/2023 1:00,27901.6,27939,27854.6,27887.1,5297.621
10/7/2023 0:00,27916.3,27944.6,27822.1,27901.6,12488.605
10/6/2023 23:00,27956.1,27968.4,27861,27916.3,11185.044
10/6/2023 22:00,28030.2,28127.4,27948.2,27956.1,14715.986
10/6/2023 21:00,27963.5,28450,27915.1,28030.2,27638.259
10/6/2023 20:00,27939.1,28009.8,27880.8,27963.4,7946.977
10/6/2023 19:00,27889.4,28030,27861.3,27939.1,14941.591
10/6/2023 18:00,27946.8,27981.9,27851.6,27889.4,9599.165
10/6/2023 17:00,27861.1,27995.4,27773,27946.7,16649.308
10/6/2023 16:00,27926.6,28012,27790,27861.2,32983.909
10/6/2023 15:00,27654.7,28035.6,27615.6,27926.5,55565.584
10/6/2023 14:00,27513.8,27694.9,27450.1,27654.7,25455.533
10/6/2023 13:00,27238.7,27697,27156,27513.7,56247.388
10/6/2023 12:00,27750,27757.2,27160,27238.6,55177.691
10/6/2023 11:00,27658.1,27763.1,27601.1,27750,14494.305
10/6/2023 10:00,27674.9,27785,27650.7,27658.2,19044.076
10/6/2023 9:00,27602.8,27690,27571.1,27674.9,9205.629
10/6/2023 8:00,27626.8,27658.9,27587.1,27602.8,9886.027
10/6/2023 7:00,27478.1,27644,27468,27626.8,13958.064
10/6/2023 6:00,27488.2,27507.5,27450,27478.1,4736.802
10/6/2023 5:00,27516.1,27520,27460.8,27488.2,4054.023
10/6/2023 4:00,27544.8,27548.8,27471,27516.1,6399.961
10/6/2023 3:00,27528.6,27565.2,27517.3,27544.8,3517.926
10/6/2023 2:00,27504.3,27582.8,27501.7,27528.5,11950.856
10/6/2023 1:00,27443.2,27524.5,27442,27504.2,7467.753
10/6/2023 0:00,27398.3,27460.7,27382.6,27443.1,5624.047
10/5/2023 23:00,27422.2,27448.8,27383,27398.4,4191.389
10/5/2023 22:00,27433.1,27454.7,27368.5,27422.2,6832.989
10/5/2023 21:00,27463,27497.2,27433.1,27433.1,4085.252
10/5/2023 20:00,27457.1,27491.3,27390.2,27463,7133.504
10/5/2023 19:00,27480.9,27511.1,27418.1,27457.1,6224.049
10/5/2023 18:00,27473.7,27529.9,27403.1,27480.9,12753.986
10/5/2023 17:00,27433.4,27529.5,27333.5,27473.6,17660.529
10/5/2023 16:00,27540,27609.9,27350,27433.5,44131.271
10/5/2023 15:00,27946.3,27957.5,27380,27540,76042.104
10/5/2023 14:00,27976.6,28110,27905.4,27946.3,34386.964
10/5/2023 13:00,27710.1,28095,27710,27976.6,62822.624
10/5/2023 12:00,27710.6,27755.6,27663.1,27710,8960.905
10/5/2023 11:00,27727.2,27764.9,27686,27710.7,7426.339
10/5/2023 10:00,27672.3,27737.8,27644.6,27727.2,6603.526
10/5/2023 9:00,27634.1,27718.5,27620.6,27672.4,7028.909
10/5/2023 8:00,27595.4,27653.9,27578.1,27634.1,5797.607
10/5/2023 7:00,27643,27643.1,27533.1,27595.3,9354.367
10/5/2023 6:00,27625.8,27655,27590.4,27643,6055.906
10/5/2023 5:00,27678.6,27688.4,27623.1,27625.8,3682.887
10/5/2023 4:00,27638,27684.2,27622.8,27678.7,4210.087
10/5/2023 3:00,27662.7,27698.2,27631,27638.1,4198.288
10/5/2023 2:00,27717.5,27725.4,27640,27662.6,6137.68
10/5/2023 1:00,27793.1,27798,27671.5,27717.5,10026.285
10/5/2023 0:00,27759.7,27890,27703.3,27793.1,14442.64
10/4/2023 23:00,27740.5,27824,27740.5,27759.8,8385.276
10/4/2023 22:00,27671,27764.4,27644,27740.5,5975.44
10/4/2023 21:00,27633.4,27780,27633.2,27671,7435.723
10/4/2023 20:00,27606.3,27727.6,27550,27633.5,12459.524
10/4/2023 19:00,27613.8,27830,27507.2,27606,43150.592
10/4/2023 18:00,27521.7,27620,27505,27613.8,8280.764
10/4/2023 17:00,27509.5,27579.6,27492.1,27521.7,6367.785
10/4/2023 16:00,27388.3,27587.5,27385.8,27509.5,14815.145
10/4/2023 15:00,27376.7,27462.2,27351,27388.3,8369.591
10/4/2023 14:00,27404.6,27450,27317.1,27376.6,17885.044
10/4/2023 13:00,27553,27562.4,27380,27404.6,19753.953
10/4/2023 12:00,27560,27619.4,27519.7,27553,9552.218
10/4/2023 11:00,27513.1,27589.9,27507,27559.9,6462.436
10/4/2023 10:00,27610.9,27627.6,27504,27513.1,11994.958
10/4/2023 9:00,27504.8,27626,27492.9,27610.8,11513.481
10/4/2023 8:00,27442,27559.7,27420.5,27504.8,13088.412
10/4/2023 7:00,27408.5,27442,27388.9,27442,5377.834
10/4/2023 6:00,27397.4,27408.5,27335.8,27408.5,4740.068
10/4/2023 5:00,27378.6,27397.5,27345,27397.5,4174.491
10/4/2023 4:00,27416.3,27416.3,27370,27378.6,3779.805
10/4/2023 3:00,27398.8,27454,27392,27416.3,4238.106
10/4/2023 2:00,27323,27500,27299.3,27398.7,14623.113
10/4/2023 1:00,27297,27345.5,27244.7,27323,9857.229
10/4/2023 0:00,27412,27423.2,27163.9,27297.1,28503.334
10/3/2023 23:00,27393.3,27459.7,27365.6,27412,11359.086
10/3/2023 22:00,27388,27397.8,27252.3,27393.3,10375.236
10/3/2023 21:00,27384.5,27446.8,27344.9,27388,6470.303
10/3/2023 20:00,27263.8,27387.1,27123,27384.5,20116.574
10/3/2023 19:00,27286.1,27417.8,27230,27263.8,15871.103
10/3/2023 18:00,27424,27435.6,27284.9,27286.2,10238.328
10/3/2023 17:00,27371.6,27479.5,27371.6,27424,9134.189
10/3/2023 16:00,27332.1,27433.4,27305.3,27371.6,12684.643
10/3/2023 15:00,27338.6,27406.4,27212.3,27332,22462.101
10/3/2023 14:00,27533.4,27533.4,27255,27338.6,37411.645
10/3/2023 13:00,27458.1,27569.2,27373.8,27533.4,13079.558
10/3/2023 12:00,27549.1,27552,27400.2,27458.2,17462.488
10/3/2023 11:00,27611.6,27620,27458.3,27549.1,14389.665
10/3/2023 10:00,27530.3,27623.5,27530.3,27611.6,6291.622
10/3/2023 9:00,27584,27607.3,27528.5,27530.3,6304.505
10/3/2023 8:00,27528,27630,27525,27583.9,6113.411
10/3/2023 7:00,27621.9,27639.6,27510.1,27528.1,7225.211
10/3/2023 6:00,27552.7,27665,27549,27622,6145.03
10/3/2023 5:00,27620,27622.7,27552.7,27552.7,4465.093
10/3/2023 4:00,27585.8,27633.3,27530,27620,6230.723
10/3/2023 3:00,27569.4,27627.9,27517.5,27585.8,7805.049
10/3/2023 2:00,27552.5,27607.8,27502.2,27569.3,6020.042
10/3/2023 1:00,27418,27555.2,27366.1,27552.4,10818.904
10/3/2023 0:00,27477.7,27559.3,27380.1,27418,14603.39
10/2/2023 23:00,27537.1,27608.4,27455,27477.6,15158.013
10/2/2023 22:00,27456.7,27544.6,27326.5,27537,22885.55
10/2/2023 21:00,27836.6,27863.9,27255,27456.7,42121.99
10/2/2023 20:00,27955.3,27955.4,27808,27836.6,8821.913
10/2/2023 19:00,27789.9,27963.3,27614.6,27955.3,28868.44
10/2/2023 18:00,28046.1,28095,27635.8,27789.8,38180.633
10/2/2023 17:00,27986.8,28115,27888.7,28046.1,17290.824
10/2/2023 16:00,28015,28111,27838.5,27986.7,45849.809
10/2/2023 15:00,28292.4,28409.9,27971,28015,46177.82
10/2/2023 14:00,28540,28613,28160.6,28292.4,50785.366
10/2/2023 13:00,28305,28550,28272.4,28540,30209.737
10/2/2023 12:00,28183.1,28340.6,28183.1,28305,15036.446
10/2/2023 11:00,28294.1,28362.2,28177,28183.2,21722.179
10/2/2023 10:00,28272.4,28330.5,28257.4,28294,8431.165
10/2/2023 9:00,28264.5,28313.9,28220.2,28272.5,15554.754
10/2/2023 8:00,28299.2,28477,28235.9,28264.4,39848.207
10/2/2023 7:00,28086.5,28428.2,28082.8,28299.1,46223.465
10/2/2023 6:00,27966,28095,27951.8,28086.6,9782.371
10/2/2023 5:00,28054,28101.9,27880,27966,13888.368
10/2/2023 4:00,28114.9,28146.7,28004.2,28054,12647.27
10/2/2023 3:00,27971.3,28231,27940,28114.8,23939.676
10/2/2023 2:00,27907.4,27990,27885.5,27971.2,9016.344
10/2/2023 1:00,27917.6,27956.8,27811.6,27907.4,11539.817
10/2/2023 0:00,27981.4,28050.7,27870,27917.7,19297.563
10/1/2023 23:00,27989.6,28020,27851.1,27981.4,20761.995
10/1/2023 22:00,27164.1,28365.2,27137.9,27989.7,89652.916
10/1/2023 21:00,27093.6,27180,27072.5,27164,3710.802
10/1/2023 20:00,27091,27135.6,27015,27093.6,7945.271
10/1/2023 19:00,27083,27096,27058.6,27091.1,2688.989
10/1/2023 18:00,27061.7,27089.6,27050.5,27083,3099.633
10/1/2023 17:00,27099.9,27129.2,27021.4,27061.8,7944.326
10/1/2023 16:00,27135.8,27142.5,27065.3,27099.9,4751.717
10/1/2023 15:00,27108.8,27145,27090.8,27135.8,4457.786
10/1/2023 14:00,27175.6,27219.7,27067.4,27108.9,12806.333
10/1/2023 13:00,27176.3,27186.2,27131.4,27175.7,4580.093
10/1/2023 12:00,27174.2,27188,27108.1,27176.3,7792.07
10/1/2023 11:00,27195.5,27229.7,27153,27174.2,6985.793
10/1/2023 10:00,27202.7,27279.5,27150,27195.5,13993.563
10/1/2023 9:00,27122.1,27222,27121,27202.8,13735.07
10/1/2023 8:00,27092.1,27145,27070.5,27122.1,4752.609
10/1/2023 7:00,27113.1,27148,27079.7,27092.1,6274.466
10/1/2023 6:00,27061.9,27131.9,27061.9,27113.1,7682.681
10/1/2023 5:00,27035,27064.2,27028.1,27061.9,3884.222
10/1/2023 4:00,27032.9,27035,27004.2,27035,1889.918
10/1/2023 3:00,27015.7,27039.7,26993.6,27033,2415.426
10/1/2023 2:00,27005.1,27037.5,27004.4,27015.6,2681.754
10/1/2023 1:00,26976.9,27026.8,26963.8,27005.1,3161.822
10/1/2023 0:00,26951,26986.6,26939,26976.9,2733.691
9/30/2023 23:00,26996.5,26999.8,26942.1,26950.9,3409.319
9/30/2023 22:00,26984,27021.6,26968,26996.4,3202.577
9/30/2023 21:00,27049,27070.4,26929.8,26984,5545.786
9/30/2023 20:00,27011.2,27061.6,27011.1,27049,3577.599
9/30/2023 19:00,26992.3,27026.7,26972.8,27011.2,2369.602
9/30/2023 18:00,27005.9,27006.9,26975.5,26992.3,2541.691
9/30/2023 17:00,27006,27021.4,26958,27005.8,3698.103
9/30/2023 16:00,26986.2,27032.7,26960,27006.1,5569.161
9/30/2023 15:00,26977.6,27085,26966.2,26986.2,13713.272
9/30/2023 14:00,26962,26998,26943.3,26977.6,7225.95
9/30/2023 13:00,26914.2,26973,26890.4,26962,4658.436
9/30/2023 12:00,26924.3,26942.8,26910.1,26914.2,3222.804
9/30/2023 11:00,26966.2,26987.6,26911,26924.3,4905.116
9/30/2023 10:00,26937.3,26979.7,26937.3,26966.2,3988.928
9/30/2023 9:00,26916.8,26949.6,26916.8,26937.4,2676.912
9/30/2023 8:00,26915.9,26927.5,26906,26916.7,2007.496
9/30/2023 7:00,26912.4,26949.5,26907,26915.9,2924.642
9/30/2023 6:00,26924.2,26940.8,26912.4,26912.4,2002.343
9/30/2023 5:00,26909.4,26944.3,26909.3,26924.2,2290.269
9/30/2023 4:00,26904.1,26929.7,26895.8,26909.4,2380.117
9/30/2023 3:00,26897,26924.8,26878.5,26904.1,2519.221
9/30/2023 2:00,26882,26905.6,26870.4,26897,2260.152
9/30/2023 1:00,26922.1,26929.8,26876.4,26882,2451.172
9/30/2023 0:00,26890.9,26934.9,26875.1,26922,3176.486
9/29/2023 23:00,26875.1,26914.3,26860,26890.9,2711.146
9/29/2023 22:00,26858.7,26902.8,26850.1,26875,3705.633
9/29/2023 21:00,26898,26909.7,26852.4,26858.7,2254.006
9/29/2023 20:00,26912.6,26979,26857,26898,5434.73
9/29/2023 19:00,26908,26944.6,26879.3,26912.7,6415.992
9/29/2023 18:00,26825.6,26922.6,26731,26908,13143.468
9/29/2023 17:00,26864.5,26874.2,26813.7,26825.5,4601.901
9/29/2023 16:00,26874.9,26899.7,26796.8,26864.5,9192.46
9/29/2023 15:00,26897.6,26922.8,26774.8,26874.8,17385.871
9/29/2023 14:00,26881,27098,26625,26897.6,64903.72
9/29/2023 13:00,26988.6,27036.5,26875,26881,15416.318
9/29/2023 12:00,26958.3,26999.7,26880,26988.6,14984.653
9/29/2023 11:00,27012.4,27050.1,26943,26958.3,7075.262
9/29/2023 10:00,27018.9,27052.9,26997.6,27012.4,5121.642
9/29/2023 9:00,26995.1,27070,26950,27018.9,9635.185
9/29/2023 8:00,27167.9,27168,26980.5,26995.2,13453.258
9/29/2023 7:00,27060.6,27231.5,27021.8,27168,21841.999
9/29/2023 6:00,26964.8,27069,26940,27060.7,8344.411
9/29/2023 5:00,26962.8,26976.4,26938.2,26964.8,3839.946
9/29/2023 4:00,26944.6,26962.9,26878.6,26962.8,5096.324
9/29/2023 3:00,26879.4,26950,26868.2,26944.6,6459.466
9/29/2023 2:00,27026.5,27070,26850,26879.5,14870.49
9/29/2023 1:00,27056.8,27100,26980.1,27026.6,9429.927
9/29/2023 0:00,27011.7,27130.2,26970,27056.8,12079.835
9/28/2023 23:00,27001.7,27062,26980.2,27011.8,4619.405
9/28/2023 22:00,26988.9,27039,26933.7,27001.8,6268.369
9/28/2023 21:00,27071.4,27089.8,26880,26988.9,14898.643
9/28/2023 20:00,27088.5,27157.2,27025.7,27071.2,12376.906
9/28/2023 19:00,26948.9,27128.5,26900,27088.5,21596.485
9/28/2023 18:00,27144,27220,26837.3,26949,29374.425
9/28/2023 17:00,27047.6,27174.9,27043.2,27143.9,14736.968
9/28/2023 16:00,27012.3,27308.7,27008,27047.7,69260.076
9/28/2023 15:00,26780,27075,26776.5,27012.3,47997.112
9/28/2023 14:00,26566.1,26900,26539.8,26780,62917.9
9/28/2023 13:00,26464.2,26570,26452.7,26566.1,11455.503
9/28/2023 12:00,26464.3,26560.1,26450,26464.2,10174.232
9/28/2023 11:00,26554.6,26574.5,26423.5,26464.4,12925.775
9/28/2023 10:00,26414.3,26620,26400.4,26554.7,20510.092
9/28/2023 9:00,26392.4,26439.7,26373.8,26414.3,5472.172
9/28/2023 8:00,26445.7,26454.3,26383.6,26392.5,6386.603
9/28/2023 7:00,26461.8,26496.7,26420.2,26445.7,8247.482
9/28/2023 6:00,26437,26474.6,26393.7,26461.7,5423.69
9/28/2023 5:00,26431.8,26479.6,26390,26437,7761.609
9/28/2023 4:00,26363.9,26457,26331.3,26431.7,7241.519
9/28/2023 3:00,26371.9,26379,26325.2,26363.8,4649.765
9/28/2023 2:00,26435.7,26523.2,26348.8,26371.9,10393.789
9/28/2023 1:00,26429.4,26450,26334.5,26435.8,11782.076
9/28/2023 0:00,26359.6,26549.9,26346.8,26429.3,23117.262
9/27/2023 23:00,26322.3,26374.9,26280.3,26359.6,7801.991
9/27/2023 22:00,26269,26339.9,26268.9,26322.3,5363.062
9/27/2023 21:00,26246.1,26294.5,26228.5,26269,3707.792
9/27/2023 20:00,26258.6,26282.2,26211.6,26246.1,5198.267
9/27/2023 19:00,26240.5,26285,26238,26258.6,5895.835
9/27/2023 18:00,26220.2,26273,26100,26240.6,16218.544
9/27/2023 17:00,26228,26263.3,26140.3,26220.2,11676.991
9/27/2023 16:00,26293.4,26303.7,26216,26227.9,9121.479
9/27/2023 15:00,26184,26318,26166.9,26293.4,20846.68
9/27/2023 14:00,26607.8,26625.2,26050,26184,72513.686
9/27/2023 13:00,26710.8,26797,26552.5,26607.9,24850.384
9/27/2023 12:00,26755.7,26849.9,26670.1,26710.7,30536.396
9/27/2023 11:00,26425.7,26840,26420.7,26755.8,65169.393
9/27/2023 10:00,26383.3,26479.9,26343.1,26425.6,23381.191
9/27/2023 9:00,26247,26393,26243.9,26383.4,18214.109
9/27/2023 8:00,26233.4,26254.8,26209,26247,3261.876
9/27/2023 7:00,26245.5,26256.4,26228.5,26233.4,2180.13
9/27/2023 6:00,26245,26261.8,26222.3,26245.4,2849.753
9/27/2023 5:00,26235,26252.1,26220.9,26245,2988.008
9/27/2023 4:00,26266.9,26280.1,26234.9,26235,2624.53
9/27/2023 3:00,26216.2,26281.5,26214.5,26266.9,3256.018
9/27/2023 2:00,26245.1,26268,26209.2,26216.3,3419.061
9/27/2023 1:00,26246.2,26255.6,26205.3,26245,3457.338
9/27/2023 0:00,26208.7,26250,26189.1,26246.2,8470.326
9/26/2023 23:00,26145.1,26229.7,26137.2,26208.8,4447.554
9/26/2023 22:00,26156.8,26198,26140.6,26145.1,3193.382
9/26/2023 21:00,26153.5,26184.5,26080,26156.7,7479.151
9/26/2023 20:00,26235.8,26280.9,26140,26153.5,8585.756
9/26/2023 19:00,26173.7,26267,26157.8,26235.8,8169.197
9/26/2023 18:00,26163,26197,26132.5,26173.7,4842.947
9/26/2023 17:00,26206.3,26258.8,26128.3,26162.9,8518.772
9/26/2023 16:00,26114.8,26289.9,26100.8,26206.2,14609.221
9/26/2023 15:00,26183,26195,26073.8,26114.8,11336.947
9/26/2023 14:00,26168.3,26205.3,26106,26183,13942.878
9/26/2023 13:00,26200.1,26249.6,26124,26168.3,19191.148
9/26/2023 12:00,26262.4,26296.6,26185,26200.1,10123.061
9/26/2023 11:00,26238,26280,26170.1,26262.4,11256.441
9/26/2023 10:00,26258.8,26266.9,26210,26238,5173.13
9/26/2023 9:00,26258.1,26322.4,26212.1,26258.7,8895.818
9/26/2023 8:00,26256.3,26273.4,26240,26258,4559.008
9/26/2023 7:00,26279.7,26279.8,26241.4,26256.3,4269.426
9/26/2023 6:00,26308.1,26327.9,26255,26279.8,4893.519
9/26/2023 5:00,26331.2,26340,26291.9,26308.1,3437.877
9/26/2023 4:00,26338.8,26353.3,26314.2,26331.1,3313.195
9/26/2023 3:00,26343,26388,26330.3,26338.8,6225.954
9/26/2023 2:00,26287.9,26347.3,26270,26343,5241.872
9/26/2023 1:00,26249.8,26288,26221,26288,4569.62
9/26/2023 0:00,26290.5,26294.8,26230.5,26249.8,4215.295
9/25/2023 23:00,26267.2,26308.3,26254.1,26290.5,3443.792
9/25/2023 22:00,26267.7,26281.8,26252.9,26267.1,2813.644
9/25/2023 21:00,26275.2,26303.8,26247.6,26267.8,5013.715
9/25/2023 20:00,26318.6,26440,26262.6,26275.1,12108.098
9/25/2023 19:00,26316.2,26339.5,26251.1,26318.6,7329.779
9/25/2023 18:00,26341.3,26377.5,26296.7,26316.2,6976.684
9/25/2023 17:00,26309.2,26363.9,26205.2,26341.3,14452.948
9/25/2023 16:00,26231,26419.4,26230.9,26309.2,24747.686
9/25/2023 15:00,26123.4,26289.9,26123.3,26230.9,20772.061
9/25/2023 14:00,26153,26171.4,26103.6,26123.4,7506.536
9/25/2023 13:00,26092,26181,26077.2,26153,12743.825
9/25/2023 12:00,26064.5,26110.9,25977,26092.1,17151.279
9/25/2023 11:00,26080.1,26098.6,26010,26064.6,9626.788
9/25/2023 10:00,26050,26105.7,26034.2,26080,5617.995
9/25/2023 9:00,26130.9,26135.5,26013.8,26049.9,9844.604
9/25/2023 8:00,26176.7,26223,26093.1,26130.9,8772.386
9/25/2023 7:00,26126.1,26181.9,26090.4,26176.8,6442.083
9/25/2023 6:00,26105.1,26163,26025,26126.1,9821.258
9/25/2023 5:00,26138.8,26143.4,26059.8,26105.1,6558.361
9/25/2023 4:00,26148.5,26186,26100,26138.7,6288.162
9/25/2023 3:00,26196.6,26230.1,26141.1,26148.6,5729.34
9/25/2023 2:00,26151.7,26240,26141.8,26196.7,8804.868
9/25/2023 1:00,26239.4,26327.2,26145.1,26151.6,18709.198
9/25/2023 0:00,26232.4,26240,25965,26239.5,37110.746
9/24/2023 23:00,26478.3,26478.4,26081,26232.4,29693.169
9/24/2023 22:00,26504.3,26504.5,26458.1,26478.3,2633.656
9/24/2023 21:00,26489.3,26512,26435,26504.3,4501.593
9/24/2023 20:00,26432.5,26500,26381.4,26489.3,7459.161
9/24/2023 19:00,26580.6,26580.6,26300,26432.5,24109.635
9/24/2023 18:00,26661.3,26739.9,26392.5,26580.5,33421.821
9/24/2023 17:00,26562.5,26700,26551,26661.3,10764.121
9/24/2023 16:00,26566,26573.3,26547.1,26562.5,1899.5
9/24/2023 15:00,26576.4,26583,26547.4,26566,2786.463
9/24/2023 14:00,26576.5,26582.1,26566.6,26576.4,1687.78
9/24/2023 13:00,26591,26618.7,26572.8,26576.4,2497.198
9/24/2023 12:00,26587.5,26600.8,26569.8,26590.9,2614.205
9/24/2023 11:00,26567.8,26600,26567.7,26587.6,2410.275
9/24/2023 10:00,26579,26581.6,26562.5,26567.9,1502.696
9/24/2023 9:00,26579,26604.1,26570.4,26579,3780.477
9/24/2023 8:00,26552.4,26580.9,26552.4,26579.1,1947.485
9/24/2023 7:00,26537.9,26554.3,26536.4,26552.4,1698.183
9/24/2023 6:00,26547.2,26550.9,26529.6,26538,1991.679
9/24/2023 5:00,26558.5,26562.2,26534.4,26547.2,2162.845
9/24/2023 4:00,26559.9,26563.7,26540.3,26558.5,1714.21
9/24/2023 3:00,26574.8,26576.5,26555.7,26559.9,1121.291
9/24/2023 2:00,26574.7,26581,26566.4,26574.9,1098.861
9/24/2023 1:00,26554.1,26579.9,26545.3,26574.6,1579.297
9/24/2023 0:00,26563,26576.8,26545,26554.2,1557.172
9/23/2023 23:00,26549.7,26566.7,26542.9,26563.1,1678.096
9/23/2023 22:00,26553.6,26567.6,26543.9,26549.7,1669.139
9/23/2023 21:00,26572.6,26581.9,26542,26553.6,2425.051
9/23/2023 20:00,26594.4,26600,26565.4,26572.6,1878.594
9/23/2023 19:00,26602.3,26606.7,26580.5,26594.4,1436.812
9/23/2023 18:00,26584.6,26620.6,26584.6,26602.3,4271.099
9/23/2023 17:00,26592.2,26600,26562.2,26584.7,2846.555
9/23/2023 16:00,26567.4,26599.3,26545.4,26592.2,3119.253
9/23/2023 15:00,26551.9,26572,26530.1,26567.5,2873.65
9/23/2023 14:00,26561.8,26566,26542,26551.8,2113.559
9/23/2023 13:00,26563.8,26571.4,26542.1,26561.8,2115.729
9/23/2023 12:00,26562.5,26580,26543.7,26563.9,2216.474
9/23/2023 11:00,26555.1,26564.6,26541,26562.5,1278.107
9/23/2023 10:00,26564.1,26571.5,26555,26555,1315.736
9/23/2023 9:00,26558.5,26570,26540.9,26564.2,1664.263
9/23/2023 8:00,26571.9,26583.7,26542,26558.6,2443.147
9/23/2023 7:00,26566.5,26575,26522.5,26572,2738.013
9/23/2023 6:00,26529.9,26569.3,26529.9,26566.5,2445.74
9/23/2023 5:00,26539.9,26543.6,26529.2,26529.9,2128.347
9/23/2023 4:00,26519,26546.1,26492.2,26540,3105.751
9/23/2023 3:00,26534.9,26549.8,26510.3,26519.1,3108.983
9/23/2023 2:00,26567.3,26572.1,26530,26535,2828.165
9/23/2023 1:00,26592.2,26592.2,26544.8,26567.3,2167.438
9/23/2023 0:00,26566.7,26606.2,26557.5,26592.2,3968.783
9/22/2023 23:00,26572,26588,26538.7,26566.7,4631.292
9/22/2023 22:00,26561.4,26577.5,26533.5,26572,3801.991
9/22/2023 21:00,26529.8,26567.5,26468.5,26561.5,6678.098
9/22/2023 20:00,26525,26558.5,26500,26529.9,4895.867
9/22/2023 19:00,26583.4,26628.4,26519.1,26525.1,5583.137
9/22/2023 18:00,26566.5,26599.7,26522,26583.4,4697.331
9/22/2023 17:00,26585.1,26619,26514,26566.5,9692.68
9/22/2023 16:00,26619.9,26632.5,26565,26585.2,6716.401
9/22/2023 15:00,26666.9,26688.2,26613.5,26619.9,7858.261
9/22/2023 14:00,26598,26683.4,26575,26666.9,13650.988
9/22/2023 13:00,26574.6,26609,26540.6,26598,10186.918
9/22/2023 12:00,26630.1,26640.1,26564.6,26574.6,5750.57
9/22/2023 11:00,26580.6,26640,26580.6,26630,4100.542
9/22/2023 10:00,26625.8,26645.3,26573,26580.6,8664.911
9/22/2023 9:00,26660.1,26663,26607.9,26625.7,5576.367
9/22/2023 8:00,26660.9,26737.7,26650,26660.1,11191.791
9/22/2023 7:00,26607.2,26697.5,26559.4,26660.9,8803.714
9/22/2023 6:00,26653.7,26675.9,26587.5,26607.1,5635.374
9/22/2023 5:00,26631.2,26658.8,26594.4,26653.8,3650.545
9/22/2023 4:00,26616.9,26650,26606.6,26631.3,4660.932
9/22/2023 3:00,26558,26628.2,26536.1,26616.8,5782.94
9/22/2023 2:00,26615.1,26632.7,26544.4,26557.9,6091.448
9/22/2023 1:00,26629.2,26655.9,26552.4,26615.1,10077.03
9/22/2023 0:00,26552.6,26640,26452.9,26629.2,15155.52
9/21/2023 23:00,26576.5,26607.5,26541.3,26552.6,3726.011
9/21/2023 22:00,26600.1,26608.4,26534.5,26576.5,3282.315
9/21/2023 21:00,26580.2,26611.2,26545.5,26600,3674.959
9/21/2023 20:00,26589.1,26597.4,26484,26580.2,8267.159
9/21/2023 19:00,26593.6,26612.4,26541.3,26589.1,6972.89
9/21/2023 18:00,26636.1,26675.9,26585.8,26593.6,7272.19
9/21/2023 17:00,26567.3,26685.7,26564.5,26636,11951.799
9/21/2023 16:00,26567.6,26594.1,26530.8,26567.3,10535.008
9/21/2023 15:00,26569.8,26647.1,26524.5,26567.7,14659.55
9/21/2023 14:00,26408.2,26587,26360.1,26569.7,25645.945
9/21/2023 13:00,26630.1,26645.9,26362.9,26408.2,45735.437
9/21/2023 12:00,26722.8,26769.8,26528,26630.1,28817.477
9/21/2023 11:00,26636.7,26771.8,26612.5,26722.7,17564.681
9/21/2023 10:00,26738.5,26792.8,26622.5,26636.8,26489.137
9/21/2023 9:00,26916.6,26932,26671.9,26738.5,37115.222
9/21/2023 8:00,26978.4,27008,26893,26916.7,12453.702
9/21/2023 7:00,27060.6,27060.6,26966.1,26978.4,5735.177
9/21/2023 6:00,27059.1,27062,26990,27060.5,5289.499
9/21/2023 5:00,27078.6,27083,27020.4,27059.1,4458.83
9/21/2023 4:00,27026.9,27092.4,26977.2,27078.7,8159.672
9/21/2023 3:00,26957.1,27027,26952.5,27027,4348.256
9/21/2023 2:00,27016,27047.2,26917.4,26957.1,8511.87
9/21/2023 1:00,27033,27046.5,26965,27016.1,9608.27
9/21/2023 0:00,27107.7,27149,27031.6,27033,7584.217
9/20/2023 23:00,27079.3,27144.8,27063.5,27107.7,5314.506
9/20/2023 22:00,27100.4,27113,27033.3,27079.3,9067.22
9/20/2023 21:00,27085.8,27235,27044.5,27100.4,17731.161
9/20/2023 20:00,26916.5,27087.9,26901.5,27085.8,13345.649
9/20/2023 19:00,27153.4,27177.5,26740,26916.6,42252.242
9/20/2023 18:00,27184.2,27297.9,27072.5,27153.4,38455.861
9/20/2023 17:00,27149.4,27266.4,27140,27183.9,15047.543
9/20/2023 16:00,27168.7,27260,27124.7,27149.4,11873.242
9/20/2023 15:00,27110,27189.3,27084.1,27168.7,9921.993
9/20/2023 14:00,27146.6,27228.8,27032.1,27109.9,19175.46
9/20/2023 13:00,27056.3,27188,27000,27146.6,15963.077
9/20/2023 12:00,27085.5,27118.8,26980.2,27056.4,12451.335
9/20/2023 11:00,27069.2,27106.2,27043.7,27085.4,6878.552
9/20/2023 10:00,27041.4,27069.9,26930.3,27069.2,14958.798
9/20/2023 9:00,27172.3,27180,26932,27041.4,19701.775
9/20/2023 8:00,27089.5,27182,27076.1,27172.2,8219.552
9/20/2023 7:00,27049.2,27119.7,27030.8,27089.5,7812.819
9/20/2023 6:00,27012.1,27062.4,26923.3,27049.3,14507.346
9/20/2023 5:00,27054.1,27094.5,26986.7,27012.1,11207.835
9/20/2023 4:00,27106.4,27149.8,27054,27054,8911.459
9/20/2023 3:00,27152,27189.9,27070.2,27106.4,9801.038
9/20/2023 2:00,27329.9,27381,27120.5,27152,15473.581
9/20/2023 1:00,27192,27339.5,27178.4,27329.9,12300.702
9/20/2023 0:00,27195.9,27247.5,27129.9,27192,8527.54
9/19/2023 23:00,27173.1,27213,27157.2,27196,5405.37
9/19/2023 22:00,27145.8,27188.7,27072.2,27173.1,5488.967
9/19/2023 21:00,27171.5,27174.3,26970,27145.8,13463.692
9/19/2023 20:00,27172.1,27203.1,27103.5,27171.5,8328.398
9/19/2023 19:00,27111,27192.6,27051.5,27172.1,8371.045
9/19/2023 18:00,27122.9,27186.4,27067.5,27111,14545.418
9/19/2023 17:00,27274.7,27278.8,27059,27122.8,25261.143
9/19/2023 16:00,27413.3,27472.5,27215.5,27274.7,30358.989
9/19/2023 15:00,27153.6,27480,27111.9,27413.4,63949.276
9/19/2023 14:00,26959.2,27189,26868,27153.6,32452.041
9/19/2023 13:00,27124.9,27199.3,26901,26959.2,26042.045
9/19/2023 12:00,27224.4,27275,27050.5,27124.9,26036.854
9/19/2023 11:00,27158.2,27224.4,27076.5,27224.3,13617.213
9/19/2023 10:00,27278.6,27304.2,27037.5,27158.1,31276.282
9/19/2023 9:00,27051.4,27470,27013.1,27278.6,58634.623
9/19/2023 8:00,26836,27064.2,26834.3,27051.5,22644.808
9/19/2023 7:00,26816.9,26860,26797.5,26836.1,4965.361
9/19/2023 6:00,26782.9,26820.9,26740,26816.9,4860.5
9/19/2023 5:00,26848.1,26850,26781.1,26782.9,4579.033
9/19/2023 4:00,26805.1,26851,26792.1,26848.1,4514.554
9/19/2023 3:00,26809,26828.5,26773.5,26805.1,5791.175
9/19/2023 2:00,26687.2,26812.5,26670.2,26809.1,6304.366
9/19/2023 1:00,26666.7,26725.2,26653.5,26687.2,5164.598
9/19/2023 0:00,26749.9,26773.9,26653.2,26666.7,11430.247
9/18/2023 23:00,26859.1,26859.1,26713.3,26749.9,8455.305
9/18/2023 22:00,26825,26869.2,26770.3,26859,6017.447
9/18/2023 21:00,26757.5,26835.9,26717.8,26825,5182.278
9/18/2023 20:00,26803.2,26830,26724.8,26757.5,9545.82
9/18/2023 19:00,26697.3,26936,26669.8,26803.2,21372.737
9/18/2023 18:00,26747.8,26828.4,26611.2,26697.3,24303.523
9/18/2023 17:00,27230.1,27257,26633.6,26747.8,72691.666
9/18/2023 16:00,27258.8,27296.8,27177.1,27230,13573.01
9/18/2023 15:00,27246.7,27349.7,27237,27258.8,13491.12
9/18/2023 14:00,27240.3,27281.7,27115,27246.8,17559.7
9/18/2023 13:00,27354.6,27396,27179.1,27240.3,26756.502
9/18/2023 12:00,27184.6,27397,27130.1,27354.7,42137.549
9/18/2023 11:00,27116.8,27235,27083.1,27184.7,29363.071
9/18/2023 10:00,26858.5,27189,26858.5,27116.7,50297.325
9/18/2023 9:00,26710.2,26940.5,26710.2,26858.6,31768.563
9/18/2023 8:00,26701.8,26722.3,26666.4,26710.3,6122.411
9/18/2023 7:00,26611.2,26796,26611.1,26701.7,15884.816
9/18/2023 6:00,26635,26690.2,26610,26611.2,6855.661
9/18/2023 5:00,26613.5,26669.9,26593,26635.1,5213.344
9/18/2023 4:00,26646.2,26668.6,26550.1,26613.5,6935.953
9/18/2023 3:00,26648.5,26678.6,26566.8,26646.2,8015.812
9/18/2023 2:00,26449.6,26740.7,26443.2,26648.5,30631.909
9/18/2023 1:00,26450,26476.7,26428.9,26449.7,4798.997
9/18/2023 0:00,26514.2,26544.6,26358.6,26450,15564.513
9/17/2023 23:00,26482.7,26526,26435.5,26514.2,5870.051
9/17/2023 22:00,26476.2,26483.7,26423,26482.7,3235.891
9/17/2023 21:00,26420.4,26486.6,26377.4,26476.2,7604.06
9/17/2023 20:00,26491.2,26492.2,26410,26420.4,7748.479
9/17/2023 19:00,26485.7,26505.5,26474,26491.3,2299.715
9/17/2023 18:00,26465.5,26505.2,26454.4,26485.7,3468.452
9/17/2023 17:00,26493.4,26524.7,26465.5,26465.6,5896.878
9/17/2023 16:00,26536.9,26539,26478,26493.3,7242.814
9/17/2023 15:00,26526,26598.7,26521.2,26537,6067.407
9/17/2023 14:00,26529.5,26577.6,26507.9,26526,3238.356
9/17/2023 13:00,26564.1,26564.2,26510.3,26529.4,3719.039
9/17/2023 12:00,26553.9,26573.2,26541.3,26564.2,2158.62
9/17/2023 11:00,26582.8,26614.3,26550.4,26553.9,5956.895
9/17/2023 10:00,26564.7,26594.5,26554.6,26582.9,4678.855
9/17/2023 9:00,26538.3,26575,26527.5,26564.7,4111.698
9/17/2023 8:00,26482.6,26543,26480.3,26538.3,3833.563
9/17/2023 7:00,26534.2,26537.4,26476,26482.6,3404.101
9/17/2023 6:00,26528.2,26537.6,26509.4,26534.3,1799.512
9/17/2023 5:00,26540.5,26547.2,26505.4,26528.3,2691.758
9/17/2023 4:00,26511.1,26560.7,26496.7,26540.6,4311.668
9/17/2023 3:00,26492.2,26524.5,26484.5,26511.1,1970.715
9/17/2023 2:00,26481.9,26507.5,26476.5,26492.1,2996.742
9/17/2023 1:00,26452.1,26504,26400,26481.9,10388.771
9/17/2023 0:00,26547,26548.3,26416,26452,9545.354
9/16/2023 23:00,26545,26559.7,26492,26546.9,2867.96
9/16/2023 22:00,26554.3,26564.3,26544.9,26544.9,1661.23
9/16/2023 21:00,26515.8,26570,26511.5,26554.4,2291.03
9/16/2023 20:00,26524.1,26553.1,26511.8,26515.7,2209.779
9/16/2023 19:00,26569.3,26574.5,26486.2,26524.2,4109.33
9/16/2023 18:00,26554.6,26603.2,26543,26569.3,4497.797
9/16/2023 17:00,26513.9,26610,26499.9,26554.6,8088.897
9/16/2023 16:00,26493.6,26522,26483.5,26513.9,2618.087
9/16/2023 15:00,26487.6,26526.4,26470.3,26493.6,3408.601
9/16/2023 14:00,26535.9,26551.9,26473,26487.5,4396.333
9/16/2023 13:00,26538,26559.3,26499.6,26535.9,3309.033
9/16/2023 12:00,26510.6,26566.4,26484.1,26538,4303.445
9/16/2023 11:00,26531.9,26538,26469.9,26510.7,5352.039
9/16/2023 10:00,26487,26538.2,26430,26531.9,11514.745
9/16/2023 9:00,26496.5,26574.3,26487,26487,7374.306
9/16/2023 8:00,26486,26524.5,26461.2,26496.4,7324.717
9/16/2023 7:00,26475.6,26498,26462.2,26486,4384.367
9/16/2023 6:00,26523.2,26526.4,26453.3,26475.6,8924.747
9/16/2023 5:00,26540.6,26570.2,26497.8,26523.2,9943.967
9/16/2023 4:00,26602.4,26608.8,26528.6,26540.7,8914.728
9/16/2023 3:00,26656.9,26687.5,26589.3,26602.4,6091.768
9/16/2023 2:00,26640.2,26763.5,26640.2,26656.9,10960.746
9/16/2023 1:00,26619.2,26687.8,26577,26640.3,6869.385
9/16/2023 0:00,26591.1,26662.7,26558.3,26619.2,9065.428
9/15/2023 23:00,26764.2,26890,26580,26591.1,23250.191
9/15/2023 22:00,26456.2,26850,26451.2,26764.3,31897.499
9/15/2023 21:00,26403.1,26493.4,26403.1,26456.2,6768.682
9/15/2023 20:00,26386.9,26433,26357.3,26403.1,4492.742
9/15/2023 19:00,26333.6,26435.6,26325.1,26386.9,5874.53
9/15/2023 18:00,26322.6,26394,26315.1,26333.5,4135.818
9/15/2023 17:00,26365.9,26368.9,26301.9,26322.6,4708.357
9/15/2023 16:00,26311.1,26379.4,26303,26365.8,9298.918
9/15/2023 15:00,26227,26320,26212.6,26311.1,10404.334
9/15/2023 14:00,26351.9,26405.5,26206.6,26227.1,24600.904
9/15/2023 13:00,26352.5,26520,26350,26351.9,16723.975
9/15/2023 12:00,26415.3,26460.1,26320,26352.4,17494.145
9/15/2023 11:00,26625.9,26631.8,26353.7,26415.3,23430.031
9/15/2023 10:00,26601.1,26648.3,26585.3,26626,3952.545
9/15/2023 9:00,26618.9,26691.5,26560.9,26601.1,9570.727
9/15/2023 8:00,26554.4,26626,26523.2,26618.9,6634.311
9/15/2023 7:00,26561.8,26586.7,26535,26554.4,5874.545
9/15/2023 6:00,26577.3,26597.3,26550.4,26561.7,3808.933
9/15/2023 5:00,26626,26632.8,26558.9,26577.3,4550.045
9/15/2023 4:00,26602.7,26647,26582.9,26626,6475.461
9/15/2023 3:00,26596,26617.8,26557.7,26602.6,4862.136
9/15/2023 2:00,26490,26599,26489.9,26596.1,7915.147
9/15/2023 1:00,26463.1,26509.7,26428.6,26490,6548.341
9/15/2023 0:00,26510.3,26550,26451.6,26463,8384.453
9/14/2023 23:00,26587.9,26619.9,26480,26510.3,7860.263
9/14/2023 22:00,26524.8,26610.6,26494.9,26587.9,6011.333
9/14/2023 21:00,26554.3,26611,26461,26524.7,7845.305
9/14/2023 20:00,26662,26713.2,26543,26554.2,8935.396
9/14/2023 19:00,26568,26673.6,26540,26662,9213.88
9/14/2023 18:00,26631.5,26880,26566,26568.1,26037.686
9/14/2023 17:00,26607.6,26668.2,26555.6,26631.5,11451.209
9/14/2023 16:00,26680,26718.7,26530.2,26607.5,15973.347
9/14/2023 15:00,26718,26790,26565,26679.9,23272.79
9/14/2023 14:00,26570.6,26735,26512.5,26717.9,27393.236
9/14/2023 13:00,26448.4,26790,26445.8,26570.7,56479.453
9/14/2023 12:00,26431.6,26592.5,26326,26448.5,35974.133
9/14/2023 11:00,26320.5,26483.5,26313.1,26431.5,17345.794
9/14/2023 10:00,26277.8,26334,26269.2,26320.5,5868.508
9/14/2023 9:00,26293.1,26293.1,26253,26277.9,4187.343
9/14/2023 8:00,26332.2,26346.5,26257.9,26293.1,8522.498
9/14/2023 7:00,26280.8,26380,26250,26332.3,11827.203
9/14/2023 6:00,26182,26287.2,26168.5,26280.8,5948.249
9/14/2023 5:00,26201.6,26234.5,26150,26182,7128.607
9/14/2023 4:00,26253.8,26271,26184,26201.6,6869.099
9/14/2023 3:00,26273.9,26291.9,26238.8,26253.8,5026.68
9/14/2023 2:00,26162.3,26274.8,26154.8,26273.8,6667.236
9/14/2023 1:00,26513.9,26536.7,26106.6,26162.3,42118.826
9/14/2023 0:00,26209.9,26523.9,26172.1,26514,22708.397
9/13/2023 23:00,26227.6,26253.5,26185.7,26209.9,4035.236
9/13/2023 22:00,26214.1,26294,26213.6,26227.6,4279.034
9/13/2023 21:00,26204,26264.6,26190,26214.1,4953.513
9/13/2023 20:00,26129.4,26240.7,26129.4,26204,6368.052
9/13/2023 19:00,26098.7,26193.7,26038,26129.5,9908.996
9/13/2023 18:00,26080.6,26154,26070.5,26098.7,8588.358
9/13/2023 17:00,26265.6,26346.5,26067,26080.7,31558.173
9/13/2023 16:00,26229.2,26400,26185.1,26265.6,20439.994
9/13/2023 15:00,26201.5,26382,26171.5,26229.1,19318.384
9/13/2023 14:00,26110.7,26350,26054.1,26201.5,24165.397
9/13/2023 13:00,26204.9,26225,26068,26110.7,16675.333
9/13/2023 12:00,26184.8,26267.4,26007.9,26204.8,40409.86
9/13/2023 11:00,26143.2,26246.2,26091.4,26184.7,11198.925
9/13/2023 10:00,26141.6,26227.9,26081.8,26143.1,19603.399
9/13/2023 9:00,25940.3,26199.5,25914.2,26141.6,26517.254
9/13/2023 8:00,25865.7,25958.4,25850.8,25940.4,7049.895
9/13/2023 7:00,25945.7,26099.5,25844,25865.7,27625.608
9/13/2023 6:00,25886.4,25985.4,25851.6,25945.7,7144.095
9/13/2023 5:00,25912.9,25916.1,25835,25886.4,6077.587
9/13/2023 4:00,25868.3,25937.7,25851.1,25912.8,5814.685
9/13/2023 3:00,25898.1,25916.8,25823.2,25868.4,6766.663
9/13/2023 2:00,25945.1,25959.9,25890,25898.1,5623.367
9/13/2023 1:00,25910.6,25953.9,25889,25945.2,6380.668
9/13/2023 0:00,25825.8,25974,25750,25910.7,14750.242
9/12/2023 23:00,25957.1,25957.2,25762,25825.8,17648.18
9/12/2023 22:00,26090,26091.5,25900,25957.2,13264.35
9/12/2023 21:00,26066.4,26150,26051,26090,4832.984
9/12/2023 20:00,26052.1,26108,26040,26066.4,4901.357
9/12/2023 19:00,25969.5,26260,25969.5,26052,25183.034
9/12/2023 18:00,25891.2,26014.2,25868,25969.6,13520.21
9/12/2023 17:00,26094.4,26158.2,25880.1,25891.2,36717.958
9/12/2023 16:00,26192.3,26580,26052.7,26094.4,58661.227
9/12/2023 15:00,26097.3,26220,26093.4,26192.4,17433.745
9/12/2023 14:00,26258.6,26397,26032,26097.3,37350.21
9/12/2023 13:00,26111.1,26319.9,26021,26258.6,30510.083
9/12/2023 12:00,26087.2,26222.4,26078,26111.1,19303.325
9/12/2023 11:00,26149.3,26167.2,26016,26087.2,16299.893
9/12/2023 10:00,25861,26330.9,25829,26149.3,65755.107
9/12/2023 9:00,25758,25865,25721.5,25860.9,13750.57
9/12/2023 8:00,25810.2,25863.7,25720,25758,11970.519
9/12/2023 7:00,25752.8,25865,25710.1,25810.2,18307.762
9/12/2023 6:00,25764.4,25844.4,25708,25752.8,20415.412
9/12/2023 5:00,25752.2,25773,25600.8,25764.4,25360.767
9/12/2023 4:00,25788.2,25989.6,25733,25752.3,31845.648
9/12/2023 3:00,25195.2,25949,25178.4,25788.2,91426.518
9/12/2023 2:00,25130.2,25208.8,25120,25195.1,4369.435
9/12/2023 1:00,25192.9,25204.8,25116.4,25130.1,5282.568
9/12/2023 0:00,25150.4,25224,25130.8,25192.9,7938.816
9/11/2023 23:00,25139.7,25167.8,25063.9,25150.4,5658.976
9/11/2023 22:00,25137.8,25187.9,25110.1,25139.6,5831.896
9/11/2023 21:00,25086.3,25210,25065.3,25137.7,9941.736
9/11/2023 20:00,25008.2,25125,24888,25086.2,19808.567
9/11/2023 19:00,25149.8,25154.6,24975,25008.3,21960.269
9/11/2023 18:00,25210.1,25216.3,25140,25149.9,6647.46
9/11/2023 17:00,25175.4,25217.4,25034.6,25210,14890.741
9/11/2023 16:00,25102.4,25240.6,25087.8,25175.5,21771.601
9/11/2023 15:00,25138.8,25193.7,24915,25102.5,48013.843
9/11/2023 14:00,25605.8,25624.6,24961.2,25138.9,129352.953
9/11/2023 13:00,25709.2,25749.7,25589,25605.8,13385.16
9/11/2023 12:00,25591.8,25710,25575.4,25709.2,12026.694
9/11/2023 11:00,25698,25707.8,25575,25591.9,10458.22
9/11/2023 10:00,25727.2,25730.6,25555,25698.1,23724.763
9/11/2023 9:00,25793.2,25802.9,25650.1,25727.3,18281.64
9/11/2023 8:00,25801.4,25817.9,25737.8,25793.2,7700.466
9/11/2023 7:00,25829.7,25835.1,25780.1,25801.3,5197.045
9/11/2023 6:00,25884.8,25895,25800.5,25829.6,7004.754
9/11/2023 5:00,25768.1,25887.1,25761.3,25884.8,8643.824
9/11/2023 4:00,25727.4,25773.3,25707.9,25768.1,4438.812
9/11/2023 3:00,25723.6,25774.9,25719.1,25727.4,3482.599
9/11/2023 2:00,25676,25733,25645.2,25723.5,4235.694
9/11/2023 1:00,25715.6,25743.6,25650,25675.9,6693.897
9/11/2023 0:00,25828.4,25864.9,25639.8,25715.6,18064.764
9/10/2023 23:00,25838.3,25856.1,25803.9,25828.4,4635.454
9/10/2023 22:00,25893,26037.3,25836.7,25838.3,17763.473
9/10/2023 21:00,25807,25896,25800.5,25893,8538.572
9/10/2023 20:00,25786.7,25900,25758,25807.1,18157.884
9/10/2023 19:00,25716.9,25854.5,25508.7,25786.7,21473.635
9/10/2023 18:00,25685.3,25746.1,25675.9,25716.9,4277.109
9/10/2023 17:00,25781.2,25782.1,25657.3,25685.3,9899.196
9/10/2023 16:00,25764.1,25781.2,25629.7,25781.2,9997.758
9/10/2023 15:00,25761.8,25789.5,25702,25764.1,8423.656
9/10/2023 14:00,25799.6,25812.3,25730.3,25761.7,5466.097
9/10/2023 13:00,25790.2,25827,25753.5,25799.6,5850.914
9/10/2023 12:00,25783,25810.7,25779.5,25790.2,3534.418
9/10/2023 11:00,25791,25815.9,25780,25782.9,4099.617
9/10/2023 10:00,25816.9,25825.1,25791,25791.1,3295.694
9/10/2023 9:00,25849.8,25853.5,25811.1,25817,2780.917
9/10/2023 8:00,25843.1,25856.1,25811,25849.8,3558.57
9/10/2023 7:00,25842,25864.2,25837.6,25843,2399.347
9/10/2023 6:00,25835.6,25859.7,25827.5,25841.9,2277.53
9/10/2023 5:00,25821.4,25845,25791,25835.5,3882.538
9/10/2023 4:00,25851.1,25851.2,25727.8,25821.5,12445.166
9/10/2023 3:00,25842.5,25865,25816.6,25851.1,3318.987
9/10/2023 2:00,25840.3,25849.9,25831,25842.6,1664.126
9/10/2023 1:00,25862.2,25862.3,25818,25840.3,2839.876
9/10/2023 0:00,25892.6,25893.9,25850.1,25862.3,2391.879
9/9/2023 23:00,25899,25908.5,25878.3,25892.6,1172.213
9/9/2023 22:00,25876.6,25906.5,25867.4,25899.1,1901.278
9/9/2023 21:00,25850.4,25894.9,25847.1,25876.7,1747.042
9/9/2023 20:00,25858,25879.6,25843.7,25850.3,1953.303
9/9/2023 19:00,25853.7,25869.5,25841.2,25858,1488.362
9/9/2023 18:00,25868.4,25868.5,25834.3,25853.7,2185.212
9/9/2023 17:00,25883.5,25895.6,25858,25868.4,2207.736
9/9/2023 16:00,25881.9,25940.6,25869.6,25883.4,4266.521
9/9/2023 15:00,25833.3,25921.5,25833.3,25881.9,8933.602
9/9/2023 14:00,25812.6,25849.9,25807.2,25833.2,2598.513
9/9/2023 13:00,25840.1,25859,25781.5,25812.7,6783.167
9/9/2023 12:00,25850.7,25855.9,25840,25840,1345.522
9/9/2023 11:00,25857.4,25860.9,25834.3,25850.8,1789.324
9/9/2023 10:00,25871.1,25886.4,25845,25857.4,2886.816
9/9/2023 9:00,25860,25895,25857.2,25871,2515.691
9/9/2023 8:00,25871,25896.1,25858,25860,3156.844
9/9/2023 7:00,25870.8,25886.6,25858,25871,2658.159
9/9/2023 6:00,25828.9,25871.3,25828.8,25870.7,1659.376
9/9/2023 5:00,25861.1,25879.5,25820,25828.9,3283.147
9/9/2023 4:00,25866.2,25867.7,25853.4,25861.1,2838.586
9/9/2023 3:00,25877.7,25877.7,25854.4,25866.2,1801.101
9/9/2023 2:00,25854.9,25879.8,25835,25877.7,2782.838
9/9/2023 1:00,25846.4,25877.7,25843.6,25854.9,1900.366
9/9/2023 0:00,25899.9,25900.1,25842.1,25846.4,4055.091
9/8/2023 23:00,25890,25923,25882.5,25899.8,2637.207
9/8/2023 22:00,25878.3,25899.8,25874.5,25890.1,1881.759
9/8/2023 21:00,25893.7,25923.1,25854.2,25878.4,4855.14
9/8/2023 20:00,25883.6,25897.8,25834.5,25893.6,4841.352
9/8/2023 19:00,25785.4,25885,25767.7,25883.7,7655.65
9/8/2023 18:00,25814.9,25822.5,25750,25785.3,4964.141
9/8/2023 17:00,25781.6,25835.7,25728.1,25815,7281.867
9/8/2023 16:00,25829.9,25858.6,25707,25781.5,15444.1
9/8/2023 15:00,25815.7,25888.5,25805,25829.8,7952.776
9/8/2023 14:00,25873.3,25932.8,25815.7,25815.8,7871.692
9/8/2023 13:00,25839.3,25945.7,25811.3,25873.2,12239.543
9/8/2023 12:00,25828.9,25896,25777.4,25839.3,8788.227
9/8/2023 11:00,25819.7,25884.8,25800.3,25828.9,9498.81
9/8/2023 10:00,26032.2,26033,25630,25819.8,56750.83
9/8/2023 9:00,26184.5,26185.6,26022,26032.3,18188.153
9/8/2023 8:00,26244,26257.9,26173.1,26184.5,8124.128
9/8/2023 7:00,26211.4,26279,26211.4,26244.1,5999.576
9/8/2023 6:00,26225.6,26245.1,26171,26211.4,7856.27
9/8/2023 5:00,26334.1,26378.4,26225.6,26225.6,10181.185
9/8/2023 4:00,26235.6,26373.3,26235.6,26334.1,9638.201
9/8/2023 3:00,26234.9,26260,26200.1,26235.6,4558.775
9/8/2023 2:00,26232.9,26274.7,26181.6,26234.9,7348.311
9/8/2023 1:00,26343.9,26373.6,26223.3,26232.9,9568.9
9/8/2023 0:00,26240.7,26437.5,26207.7,26343.9,15143.168
9/7/2023 23:00,26311.3,26347,26121.4,26240.7,15880.571
9/7/2023 22:00,26149.6,26426.4,26149.5,26311.3,23885.596
9/7/2023 21:00,25991.5,26451,25991.5,26149.5,62873.152
9/7/2023 20:00,25867.1,26021,25843.3,25991.5,13015.542
9/7/2023 19:00,25889.9,25905.2,25821.9,25867.1,5836.975
9/7/2023 18:00,25919,25971.7,25840.3,25889.9,9575.671
9/7/2023 17:00,25815.9,25957.9,25778.4,25918.9,13300.862
9/7/2023 16:00,25766.7,25965.9,25760,25815.9,19447.288
9/7/2023 15:00,25759.9,25824.7,25726.7,25766.7,15892.673
9/7/2023 14:00,25633.2,25760,25602.3,25760,14225.609
9/7/2023 13:00,25649.1,25752.5,25615.2,25633.2,8586.89
9/7/2023 12:00,25695.5,25710,25625,25649,7679.822
9/7/2023 11:00,25741.3,25747.7,25680,25695.5,5506.331
9/7/2023 10:00,25725.9,25741.3,25705.4,25741.3,3352.766
9/7/2023 9:00,25732.4,25749.9,25720,25725.9,2789.797
9/7/2023 8:00,25751,25751,25719,25732.4,3332.517
9/7/2023 7:00,25750,25760,25735.2,25750.9,3243.376
9/7/2023 6:00,25776.5,25785.9,25750,25750.1,2949.688
9/7/2023 5:00,25803.6,25812.4,25762.6,25776.6,3372.991
9/7/2023 4:00,25824.6,25838,25770,25803.5,5585.872
9/7/2023 3:00,25738,25830.6,25737.6,25824.7,5275.597
9/7/2023 2:00,25735.1,25773.3,25719,25738,3015.194
9/7/2023 1:00,25744.2,25766.6,25710.3,25735.1,3151.726
9/7/2023 0:00,25747.4,25761.9,25720,25744.2,2606.478
9/6/2023 23:00,25734,25776,25720.2,25747.4,3992.05
9/6/2023 22:00,25711.9,25763.9,25709.6,25734,6723.686
9/6/2023 21:00,25671.5,25768.6,25659.1,25711.8,4844.464
9/6/2023 20:00,25679.5,25710.2,25641.6,25671.5,4414.018
9/6/2023 19:00,25619.4,25720,25580,25679.4,9869.469
9/6/2023 18:00,25845.6,25950,25574,25619.4,39032.116
9/6/2023 17:00,25585.9,26052,25326,25845.6,69865.498
9/6/2023 16:00,25576.3,25628.6,25540.1,25585.8,8814.52
9/6/2023 15:00,25605.9,25648.9,25530,25576.3,12910.498
9/6/2023 14:00,25728.6,25728.6,25532,25606,30709.4
9/6/2023 13:00,25700.1,25769.3,25673,25728.7,9899.818
9/6/2023 12:00,25722,25737.1,25678,25700,5473.596
9/6/2023 11:00,25716.8,25760,25707.2,25722.1,3501.364
9/6/2023 10:00,25739,25766.6,25705.6,25716.7,2936.291
9/6/2023 9:00,25740,25758.6,25701,25739,4083.782
9/6/2023 8:00,25715.1,25746.6,25711,25739.9,3159.646
9/6/2023 7:00,25765.7,25773.1,25711,25715,3520.172
9/6/2023 6:00,25735.6,25779.6,25726.2,25765.6,4017.227
9/6/2023 5:00,25741.9,25755.3,25725.6,25735.7,3173.715
9/6/2023 4:00,25770.1,25780.9,25741.8,25741.9,3781.748
9/6/2023 3:00,25836.7,25858.5,25763.2,25770.1,4347.622
9/6/2023 2:00,25771.9,25849,25760.1,25836.8,4107.301
9/6/2023 1:00,25793,25819,25758.1,25772,3182.176
9/6/2023 0:00,25779.7,25812.3,25763.2,25793,4762.483
9/5/2023 23:00,25756.7,25792.4,25753.8,25779.7,2899.821
9/5/2023 22:00,25720.8,25762.1,25712.7,25756.8,2225.771
9/5/2023 21:00,25701.4,25760.3,25697.2,25720.8,3290.276
9/5/2023 20:00,25670.4,25728.3,25660,25701.3,5557.809
9/5/2023 19:00,25732.6,25762.2,25668,25670.4,4424.337
9/5/2023 18:00,25738.7,25754.1,25700,25732.7,3119.258
9/5/2023 17:00,25738,25765.2,25691.8,25738.7,6375.59
9/5/2023 16:00,25747.9,25837.7,25720.8,25738,11483.537
9/5/2023 15:00,25702.1,25900,25655.9,25747.9,29892.355
9/5/2023 14:00,25724.4,25753.4,25610,25702.2,14869.04
9/5/2023 13:00,25809.7,25820.8,25720.9,25724.5,9243.274
9/5/2023 12:00,25771.3,25830,25684.6,25809.8,13194.607
9/5/2023 11:00,25745,25783.3,25731.4,25771.2,4636.078
9/5/2023 10:00,25740.9,25796.1,25733.7,25744.9,6280.163
9/5/2023 9:00,25701,25784.9,25688.2,25740.8,6902.048
9/5/2023 8:00,25724.7,25800,25639,25701,11406.021
9/5/2023 7:00,25679.8,25728.6,25676.6,25724.7,3944.772
9/5/2023 6:00,25723.8,25732.8,25670.7,25679.8,3639.364
9/5/2023 5:00,25683.6,25747.8,25674.2,25723.8,5775.96
9/5/2023 4:00,25681.7,25722.6,25660.8,25683.7,6655.594
9/5/2023 3:00,25661.2,25685,25531.2,25681.8,14809.324
9/5/2023 2:00,25741.5,25748.4,25652,25661.2,5695.095
9/5/2023 1:00,25757.3,25792.8,25728.1,25741.5,3557.535
9/5/2023 0:00,25814,25833.1,25725,25757.4,6762.316
9/4/2023 23:00,25763.5,25850,25748.3,25814,7540.805
9/4/2023 22:00,25664.1,25788,25620,25763.6,7518.953
9/4/2023 21:00,25823.2,25833.2,25610,25664.1,19095.298
9/4/2023 20:00,25881.1,25911.2,25790.8,25823.1,5556.674
9/4/2023 19:00,25900.8,25906.3,25837.4,25881,4702.782
9/4/2023 18:00,25894.5,25936.9,25870.5,25900.8,3797.024
9/4/2023 17:00,25852.1,25930.5,25836.8,25894.5,6418.536
9/4/2023 16:00,25803.9,25869,25794.9,25852.1,7251.658
9/4/2023 15:00,25839.9,25961.5,25707.5,25803.9,34954.745
9/4/2023 14:00,25870.9,25899.9,25817.3,25839.9,4514.189
9/4/2023 13:00,25845.1,25899.4,25830.2,25870.8,4821.01
9/4/2023 12:00,25877.9,25890.8,25810,25845,9406.892
9/4/2023 11:00,25894.1,25928.5,25845.2,25878,6372.082
9/4/2023 10:00,25941.3,25954.8,25860,25894.1,7968.435
9/4/2023 9:00,25973.8,25973.8,25903.5,25941.3,3942.16
9/4/2023 8:00,25953.8,26000,25946.7,25973.7,2689.608
9/4/2023 7:00,25952.3,25999.7,25950.9,25953.8,2945.887
9/4/2023 6:00,25920.4,25979.9,25896,25952.3,5324.652
9/4/2023 5:00,25969.6,25981.6,25919.1,25920.3,3336.824
9/4/2023 4:00,25974.1,26005.7,25966.2,25969.7,2986.022
9/4/2023 3:00,25970.7,26099.3,25960.1,25974.1,9212.307
9/4/2023 2:00,25897.7,26015,25881.8,25970.8,4542.48
9/4/2023 1:00,25900.2,25916.2,25864,25897.7,3793.403
9/4/2023 0:00,25962.1,25965,25881,25900.2,4455.447
9/3/2023 23:00,25938.5,25971.8,25915,25962.1,2875.501
9/3/2023 22:00,25956,25974.4,25919,25938.5,3072.727
9/3/2023 21:00,26039.7,26064.5,25933.6,25956,7160.391
9/3/2023 20:00,25997.5,26135.2,25950.2,26039.6,12178.474
9/3/2023 19:00,25924.2,26007.3,25916,25997.6,5444.571
9/3/2023 18:00,25875.7,26033.3,25866.8,25924.1,14033.22
9/3/2023 17:00,25832.7,25879,25817.6,25875.7,4000.543
9/3/2023 16:00,25858.2,25884,25777,25832.7,8424.573
9/3/2023 15:00,25914.8,25917,25834.4,25858.2,4848.899
9/3/2023 14:00,25875.6,25930,25866.2,25914.7,3768.179
9/3/2023 13:00,25883.4,25936,25802.8,25875.6,13621.29
9/3/2023 12:00,25930.5,26115,25863,25883.4,20542.641
9/3/2023 11:00,25919.5,25936.9,25900.5,25930.4,2232.965
9/3/2023 10:00,25890.4,25928.5,25870.9,25919.4,2415.433
9/3/2023 9:00,25870.7,25924.7,25862.5,25890.3,2714.493
9/3/2023 8:00,25941.5,25943.7,25862.9,25870.6,4257.192
9/3/2023 7:00,25899.4,25943.6,25886.5,25941.4,3695.711
9/3/2023 6:00,25885,25939,25875.9,25899.5,3837.475
9/3/2023 5:00,25862.5,25896.8,25860.2,25884.9,2138.401
9/3/2023 4:00,25850,25870.9,25849.9,25862.5,1387.745
9/3/2023 3:00,25847,25860.9,25835.5,25850,1520.934
9/3/2023 2:00,25852.8,25869,25839.1,25847.1,1726.725
9/3/2023 1:00,25860,25899.9,25840.6,25852.8,3744.667
9/3/2023 0:00,25855.8,25862.9,25810.8,25860,3374.082
9/2/2023 23:00,25849.8,25899.3,25842.5,25855.8,2406.388
9/2/2023 22:00,25849.3,25851,25832.3,25849.8,1555.987
9/2/2023 21:00,25839.6,25881,25830.3,25849.3,3186.828
9/2/2023 20:00,25821.6,25839.6,25805.4,25839.5,2229.621
9/2/2023 19:00,25801.8,25837.3,25787.2,25821.6,3235.418
9/2/2023 18:00,25803.7,25817.5,25750.9,25801.7,7347.092
9/2/2023 17:00,25851.4,25865.5,25801.4,25803.7,4858.262
9/2/2023 16:00,25880.1,25926.5,25830,25851.3,6685.483
9/2/2023 15:00,25850.1,25975,25850,25880,17005.321
9/2/2023 14:00,25814.5,25887.1,25794,25850,6653.294
9/2/2023 13:00,25798.3,25843,25771.1,25814.5,4769.135
9/2/2023 12:00,25800.1,25826.5,25790.1,25798.4,3370.443
9/2/2023 11:00,25820,25848,25764.2,25800.1,7338.768
9/2/2023 10:00,25798.5,25845.3,25797.5,25820,4082.053
9/2/2023 9:00,25766.8,25816.2,25762.7,25798.4,3596.326
9/2/2023 8:00,25783.9,25792,25760.4,25766.9,3461.478
9/2/2023 7:00,25791,25832.4,25764.6,25783.9,3576.215
9/2/2023 6:00,25808.8,25822.7,25780,25791,2549.551
9/2/2023 5:00,25768.5,25841.4,25767,25808.8,4982.125
9/2/2023 4:00,25786.1,25795.6,25754.7,25768.6,2666.053
9/2/2023 3:00,25749.6,25802.7,25747.1,25786.1,2516.163
9/2/2023 2:00,25760,25784.4,25740.6,25749.6,3015.605
9/2/2023 1:00,25777.5,25805.9,25759.9,25760,2921.484
9/2/2023 0:00,25795.6,25829.9,25769.2,25777.4,3633.771
9/1/2023 23:00,25750,25826.9,25740,25795.6,3500.094
9/1/2023 22:00,25792.1,25813.2,25748.4,25749.9,4679.066
9/1/2023 21:00,25763.5,25852.3,25719.7,25792.1,8055.304
9/1/2023 20:00,25637.2,25928.5,25557.3,25763.4,21755.673
9/1/2023 19:00,25640.7,25667.8,25566.7,25637.1,10043.539
9/1/2023 18:00,25467.1,25844,25441.3,25640.8,33824.106
9/1/2023 17:00,25779.9,25792,25312,25467.2,67693.439
9/1/2023 16:00,25798,25958.1,25742.8,25779.9,23357.064
9/1/2023 15:00,25705,25935,25555,25798,39523.001
9/1/2023 14:00,25988.5,25991.9,25666,25705,35408.347
9/1/2023 13:00,26050.5,26056.2,25855.6,25988.6,20611.208
9/1/2023 12:00,26033.6,26151.6,25976,26050.5,23096.94
9/1/2023 11:00,25987.2,26068.3,25969.3,26033.7,6862.037
9/1/2023 10:00,26020.4,26036.7,25970,25987.2,5252.841
9/1/2023 9:00,25972,26040,25960.7,26020.4,5985.602
9/1/2023 8:00,25975.3,26006,25941.7,25972,5668.378
9/1/2023 7:00,25985.7,26005.9,25967,25975.2,4923.799
9/1/2023 6:00,26017.1,26033.5,25962.1,25985.6,6244.363
9/1/2023 5:00,26031.2,26047.1,26010.7,26017.1,3809.068
9/1/2023 4:00,26071.4,26086.2,26024.1,26031.1,3819.424
9/1/2023 3:00,26045.4,26085.8,26031.5,26071.5,4232.262
9/1/2023 2:00,25974.9,26094.1,25973.2,26045.4,8210.956
9/1/2023 1:00,26037.8,26047.3,25960,25974.9,6210.387
9/1/2023 0:00,25928,26060.5,25918.9,26037.8,8418.026
8/31/2023 23:00,26042.8,26047.3,25895.8,25928,8498.977
8/31/2023 22:00,26013,26059.2,25960.7,26042.8,8374.303
8/31/2023 21:00,26007.4,26027.9,25617.8,26013,47530.669
8/31/2023 20:00,26148.7,26180,25938.3,26007.4,25764.63
8/31/2023 19:00,26280,26307,25876.6,26148.7,50799.671
8/31/2023 18:00,26319.3,26377,26170,26280.1,18093.66
8/31/2023 17:00,26223.3,26390.8,26122,26319.3,49254.026
8/31/2023 16:00,26909.4,26913.9,26205,26223.3,106015.102
8/31/2023 15:00,27162.3,27169,26733.8,26909.5,39178.3
8/31/2023 14:00,27138,27182.1,27010,27162.3,16600.113
8/31/2023 13:00,27178.8,27195.6,27057,27138.1,18075.13
8/31/2023 12:00,27291.8,27305.1,27010,27178.8,29056.422
8/31/2023 11:00,27190.3,27674.3,27190.3,27291.8,39784.485
8/31/2023 10:00,27186.1,27215.9,27181.2,27190.3,2954.643
8/31/2023 9:00,27225,27226.2,27175.8,27186.1,6120.685
8/31/2023 8:00,27249.2,27263.1,27210,27225,4166.688
8/31/2023 7:00,27244.5,27285,27216.5,27249.1,4620.684
8/31/2023 6:00,27237.6,27281,27220,27244.5,3596.679
8/31/2023 5:00,27240.2,27264.6,27210.4,27237.5,3310.795
8/31/2023 4:00,27207.8,27275.3,27200.8,27240.2,4980.937
8/31/2023 3:00,27180.1,27207.9,27166,27207.8,2818.542
8/31/2023 2:00,27186.4,27224.9,27172,27180.2,3045.512
8/31/2023 1:00,27210,27230,27166,27186.4,5208.187
8/31/2023 0:00,27290.4,27290.5,27185,27209.9,5006.057
8/30/2023 23:00,27225.1,27309,27210.2,27290.4,3960.329
8/30/2023 22:00,27245.4,27314.7,27225,27225.1,4423.862
8/30/2023 21:00,27234,27335.6,27233.8,27245.5,7217.171
8/30/2023 20:00,27167.4,27277.7,27165.5,27233.9,6069.25
8/30/2023 19:00,27265,27275,27163,27167.3,6681.217
8/30/2023 18:00,27151.9,27277.7,27081.3,27265,10353.216
8/30/2023 17:00,27146.4,27237.4,27100.5,27152,9884.266
8/30/2023 16:00,27191.9,27202.5,27053,27146.3,15911.321
8/30/2023 15:00,27096,27283.3,27020,27192,27443.841
8/30/2023 14:00,27363.7,27414.9,26950,27096.1,48020.237
8/30/2023 13:00,27342.7,27450,27100.7,27363.7,34949.928
8/30/2023 12:00,27323.4,27416.5,27280.7,27342.7,15409.002
8/30/2023 11:00,27421.8,27421.8,27315,27323.5,8145.681
8/30/2023 10:00,27413.4,27438,27384.9,27421.8,4900.217
8/30/2023 9:00,27457.4,27461.8,27290.7,27413.4,15298.035
8/30/2023 8:00,27427.1,27493.6,27395.6,27457.4,7245.901
8/30/2023 7:00,27371.9,27455.5,27371.9,27427.2,5985.957
8/30/2023 6:00,27456.2,27456.3,27360,27371.9,6133.374
8/30/2023 5:00,27427.8,27464,27420,27456.2,4877.425
8/30/2023 4:00,27379.2,27436,27379.2,27427.7,6311.072
8/30/2023 3:00,27388.5,27417,27265,27379.3,19315.572
8/30/2023 2:00,27542.8,27552.9,27335,27388.5,18611.29
8/30/2023 1:00,27611.8,27632.1,27428.8,27542.8,16977.185
8/30/2023 0:00,27700.1,27758.2,27611.8,27611.9,11188.567
8/29/2023 23:00,27624.8,27769.2,27555.5,27700.1,11295.869
8/29/2023 22:00,27651.4,27684.6,27517.5,27624.8,12005.378
8/29/2023 21:00,27560.1,27725,27554.3,27651.3,13342.446
8/29/2023 20:00,27820,27875,27550,27560,23651.176
8/29/2023 19:00,27960.1,27985.4,27810,27820,15779.449
8/29/2023 18:00,27880,28017.2,27823.9,27960.1,20881.763
8/29/2023 17:00,27988.3,28093.8,27779,27880.1,47389.366
8/29/2023 16:00,27411.4,28168,27337.6,27988.4,116894.951
8/29/2023 15:00,27484.8,27547.8,27250.1,27411.4,63567.038
8/29/2023 14:00,26036.2,27690,26036.2,27484.8,285384.988
8/29/2023 13:00,26034.5,26095,25994.6,26036.2,8501.581
8/29/2023 12:00,25962.2,26034.6,25951.7,26034.6,5495.726
8/29/2023 11:00,25968.3,26038.3,25950.1,25962.2,10290.833
8/29/2023 10:00,25978.1,25978.9,25905.2,25968.4,8096.547
8/29/2023 9:00,25941,25979.8,25934.7,25978.2,5686.114
8/29/2023 8:00,25992.1,26003.6,25932.5,25940.9,8988.825
8/29/2023 7:00,25999.3,26037.3,25974.1,25992,6737.72
8/29/2023 6:00,26050.5,26051.7,25990.7,25999.3,5561.062
8/29/2023 5:00,26046,26077.9,26024.6,26050.6,4930.559
8/29/2023 4:00,26068.4,26080.4,26033.6,26046,3018.938
8/29/2023 3:00,26091.2,26094.6,26050.1,26068.3,3901.895
8/29/2023 2:00,26092,26099.7,26070.1,26091.1,3082.259
8/29/2023 1:00,26128,26200,26082.3,26091.9,9235.421
8/29/2023 0:00,26106.5,26156.5,26069.6,26128,6514.042
8/28/2023 23:00,26046.1,26170,26033.4,26106.5,12116.442
8/28/2023 22:00,25966.9,26057,25965.3,26046.1,5222.067
8/28/2023 21:00,25979.4,25998.7,25931.8,25967,3540.866
8/28/2023 20:00,25981.7,26012.8,25960,25979.3,4374.083
8/28/2023 19:00,26134.4,26144.8,25902.2,25981.6,23090.235
8/28/2023 18:00,26129,26139.2,26083.8,26134.4,5733.199
8/28/2023 17:00,26132.6,26182.8,26122,26129,6531.002
8/28/2023 16:00,26093.4,26150,26084.8,26132.6,6515.146
8/28/2023 15:00,26126.5,26185.1,26031,26093.3,11732.532
8/28/2023 14:00,26087,26149.9,26067.1,26126.4,8178.116
8/28/2023 13:00,26126,26155.9,26074.5,26087,10218.025
8/28/2023 12:00,25992.8,26244.6,25980,26126,38441.085
8/28/2023 11:00,25942.5,25994.8,25932.7,25992.8,5215.176
8/28/2023 10:00,25921.3,25959.6,25902,25942.5,3606.989
8/28/2023 9:00,25952.9,25961.9,25853.5,25921.3,12205.917
8/28/2023 8:00,25923.1,25976,25906.8,25952.8,6024.274
8/28/2023 7:00,25934.8,25940,25871.8,25923,6518.626
8/28/2023 6:00,25950.1,25977.3,25912.8,25934.8,6005.29
8/28/2023 5:00,26012.9,26023.7,25850.4,25950.2,15927.947
8/28/2023 4:00,26002,26024.7,25997.2,26013,2453.018
8/28/2023 3:00,26019.8,26043.7,26002,26002,4380.323
8/28/2023 2:00,26017.6,26049.3,26009.1,26019.7,3192.909
8/28/2023 1:00,26009.3,26056,25978.3,26017.7,7255.08
8/28/2023 0:00,26087.6,26092.1,25970.3,26009.3,11513.704
8/27/2023 23:00,26076.8,26094.8,26068,26087.7,2342.807
8/27/2023 22:00,26058.6,26077,26029.6,26076.7,3199.525
8/27/2023 21:00,26083.2,26123.8,26025.2,26058.6,3604.314
8/27/2023 20:00,26112.2,26118.1,26069,26083.2,2593.569
8/27/2023 19:00,26092.6,26157,26084.7,26112.1,4920.091
8/27/2023 18:00,26054.2,26103.8,26020,26092.6,5204.591
8/27/2023 17:00,26151.8,26169.8,26031.1,26054.2,7830.948
8/27/2023 16:00,26110.9,26157.1,26108.1,26151.8,4045.222
8/27/2023 15:00,26134,26150,26104,26110.8,4540.636
8/27/2023 14:00,26066.9,26173.6,26066.8,26134,13178.081
8/27/2023 13:00,26059.2,26078.6,26052.7,26066.8,2439.908
8/27/2023 12:00,26049,26059.3,26040.2,26059.2,1632.385
8/27/2023 11:00,26067,26067.1,26043,26049,2499.757
8/27/2023 10:00,26066.6,26087.7,26061.5,26067,4384.924
8/27/2023 9:00,26047,26067.9,26036.3,26066.6,3247.024
8/27/2023 8:00,26028.5,26054.9,26018.9,26047,3418.542
8/27/2023 7:00,26037,26040.9,26028.4,26028.5,2095.746
8/27/2023 6:00,26023.5,26041.9,26013.5,26037,2555.698
8/27/2023 5:00,26026.4,26035.3,26014.5,26023.4,1783.508
8/27/2023 4:00,26009.7,26026.4,26009.6,26026.3,1502.006
8/27/2023 3:00,25987.3,26013.4,25987.2,26009.6,1078.499
8/27/2023 2:00,25987.6,26007.9,25981.3,25987.3,2169.445
8/27/2023 1:00,25987.7,26001.9,25955.6,25987.5,4100.38
8/27/2023 0:00,26004.3,26021.6,25985.4,25987.6,2137.792
8/26/2023 23:00,26018.5,26021.2,25975.5,26004.3,3322.073
8/26/2023 22:00,26026.7,26036.6,26017.9,26018.4,1048.45
8/26/2023 21:00,26018,26038.7,26005.2,26026.8,1666.67
8/26/2023 20:00,26023.1,26032.9,26010.9,26018.1,1317.385
8/26/2023 19:00,26010.2,26030.8,26007,26023,1338.497
8/26/2023 18:00,26018.7,26018.7,25990.2,26010.2,1687.386
8/26/2023 17:00,26027,26027.3,25994.7,26018.7,2812.489
8/26/2023 16:00,26040.2,26048.5,26001.8,26027,3036.694
8/26/2023 15:00,26056.9,26070,26034.5,26040.2,3068.198
8/26/2023 14:00,26034.4,26065,26016.7,26057,3464.781
8/26/2023 13:00,26016.4,26034.7,26014.8,26034.4,1750.479
8/26/2023 12:00,26036,26037.2,25969,26016.4,4699.859
8/26/2023 11:00,26023.9,26040,26023.8,26035.9,1639.354
8/26/2023 10:00,26002.2,26023.9,25999.9,26023.9,1727.473
8/26/2023 9:00,26031.6,26033.6,25992.5,26002.2,2439.783
8/26/2023 8:00,26039.8,26048.7,25985,26031.5,6907.488
8/26/2023 7:00,26066.8,26073.4,26033.7,26039.7,2338.596
8/26/2023 6:00,26051.1,26066.8,26040.1,26066.8,1950.886
8/26/2023 5:00,26065.2,26066.7,26040.3,26051.1,1656.312
8/26/2023 4:00,26076.4,26079.2,26050.8,26065.2,2100.077
8/26/2023 3:00,26063.3,26090.6,26051.4,26076.4,2267.773
8/26/2023 2:00,26035,26129.4,26034.9,26063.2,5246.091
8/26/2023 1:00,26030,26065.9,26018.1,26034.9,2363.578
8/26/2023 0:00,26051.7,26088,26019.1,26030,4075.49
8/25/2023 23:00,26043.6,26053.9,26021,26051.7,2326.07
8/25/2023 22:00,26068.4,26075,26029.5,26043.6,3504.177
8/25/2023 21:00,26045.9,26075,26015.8,26068.3,5088.248
8/25/2023 20:00,25961.8,26078,25944.4,26045.9,6835.699
8/25/2023 19:00,26038.9,26050,25936.2,25961.9,8053.834
8/25/2023 18:00,25879.2,26059.8,25860.4,26038.9,11551.266
8/25/2023 17:00,25926.9,25974.1,25820,25879.2,13342.767
8/25/2023 16:00,25917.3,26019.1,25890.7,25926.9,12783.155
8/25/2023 15:00,25821.5,26043.4,25797.4,25917.4,32541.106
8/25/2023 14:00,26056.3,26300,25754.4,25821.6,75772.446
8/25/2023 13:00,26095.5,26228.1,26044.4,26056.3,24022.249
8/25/2023 12:00,26087.7,26136.8,26087.7,26095.4,5962.111
8/25/2023 11:00,26072.8,26100.9,26068.1,26087.7,3924.008
8/25/2023 10:00,26069.9,26103.6,26059.1,26072.8,4218.706
8/25/2023 9:00,26085.6,26118.7,26064.1,26069.9,5936.607
8/25/2023 8:00,25969.4,26096,25968.9,26085.6,8974.398
8/25/2023 7:00,26004.7,26052.9,25960,25969.3,9606.612
8/25/2023 6:00,26045,26052.6,25977.2,26004.7,6739.8
8/25/2023 5:00,26013.8,26068.8,25991.3,26045,5483.447
8/25/2023 4:00,26095.2,26102.9,26011,26013.8,6425.862
8/25/2023 3:00,26118.8,26130.1,26000,26095.2,8318.188
8/25/2023 2:00,26137.7,26169.3,26107,26118.8,3923.079
8/25/2023 1:00,26129.1,26141.5,26079.6,26137.7,3845.287
8/25/2023 0:00,26164.6,26177,26107.2,26129.1,5651.372
8/24/2023 23:00,26107.9,26200,26052.5,26164.6,9225.47
8/24/2023 22:00,26079.8,26119.6,26072.6,26108,4455.273
8/24/2023 21:00,26022,26082.3,26008.6,26079.8,5006.713
8/24/2023 20:00,26026,26095.5,25918.5,26021.9,11813.922
8/24/2023 19:00,26009.3,26129,25991,26025.9,10647.23
8/24/2023 18:00,26046.5,26065.6,25961.1,26009.3,9218.605
8/24/2023 17:00,26103.8,26110,25835,26046.4,29982.011
8/24/2023 16:00,25987.3,26148,25981.6,26103.9,19022.143
8/24/2023 15:00,26100.1,26153,25972.5,25987.3,28787.956
8/24/2023 14:00,26346.5,26364.8,26056,26100.1,44854.012
8/24/2023 13:00,26377.5,26413.1,26280,26346.4,16133.741
8/24/2023 12:00,26433.8,26433.9,26366.3,26377.5,10581.097
8/24/2023 11:00,26467.6,26532.6,26430,26433.8,7960.466
8/24/2023 10:00,26429.1,26468.5,26395,26467.6,7066.509
8/24/2023 9:00,26486.1,26568.3,26415.2,26429,13293.984
8/24/2023 8:00,26460.8,26501,26410,26486.1,5542.898
8/24/2023 7:00,26436.1,26483,26417.7,26460.7,4981.131
8/24/2023 6:00,26411.9,26509.6,26370.1,26436.1,8053.062
8/24/2023 5:00,26440.2,26474.6,26400,26411.9,5277.298
8/24/2023 4:00,26430,26466,26400,26440.1,5191.959
8/24/2023 3:00,26364,26442,26363.9,26430,4842.54
8/24/2023 2:00,26337.7,26406,26334,26364,5037.812
8/24/2023 1:00,26500,26516.7,26335,26337.7,9351.862
8/24/2023 0:00,26419.2,26535.9,26411.6,26500,10425.643
8/23/2023 23:00,26440.5,26520,26387.3,26419.2,10696.473
8/23/2023 22:00,26306.3,26478.4,26283.1,26440.5,12737.176
8/23/2023 21:00,26578.2,26609.1,26201,26306.4,23960.269
8/23/2023 20:00,26615.2,26714.8,26521.7,26578.2,23278.991
8/23/2023 19:00,26447.3,26806,26430,26615.2,34402.874
8/23/2023 18:00,26527,26550,26416.4,26447.3,18353.572
8/23/2023 17:00,26379.2,26595,26356.1,26526.9,35774.634
8/23/2023 16:00,26134.3,26469.8,26113.7,26379.3,61006.585
8/23/2023 15:00,26027.5,26187,26010.8,26134.3,29958.877
8/23/2023 14:00,26003.9,26130,25910,26027.5,25739.776
8/23/2023 13:00,25832.6,26029.3,25800,26003.9,21358.897
8/23/2023 12:00,25928.1,25953.4,25830,25832.5,12194.814
8/23/2023 11:00,25954.7,25956.5,25887.4,25928.1,12205.057
8/23/2023 10:00,26030,26034.4,25936.3,25954.8,10057.706
8/23/2023 9:00,26027.5,26047.6,26000.5,26030,4586.233
8/23/2023 8:00,26045.3,26085.6,26012,26027.5,4732.279
8/23/2023 7:00,26049.6,26120.4,25999.6,26045.3,12700.996
8/23/2023 6:00,26028.7,26170,26020,26049.6,13623.279
8/23/2023 5:00,26036.1,26040,25974.5,26028.6,4521.689
8/23/2023 4:00,25992,26050,25967.1,26036.1,5279.482
8/23/2023 3:00,26027.9,26065.4,25974.1,25992.1,5013.716
8/23/2023 2:00,26037.9,26078.7,26017,26027.8,4274.693
8/23/2023 1:00,26027.3,26071.5,25979.6,26037.9,7842.216
8/23/2023 0:00,26044.5,26177,26016.6,26027.3,18668.744
8/22/2023 23:00,25797.5,26060,25770.9,26044.4,23706.861
8/22/2023 22:00,25652.4,25849.9,25630,25797.5,18018.608
8/22/2023 21:00,25850.7,25894.9,25280,25652.4,52637.316
8/22/2023 20:00,25767.1,25862.8,25767.1,25850.8,7845.29
8/22/2023 19:00,25898.9,25951.9,25760.2,25767.2,11016.675
8/22/2023 18:00,25824.5,26000,25753.5,25898.9,20619.261
8/22/2023 17:00,26008.2,26022.8,25693.6,25824.5,38163.463
8/22/2023 16:00,25923,26048,25748,26008.2,46746.669
8/22/2023 15:00,25980.1,26016.4,25900,25923,11195.513
8/22/2023 14:00,25986.2,26048,25916.9,25980,15232.207
8/22/2023 13:00,26028.5,26049.1,25950,25986.1,13286.628
8/22/2023 12:00,26039,26087.2,26028.5,26028.5,4849.689
8/22/2023 11:00,26036.4,26055.9,26014.9,26039,3661.634
8/22/2023 10:00,26032.6,26044.9,26014.6,26036.3,3870.146
8/22/2023 9:00,26051.6,26075,26018,26032.6,4035.123
8/22/2023 8:00,26091.7,26100,26036.1,26051.6,3971.028
8/22/2023 7:00,26058,26108.7,26048.8,26091.6,5121.31
8/22/2023 6:00,26029.1,26084,26015.3,26057.9,4784.255
8/22/2023 5:00,26003.4,26038.5,25982.5,26029.2,4471.106
8/22/2023 4:00,26042.2,26042.2,25981.6,26003.4,4164.709
8/22/2023 3:00,26052.1,26061.1,26010.3,26042.2,3537.229
8/22/2023 2:00,26035.6,26059.9,26028,26052.1,2915.533
8/22/2023 1:00,26086,26096.9,26032.2,26035.6,5163.069
8/22/2023 0:00,26115.4,26128.2,26077.1,26086.1,4100.254
8/21/2023 23:00,26118.4,26141,26102,26115.4,3034.686
8/21/2023 22:00,26182.1,26182.1,26116.3,26118.4,5066.041
8/21/2023 21:00,26092.8,26280,26067.5,26182,11107.898
8/21/2023 20:00,26086.2,26143.9,26074.3,26092.8,5493.274
8/21/2023 19:00,26021,26159.9,26021,26086.2,9812.221
8/21/2023 18:00,26039.1,26104.4,26011.5,26021,6594.375
8/21/2023 17:00,26002.1,26066.5,25985.7,26039,6559.405
8/21/2023 16:00,25925.1,26036.9,25921.1,26002,11358.295
8/21/2023 15:00,26094,26121.7,25800,25925.1,38506.17
8/21/2023 14:00,26117.9,26193.6,26041.3,26094,17017.439
8/21/2023 13:00,25988.1,26135,25965.8,26117.9,12378.444
8/21/2023 12:00,26020.8,26072,25980.5,25988.1,10104.612
8/21/2023 11:00,25930.6,26035.2,25916.9,26020.7,9146.137
8/21/2023 10:00,26018.7,26018.7,25861,25930.5,21523.597
8/21/2023 9:00,26049.9,26079.8,25990.4,26018.7,5850.223
8/21/2023 8:00,26011.9,26061.4,25967.8,26049.8,7371.848
8/21/2023 7:00,26021.8,26040.8,25985,26012,8628.813
8/21/2023 6:00,26093.8,26111.9,26020,26021.8,6157.699
8/21/2023 5:00,26043.7,26174.4,26030.5,26093.8,11147.328
8/21/2023 4:00,26076.8,26076.8,26027,26043.8,6423.725
8/21/2023 3:00,26084.1,26097,26052.5,26076.7,3004.685
8/21/2023 2:00,26131.8,26147.3,26063.1,26084,4495.531
8/21/2023 1:00,26126.8,26154.2,26070.5,26131.8,7061.203
8/21/2023 0:00,26175.9,26183.2,26105.4,26126.8,4661.616
8/20/2023 23:00,26194,26194,26135,26175.9,3688.129
8/20/2023 22:00,26167.3,26209.9,26167.3,26194,3735.344
8/20/2023 21:00,26222.8,26231.5,26126.6,26167.2,7676.141
8/20/2023 20:00,26122.1,26285,26122,26222.8,13423.629
8/20/2023 19:00,26100.2,26128,26092.3,26122.1,2506.855
8/20/2023 18:00,26111.3,26135.9,26089.8,26100.2,4688.386
8/20/2023 17:00,26035.9,26149,26012.4,26111.3,6377.226
8/20/2023 16:00,26095,26113.1,25982.3,26035.8,7739.494
8/20/2023 15:00,26050,26130.2,25948.5,26095,19304.913
8/20/2023 14:00,26127,26139.9,26045.5,26050,8503.555
8/20/2023 13:00,26173.9,26209.6,26115.8,26126.9,7194.324
8/20/2023 12:00,26163.8,26190.8,26120,26174,5353.432
8/20/2023 11:00,26134.9,26187.8,26119.5,26163.9,6889.086
8/20/2023 10:00,26130.1,26148.6,26106.2,26134.9,5377.106
8/20/2023 9:00,26099.9,26133.9,26077.3,26130,4278.025
8/20/2023 8:00,26073.6,26099.9,26041.4,26099.9,3199.492
8/20/2023 7:00,26051.3,26078.8,26045.8,26073.6,2485.77
8/20/2023 6:00,26075.1,26081.1,26029.2,26051.3,3843.907
8/20/2023 5:00,26104.9,26153.4,26051.7,26075.2,4540.131
8/20/2023 4:00,26090.9,26118.7,26085.1,26104.9,2380.8
8/20/2023 3:00,26081.7,26129,26080.4,26090.9,3969.09
8/20/2023 2:00,26057.8,26091.7,26033.7,26081.8,2951.992
8/20/2023 1:00,26168.9,26197,26027.9,26057.7,6473.424
8/20/2023 0:00,26088.4,26174.2,26069,26168.9,4509.599
8/19/2023 23:00,26037.5,26114,26037.4,26088.3,2498.731
8/19/2023 22:00,26071.1,26075,26035.2,26037.5,1943.358
8/19/2023 21:00,26045,26083,26033.4,26071,2671.64
8/19/2023 20:00,26112.6,26143.7,26016.6,26045,8130.877
8/19/2023 19:00,26109.7,26145.5,26080.2,26112.6,3472.421
8/19/2023 18:00,26071.7,26124.9,26012.3,26109.7,8145.27
8/19/2023 17:00,26240.1,26240.1,26055,26071.6,12456.437
8/19/2023 16:00,26201,26269.4,26101,26240.1,18404.757
8/19/2023 15:00,25961.9,26216.4,25940.3,26201,25420.435
8/19/2023 14:00,25910.1,26039.3,25906.9,25961.8,11640.302
8/19/2023 13:00,25900,25968.4,25891.8,25910,7172.211
8/19/2023 12:00,25885.3,25914,25858,25900,6031.766
8/19/2023 11:00,25897.1,25931.3,25877.2,25885.2,4557.818
8/19/2023 10:00,25932.1,25947.5,25880.1,25897.1,4174.879
8/19/2023 9:00,25918.3,25955,25871,25932.1,6162.654
8/19/2023 8:00,25906.7,25992.8,25880.4,25918.2,12061.517
8/19/2023 7:00,25823.9,25911.1,25783.4,25906.8,12497.093
8/19/2023 6:00,25872.6,25919.1,25810.3,25824,8778.907
8/19/2023 5:00,25976.8,25984.2,25859.6,25872.7,9542.874
8/19/2023 4:00,25958.6,25998,25908.2,25976.8,7548.678
8/19/2023 3:00,25987.3,25990.2,25910,25958.7,8974.261
8/19/2023 2:00,26001.1,26056.4,25981.5,25987.3,6123.856
8/19/2023 1:00,26087.2,26089,26000,26001.2,5875.355
8/19/2023 0:00,26042,26147.6,26005,26087.2,7933.056
8/18/2023 23:00,26055.1,26085.1,25989.5,26042.1,6158.996
8/18/2023 22:00,26050.2,26109.5,26025.4,26055.2,5412.809
8/18/2023 21:00,26072.6,26163.4,26046,26050.2,7417.189
8/18/2023 20:00,26053.4,26235,26036,26072.6,17860.484
8/18/2023 19:00,26110.6,26137.5,25976,26053.4,20405.573
8/18/2023 18:00,25998.1,26300,25907.3,26110.7,32521.697
8/18/2023 17:00,25889.5,26116.8,25600,25998.2,65732.559
8/18/2023 16:00,25993.1,26134.7,25726.2,25889.6,32361.021
8/18/2023 15:00,25998.7,26241.6,25918.2,25993.1,40411.191
8/18/2023 14:00,26227.9,26299.1,25930,25998.7,44235.775
8/18/2023 13:00,26318,26376,26200.9,26227.9,27614.945
8/18/2023 12:00,26479.5,26489.6,26310,26318,18308.409
8/18/2023 11:00,26437.8,26503,26365,26479.5,11268.487
8/18/2023 10:00,26440,26457.2,26370.3,26437.7,10145.444
8/18/2023 9:00,26577,26595.2,26411,26439.9,13720.952
8/18/2023 8:00,26413.8,26585.6,26404.1,26577,13986.642
8/18/2023 7:00,26489.4,26514.3,26404,26413.8,11025.904
8/18/2023 6:00,26427.7,26597.7,26427.7,26489.4,18375.268
8/18/2023 5:00,26256.5,26525.5,26250.2,26427.7,20066.755
8/18/2023 4:00,26386,26427.1,26150,26256.6,26404.066
8/18/2023 3:00,26470.6,26506.8,26307.1,26385.9,20195.293
8/18/2023 2:00,26602.7,26671.1,26451,26470.6,13286.9
8/18/2023 1:00,26723.3,26749,26547.6,26602.7,16084.971
8/18/2023 0:00,26609.7,26818,26579.2,26723.4,29373.986
8/17/2023 23:00,26790,26994,26444,26609.7,61533.234
8/17/2023 22:00,26250,26903.3,25926.2,26790.1,110064.785
8/17/2023 21:00,27663.5,27727.8,24581,26249.9,170331.02
8/17/2023 20:00,27889.4,27915.8,27510,27663.5,42787.262
8/17/2023 19:00,27875,27967.9,27850,27889.4,10838.099
8/17/2023 18:00,27966,28016.9,27853,27875,15662.943
8/17/2023 17:00,27927.5,28030,27925.2,27966.1,15688.448
8/17/2023 16:00,27920.9,28078,27700,27927.4,91422.489
8/17/2023 15:00,28388,28500,27855,27920.9,113599.455
8/17/2023 14:00,28393.4,28456.7,28313,28388,29894.008
8/17/2023 13:00,28490.1,28539.6,28372.6,28393.3,22411.428
8/17/2023 12:00,28540,28569.3,28427.6,28490.1,16639.786
8/17/2023 11:00,28532.3,28562.5,28469.2,28540,9962.717
8/17/2023 10:00,28583.1,28600,28480.1,28532.3,10042.264
8/17/2023 9:00,28545.2,28611.2,28501.9,28583.1,9301.704
8/17/2023 8:00,28613.1,28627.8,28545,28545.3,10299.071
8/17/2023 7:00,28675.8,28675.8,28590.2,28613,7977.991
8/17/2023 6:00,28671.8,28688,28642.1,28675.8,5613.444
8/17/2023 5:00,28636.6,28673.5,28626.1,28671.7,4814.673
8/17/2023 4:00,28643.5,28694.9,28599.5,28636.6,9019.087
8/17/2023 3:00,28574.8,28687.7,28566.6,28643.5,9628.011
8/17/2023 2:00,28622,28637,28556.5,28574.9,8896.12
8/17/2023 1:00,28566.6,28624.9,28527.7,28622,16356.02
8/17/2023 0:00,28714.4,28775.9,28288.6,28566.5,65724.161
8/16/2023 23:00,28896.3,28896.4,28705.1,28714.4,24783.782
8/16/2023 22:00,28924,28972,28893.8,28896.4,6872.738
8/16/2023 21:00,28961.8,28961.9,28856.1,28924,12625.748
8/16/2023 20:00,29105.4,29132.4,28800,28961.8,36841.23
8/16/2023 19:00,29161.9,29165.6,29094.5,29105.5,7907.034
8/16/2023 18:00,29161.1,29229.6,29093.3,29161.8,16000.402
8/16/2023 17:00,29080.2,29163.8,29043.5,29161.1,14866.243
8/16/2023 16:00,29097.9,29100,28940,29080.2,36446.34
8/16/2023 15:00,29154.9,29177.1,29090,29098,8478.24
8/16/2023 14:00,29077.6,29160,29035.3,29154.9,11389.361
8/16/2023 13:00,29151.1,29169.5,29061,29077.6,13120.748
8/16/2023 12:00,29154.9,29206.6,29030,29151.1,20769.295
8/16/2023 11:00,29192.7,29192.7,29135.8,29154.9,4410.868
8/16/2023 10:00,29161.2,29199.9,29152.7,29192.6,5326.942
8/16/2023 9:00,29171,29171.6,29142.8,29160.8,374.77
8/16/2023 8:00,29187,29209,29152,29171,4474.999
8/16/2023 7:00,29180.8,29206.7,29166.3,29187,5138.463
8/16/2023 6:00,29130,29188,29100,29180.8,7860.916
8/16/2023 5:00,29197.1,29202.2,29126.6,29130,9745.845
8/16/2023 4:00,29216.7,29223.5,29195,29197.1,3032.783
8/16/2023 3:00,29246.2,29247.9,29213,29216.7,2531.692
8/16/2023 2:00,29237.9,29248.9,29216,29246.2,3798.954
8/16/2023 1:00,29214.9,29239.9,29174.6,29238,5873.137
8/16/2023 0:00,29188.9,29257.4,29184.6,29214.9,5943.037
8/15/2023 23:00,29171,29205.7,29160.4,29188.8,4215.403
8/15/2023 22:00,29214.8,29229.3,29168.2,29170.9,4179.88
8/15/2023 21:00,29191.8,29234.6,29166.3,29214.8,4287.042
8/15/2023 20:00,29172.4,29223.6,29125.8,29191.8,9420.48
8/15/2023 19:00,29314.5,29314.6,29050,29172.4,42202.074
8/15/2023 18:00,29322.6,29342,29289.6,29314.6,4777.685
8/15/2023 17:00,29271.9,29324.6,29263.6,29322.7,6008.918
8/15/2023 16:00,29315.1,29358.9,29240,29271.9,18376.707
8/15/2023 15:00,29442.5,29492.1,29294.9,29315.2,21668.516
8/15/2023 14:00,29359.2,29456.1,29323.3,29442.6,13903.779
8/15/2023 13:00,29352.9,29405,29350.5,29359.2,5034.777
8/15/2023 12:00,29357.1,29395,29346.8,29352.9,6092.725
8/15/2023 11:00,29391.8,29395,29340.2,29357.1,7532.68
8/15/2023 10:00,29411.5,29413.2,29383.7,29391.7,3447.458
8/15/2023 9:00,29413,29442.7,29396.7,29411.4,4303.502
8/15/2023 8:00,29396.9,29446.5,29388.3,29413,6895.714
8/15/2023 7:00,29363.8,29422.9,29338.9,29396.9,5607.082
8/15/2023 6:00,29360.3,29376,29345.9,29363.7,2873.918
8/15/2023 5:00,29366.4,29386.5,29350.1,29360.4,3492.418
8/15/2023 4:00,29386.9,29393,29360.6,29366.3,2425.99
8/15/2023 3:00,29372.3,29389.5,29355.9,29386.9,2185.699
8/15/2023 2:00,29398.5,29409.3,29359.2,29372.3,2909.265
8/15/2023 1:00,29424,29440.1,29362.9,29398.6,4495.273
8/15/2023 0:00,29419.5,29446.5,29389.9,29424,4903.023
8/14/2023 23:00,29426.5,29432.4,29413.4,29419.5,2830.048
8/14/2023 22:00,29390.3,29465.8,29382.9,29426.5,6798.99
8/14/2023 21:00,29388.4,29402.3,29365.5,29390.3,3062.026
8/14/2023 20:00,29353.7,29392.7,29323.2,29388.3,5160.687
8/14/2023 19:00,29315.2,29386.8,29308.1,29353.8,7960.321
8/14/2023 18:00,29475.3,29488.8,29233,29315.2,39400.015
8/14/2023 17:00,29638.6,29662.8,29464.1,29475.2,20005.929
8/14/2023 16:00,29592.8,29686.7,29592.8,29638.5,13949.405
8/14/2023 15:00,29523.6,29665,29462.8,29592.9,31429.932
8/14/2023 14:00,29376,29586,29374.2,29523.7,35327.789
8/14/2023 13:00,29372.1,29393.5,29319.9,29376,7587.586
8/14/2023 12:00,29399.8,29399.9,29330,29372,6501.472
8/14/2023 11:00,29418.7,29418.7,29373.6,29399.8,4817.266
8/14/2023 10:00,29404.5,29435.9,29389.5,29418.7,4115.603
8/14/2023 9:00,29414.2,29422.9,29371.4,29404.5,5806.27
8/14/2023 8:00,29410.4,29486,29410.4,29414.2,9795.304
8/14/2023 7:00,29408.2,29426.4,29382,29410.5,4507.052
8/14/2023 6:00,29435.9,29466.3,29395.7,29408.2,5266.761
8/14/2023 5:00,29404,29445.4,29402.4,29436,4602.558
8/14/2023 4:00,29390,29443.6,29379.4,29403.9,7802.823
8/14/2023 3:00,29310,29415,29307,29390,12345.857
8/14/2023 2:00,29256.4,29350,29070,29309.9,36882.54
8/14/2023 1:00,29260.7,29293,29187,29256.4,11149.943
8/14/2023 0:00,29293.3,29319.2,29232,29260.8,7929.206
8/13/2023 23:00,29307,29328.3,29282.3,29293.3,4427.205
8/13/2023 22:00,29360,29367.3,29256.6,29307,13132.403
8/13/2023 21:00,29411.9,29415,29351.5,29360,4436.755
8/13/2023 20:00,29426,29434.9,29408,29411.8,2681.432
8/13/2023 19:00,29411.3,29463,29411.2,29426.1,6056.235
8/13/2023 18:00,29386.4,29420,29384.2,29411.2,3083.917
8/13/2023 17:00,29345,29412,29344.9,29386.3,5426.649
8/13/2023 16:00,29362.8,29367.8,29316.2,29345,6293.794
8/13/2023 15:00,29360.4,29366.8,29349,29362.8,2651.64
8/13/2023 14:00,29363.4,29376.2,29360.4,29360.4,1805.586
8/13/2023 13:00,29380.4,29380.5,29362.4,29363.5,2548.397
8/13/2023 12:00,29374,29382.6,29356.6,29380.5,2899.337
8/13/2023 11:00,29389.7,29389.7,29362,29374,1959.642
8/13/2023 10:00,29398.8,29399.4,29389.7,29389.7,1662.141
8/13/2023 9:00,29399.7,29400.7,29395.4,29398.8,1800.668
8/13/2023 8:00,29385.6,29399.7,29380.5,29399.7,1913.947
8/13/2023 7:00,29390.3,29392.1,29385.5,29385.5,1524.14
8/13/2023 6:00,29374.1,29390.3,29367.5,29390.2,2574.863
8/13/2023 5:00,29377.8,29377.8,29343.8,29374.2,3782.72
8/13/2023 4:00,29401.8,29401.9,29365.3,29377.8,3849.938
8/13/2023 3:00,29434.5,29434.6,29380.1,29401.8,5191.306
8/13/2023 2:00,29442.7,29447.4,29434.5,29434.6,1005.643
8/13/2023 1:00,29443.5,29445.4,29427.8,29442.6,1646.562
8/13/2023 0:00,29420.8,29443.5,29412.7,29443.4,1835.585
8/12/2023 23:00,29419,29422.7,29416.2,29420.7,1055.855
8/12/2023 22:00,29411.5,29420.7,29409.9,29419,1381.135
8/12/2023 21:00,29409.5,29411.9,29385.1,29411.5,2257.094
8/12/2023 20:00,29407.6,29419.6,29405,29409.5,1116.288
8/12/2023 19:00,29417.9,29418,29401.2,29407.5,1898.064
8/12/2023 18:00,29419.1,29429.6,29406.2,29417.9,2615.913
8/12/2023 17:00,29445.4,29447.5,29416.4,29419.2,2068.47
8/12/2023 16:00,29426,29470,29426,29445.4,4216.342
8/12/2023 15:00,29439,29445.3,29421.8,29426,2792.904
8/12/2023 14:00,29396.4,29439,29396.4,29438.9,4632.429
8/12/2023 13:00,29414.5,29414.7,29395.7,29396.4,1735.136
8/12/2023 12:00,29416.7,29418.3,29400,29414.4,1677.694
8/12/2023 11:00,29423,29423,29400.9,29416.7,1835.559
8/12/2023 10:00,29408.3,29424.9,29406.4,29423,2511.218
8/12/2023 9:00,29382.9,29409.5,29382.9,29408.4,2745.299
8/12/2023 8:00,29410.2,29415,29378.6,29383,2729.399
8/12/2023 7:00,29410.7,29417.2,29392.1,29410.2,2298.277
8/12/2023 6:00,29393.2,29410.8,29375.7,29410.7,2238.098
8/12/2023 5:00,29404.9,29407,29393.2,29393.3,1037.096
8/12/2023 4:00,29388,29416.6,29388,29404.8,1884.31
8/12/2023 3:00,29378.8,29394.1,29360,29388,3345.459
8/12/2023 2:00,29392.2,29408.1,29378.7,29378.7,1934.498
8/12/2023 1:00,29445,29450,29384.8,29392.1,2884.141
8/12/2023 0:00,29415.5,29445,29393.1,29444.9,3347.357
8/11/2023 23:00,29420.1,29430,29388.6,29415.5,2184.04
8/11/2023 22:00,29401.6,29431.2,29393.2,29420,1710.894
8/11/2023 21:00,29407.3,29437.2,29393.5,29401.5,3672.943
8/11/2023 20:00,29387.8,29419.6,29382.9,29407.3,2726.493
8/11/2023 19:00,29361.9,29403,29336.3,29387.8,6157.048
8/11/2023 18:00,29327.3,29368,29319.2,29361.8,3823.13
8/11/2023 17:00,29347.8,29386.4,29310.1,29327.3,8320.418
8/11/2023 16:00,29382.9,29420,29220,29347.8,22992.568
8/11/2023 15:00,29481,29516.1,29339.9,29383,23352.962
8/11/2023 14:00,29459.8,29565.1,29448.4,29481,28262.559
8/11/2023 13:00,29417,29461.5,29403,29459.8,7906.111
8/11/2023 12:00,29435,29448.8,29380,29417,8307.878
8/11/2023 11:00,29382.9,29439.8,29382,29435,5021.016
8/11/2023 10:00,29377.1,29417,29333.9,29382.9,8027.829
8/11/2023 9:00,29402.4,29405.7,29368,29377,4742.532
8/11/2023 8:00,29406.8,29441.6,29400,29402.3,4145.695
8/11/2023 7:00,29451.1,29481.9,29406.7,29406.7,5289.695
8/11/2023 6:00,29449.8,29467.3,29413.1,29451.1,4516.903
8/11/2023 5:00,29405.2,29450,29367.3,29449.8,5438.62
8/11/2023 4:00,29400.7,29423.9,29394.7,29405.1,3137.603
8/11/2023 3:00,29362.7,29428.5,29343.7,29400.7,5269.051
8/11/2023 2:00,29438.6,29438.6,29336,29362.7,7398.333
8/11/2023 1:00,29471.7,29481.1,29428.9,29438.5,2795.336
8/11/2023 0:00,29443.7,29489.5,29436,29471.7,3844.351
8/10/2023 23:00,29447.5,29461.5,29434,29443.7,2239.54
8/10/2023 22:00,29453.4,29473.3,29435,29447.5,2782.324
8/10/2023 21:00,29446.5,29462.8,29437.2,29453.3,2057.652
8/10/2023 20:00,29435.4,29480,29413.7,29446.4,6136.535
8/10/2023 19:00,29426.4,29445.7,29372.2,29435.5,6279.29
8/10/2023 18:00,29404.1,29472.6,29384.7,29426.5,8696.685
8/10/2023 17:00,29419.4,29456,29303.7,29404.1,16287.007
8/10/2023 16:00,29452.9,29467.2,29366.4,29419.5,15015.904
8/10/2023 15:00,29483.7,29516.9,29415.8,29452.8,12639.822
8/10/2023 14:00,29669.8,29729.8,29380,29483.7,38418.292
8/10/2023 13:00,29552.2,29684.9,29510,29669.8,20046.79
8/10/2023 12:00,29490,29620,29471.4,29552.2,30338.103
8/10/2023 11:00,29546,29551,29467.8,29490,6230.901
8/10/2023 10:00,29528,29552.9,29500.2,29545.9,3793.307
8/10/2023 9:00,29506.7,29553,29461.4,29528,6822.383
8/10/2023 8:00,29504,29525.7,29482.1,29506.7,4236.736
8/10/2023 7:00,29503.4,29559,29477.2,29504,6185.367
8/10/2023 6:00,29580.4,29605.5,29500.9,29503.4,6159.125
8/10/2023 5:00,29530.3,29613.2,29495,29580.5,7664.63
8/10/2023 4:00,29568.9,29570,29520.6,29530.3,6116.91
8/10/2023 3:00,29565.2,29605,29550.4,29568.9,4267.137
8/10/2023 2:00,29593.9,29637,29565.1,29565.2,4964.252
8/10/2023 1:00,29612.7,29650,29559.7,29593.8,8885.448
8/10/2023 0:00,29572.9,29629.6,29550.4,29612.7,8281.898
8/9/2023 23:00,29595.3,29619.7,29548.5,29572.8,7233.909
8/9/2023 22:00,29515.4,29596.9,29501.8,29595.4,8015.063
8/9/2023 21:00,29493.6,29549.8,29427,29515.3,9227.753
8/9/2023 20:00,29404.3,29509,29362,29493.5,13127.443
8/9/2023 19:00,29508.9,29541.1,29366,29404.2,12839.804
8/9/2023 18:00,29501.4,29580,29437.8,29508.9,12654.025
8/9/2023 17:00,29504.4,29584.8,29434,29501.4,33863.255
8/9/2023 16:00,29749.3,29764.9,29500,29504.4,35586.385
8/9/2023 15:00,29744.9,29788.9,29663,29749.4,22835.896
8/9/2023 14:00,29867.6,29943.7,29739.1,29745,27873.455
8/9/2023 13:00,30064.6,30149.7,29850,29867.6,31492.829
8/9/2023 12:00,29877.1,30085,29850,30064.6,30371.895
8/9/2023 11:00,29827.6,29905.8,29778.4,29877.1,13607.405
8/9/2023 10:00,29768.7,29844.5,29715.6,29827.6,10336.352
8/9/2023 9:00,29823.4,29823.5,29761.8,29768.8,5720.2
8/9/2023 8:00,29807.8,29835,29759.8,29823.5,9445.991
8/9/2023 7:00,29712.2,29809.8,29707.7,29807.9,9602.697
8/9/2023 6:00,29724.9,29730,29650,29712.2,12503.965
8/9/2023 5:00,29749.3,29784.4,29720,29724.9,6104.039
8/9/2023 4:00,29710,29757.1,29692.9,29749.3,5468.962
8/9/2023 3:00,29680.2,29734.5,29661.4,29710,7136.241
8/9/2023 2:00,29840.9,29851.8,29628,29680.1,20766.234
8/9/2023 1:00,29765,29874.5,29750,29841,7403.654
8/9/2023 0:00,29758.9,29855.5,29758.1,29765.1,8792.249
8/8/2023 23:00,29756.4,29816.8,29745,29759,7534.653
8/8/2023 22:00,29848.2,29876.7,29674.1,29756.4,21292.954
8/8/2023 21:00,29966.9,30250,29807.1,29848.1,48115.368
8/8/2023 20:00,29866.4,29994,29823.1,29967,17787.704
8/8/2023 19:00,29830.4,29934.5,29820.1,29866.4,17884.703
8/8/2023 18:00,29794.6,29944.8,29745.2,29830.4,34514.882
8/8/2023 17:00,29732.2,29877,29681,29794.6,32527.47
8/8/2023 16:00,29517.5,29832.6,29516.1,29732.2,51441.644
8/8/2023 15:00,29422.1,29593.8,29422,29517.5,16814.734
8/8/2023 14:00,29347.1,29530,29346.6,29422.1,21076.939
8/8/2023 13:00,29561,29666,29336.6,29347.1,53134.779
8/8/2023 12:00,29428.1,29585,29349,29561.1,39632.075
8/8/2023 11:00,29289,29439,29270.1,29428,26261.597
8/8/2023 10:00,29191.3,29312,29189.5,29289.1,10991.495
8/8/2023 9:00,29169.4,29209.7,29160,29191.4,5297.539
8/8/2023 8:00,29177,29196,29169.3,29169.3,3642.89
8/8/2023 7:00,29211,29224,29172.5,29177,6027.265
8/8/2023 6:00,29232.8,29263.5,29208.3,29210.9,6001.047
8/8/2023 5:00,29216.8,29330,29215.2,29232.7,13132.25
8/8/2023 4:00,29182.8,29226.3,29170.2,29216.8,4952.523
8/8/2023 3:00,29160.8,29199,29160.7,29182.8,3211.694
8/8/2023 2:00,29140.9,29195,29132.4,29160.8,4233.921
8/8/2023 1:00,29253.8,29255,29135,29140.8,7481.066
8/8/2023 0:00,29202.7,29254.8,29171.8,29253.9,6278.609
8/7/2023 23:00,29170.7,29211,29151.5,29202.7,4058.722
8/7/2023 22:00,29184.2,29198.2,29154,29170.6,5671.672
8/7/2023 21:00,29186.5,29274.5,29123.9,29184.3,16502.248
8/7/2023 20:00,29144.9,29194.7,29107.7,29186.5,8257.521
8/7/2023 19:00,29080,29144.9,29040,29144.9,9930.092
8/7/2023 18:00,28965.2,29177,28958.6,29080,30887.713
8/7/2023 17:00,28930.3,28979.8,28854.8,28965.1,14863.431
8/7/2023 16:00,28853.2,28969.6,28682.3,28930.2,46195.928
8/7/2023 15:00,29018.3,29022.4,28771,28853.2,43195.853
8/7/2023 14:00,29019.3,29065.6,28951.8,29018.3,15317.473
8/7/2023 13:00,29070.3,29082.2,29016.3,29019.4,10594.555
8/7/2023 12:00,29085.9,29148.8,29025.1,29070.2,16357.223
8/7/2023 11:00,29134.6,29134.6,29076,29085.8,4032.856
8/7/2023 10:00,29080.9,29146.2,29076.1,29134.5,8528.968
8/7/2023 9:00,29050.1,29089,29031,29081,6099.232
8/7/2023 8:00,29084.7,29084.7,29041,29050.1,4559.386
8/7/2023 7:00,29041.3,29105.3,29037,29084.7,5954.794
8/7/2023 6:00,29115.5,29117.5,29036.5,29041.4,8116.348
8/7/2023 5:00,29172.2,29172.3,29110.2,29115.5,4633.695
8/7/2023 4:00,29148.8,29186.6,29146.8,29172.3,4033.683
8/7/2023 3:00,29186.5,29200.1,29136.5,29148.9,5610.108
8/7/2023 2:00,29133.6,29220.7,29108.1,29186.5,7346.397
8/7/2023 1:00,29046.5,29195,29043.7,29133.5,10715.121
8/7/2023 0:00,29075.9,29088.9,29005.5,29046.4,6289.42
8/6/2023 23:00,29085.9,29091.2,29064,29075.9,3018.282
8/6/2023 22:00,29077.4,29155.7,29047.9,29085.8,7155.072
8/6/2023 21:00,29126.2,29199,29025,29077.4,13021.34
8/6/2023 20:00,29077,29177.4,29064.5,29126.2,7396.199
8/6/2023 19:00,29076,29091,29060.1,29076.9,2322.615
8/6/2023 18:00,29078.9,29095,29059.4,29076,3284.228
8/6/2023 17:00,29078.6,29089.5,29041.1,29079,5461.255
8/6/2023 16:00,29001.1,29082.5,28983.7,29078.6,6998.909
8/6/2023 15:00,29028.8,29043.9,28988.3,29001,3061.977
8/6/2023 14:00,29002,29057.2,28978.5,29028.9,6277.364
8/6/2023 13:00,29026.1,29032.8,29002,29002,4478.493
8/6/2023 12:00,29067,29067.7,29015.1,29026.2,5125.317
8/6/2023 11:00,29058,29073.7,29053.3,29067,1969.77
8/6/2023 10:00,29072.4,29072.5,29036,29058.1,3561.771
8/6/2023 9:00,29098,29098.1,29060,29072.4,4025.412
8/6/2023 8:00,29081.3,29132,29078.1,29098,6304.648
8/6/2023 7:00,29060.8,29100,29059.5,29081.4,3105.74
8/6/2023 6:00,29091.8,29097,29028,29060.8,4149.264
8/6/2023 5:00,29064.8,29091.9,29064.7,29091.9,2162.286
8/6/2023 4:00,29053.5,29072.4,29050.7,29064.8,2040.147
8/6/2023 3:00,29059.9,29060,29043.9,29053.5,1254.119
8/6/2023 2:00,29026.3,29070.3,29023.4,29059.9,3240.004
8/6/2023 1:00,29053.5,29055,29023.7,29026.3,1712.739
8/6/2023 0:00,29057.7,29057.9,29045,29053.4,1967.489
8/5/2023 23:00,29078.5,29078.6,29057.7,29057.7,1196.067
8/5/2023 22:00,29063.5,29084.3,29048.8,29078.5,2109.42
8/5/2023 21:00,29044,29074.6,29044,29063.5,1481.262
8/5/2023 20:00,29056.9,29062.3,29041.5,29044,1799.301
8/5/2023 19:00,29065.5,29077.8,29054.1,29056.9,2178.34
8/5/2023 18:00,29053.5,29092.1,29044.3,29065.5,3437.485
8/5/2023 17:00,29021.8,29063.4,29021.7,29053.5,2901.336
8/5/2023 16:00,29032.5,29040,28997.4,29021.7,3097.586
8/5/2023 15:00,29059,29069.2,28997.9,29032.4,4531.289
8/5/2023 14:00,29016.5,29072.9,29016.5,29058.9,6514.745
8/5/2023 13:00,29004,29024.5,28983,29016.4,4289.181
8/5/2023 12:00,29040.6,29040.9,28960,29004,10612.54
8/5/2023 11:00,29050.1,29068.8,29035.3,29040.6,2558.067
8/5/2023 10:00,29047.1,29070.4,29033,29050,2646.25
8/5/2023 9:00,29077,29077.1,29047.1,29047.2,2035.835
8/5/2023 8:00,29037.9,29083,29030.1,29077.1,3446.263
8/5/2023 7:00,29055.9,29059.5,29033.5,29037.9,2230.983
8/5/2023 6:00,29086.9,29086.9,29048.6,29056,1969.826
8/5/2023 5:00,29045,29089.2,29034.1,29086.9,3194.685
8/5/2023 4:00,29082.6,29082.7,29020.5,29045,4400.781
8/5/2023 3:00,29073.7,29096.2,29069.4,29082.6,2005.866
8/5/2023 2:00,29068.6,29094,29059.1,29073.6,2860.039
8/5/2023 1:00,29104.9,29119.8,29051.1,29068.5,5329.483
8/5/2023 0:00,29101.1,29145,29081.1,29104.9,5681.994
8/4/2023 23:00,29042.8,29115,29040.5,29101.1,5569.527
8/4/2023 22:00,29042.5,29081.8,29042.5,29042.7,4158.152
8/4/2023 21:00,28952.1,29094.9,28942.3,29042.5,12588.614
8/4/2023 20:00,29021,29073.7,28780,28952.1,26033.209
8/4/2023 19:00,29048,29096,29001,29021,12887.317
8/4/2023 18:00,29188,29188,28919.9,29048.1,38756.877
8/4/2023 17:00,29251.6,29258,29181.8,29188,5003.886
8/4/2023 16:00,29258.8,29273.6,29233.3,29251.7,4845.255
8/4/2023 15:00,29240.4,29291,29215.4,29258.8,6306.972
8/4/2023 14:00,29225,29275.2,29152.2,29240.4,13481.747
8/4/2023 13:00,29208.7,29323.8,29196,29225,17595.302
8/4/2023 12:00,29157.2,29263.2,29116,29208.7,16332.375
8/4/2023 11:00,29152.8,29176,29121.3,29157.2,4982.912
8/4/2023 10:00,29190.9,29191,29135.2,29152.8,5325.755
8/4/2023 9:00,29172,29215,29160,29190.9,4466.668
8/4/2023 8:00,29201.6,29250,29160.6,29172.1,7738.903
8/4/2023 7:00,29184.7,29204.4,29153.6,29201.6,4828.04
8/4/2023 6:00,29225,29243.9,29170.3,29184.8,5056.665
8/4/2023 5:00,29199.4,29241.6,29186.7,29225.1,5015.343
8/4/2023 4:00,29152.6,29199.5,29120.3,29199.4,3973.393
8/4/2023 3:00,29150.2,29166.3,29120,29152.6,4539.937
8/4/2023 2:00,29184.4,29199.9,29079.6,29150.1,8542.818
8/4/2023 1:00,29222,29225.2,29174.6,29184.3,3674.43
8/4/2023 0:00,29180.1,29244.4,29150,29222.1,7691.576
8/3/2023 23:00,29220.8,29231.1,29178.6,29180.2,3618.44
8/3/2023 22:00,29244.6,29260.2,29150,29220.8,10561.729
8/3/2023 21:00,29293.8,29331.5,29217,29244.5,5879.957
8/3/2023 20:00,29265.6,29352.4,29255.5,29293.8,12009.88
8/3/2023 19:00,29255.1,29292.4,29203.8,29265.7,5740.97
8/3/2023 18:00,29215.7,29259.8,29119.3,29255.2,14682.373
8/3/2023 17:00,29286.6,29359.9,29212,29215.7,15252.993
8/3/2023 16:00,29244.4,29320.8,29202,29286.7,13582.336
8/3/2023 15:00,29380,29430.1,29185,29244.4,24873.108
8/3/2023 14:00,29184.9,29440,29168.8,29380.1,31376.403
8/3/2023 13:00,29097.2,29234.4,29095.3,29184.9,13530.675
8/3/2023 12:00,29134.1,29157.4,29068,29097.2,8573.105
8/3/2023 11:00,29161.8,29178.1,29114.5,29134.2,5877.276
8/3/2023 10:00,29141,29193.5,29138.1,29161.8,6878.882
8/3/2023 9:00,29110.9,29156.6,29094.5,29141,8704.578
8/3/2023 8:00,29034,29115.9,28955.4,29110.9,17810.217
8/3/2023 7:00,29076.7,29097.4,29005,29034,11285.888
8/3/2023 6:00,29140,29148,29025,29076.8,7044.134
8/3/2023 5:00,29126.2,29146.3,29078,29140.1,4269.141
8/3/2023 4:00,29170.1,29185.2,29070.8,29126.1,6284.754
8/3/2023 3:00,29160.5,29171.7,29116,29170.1,3568.617
8/3/2023 2:00,29240.9,29261.9,29110,29160.5,7498.623
8/3/2023 1:00,29158,29273.1,29141.9,29240.9,7458.198
8/3/2023 0:00,29170.2,29216.4,29150,29158.1,5605.665
8/2/2023 23:00,29174,29179,29120.7,29170.1,4925.012
8/2/2023 22:00,29166.9,29229.1,29156.4,29174,7342.88
8/2/2023 21:00,29129.9,29198,29050.3,29166.9,6469.96
8/2/2023 20:00,29141.8,29161.7,29093,29129.9,5085.637
8/2/2023 19:00,29138,29200,29118.2,29141.8,8766.663
8/2/2023 18:00,29137.5,29153.2,29019,29138,14741.097
8/2/2023 17:00,29014.3,29249.2,28951.1,29137.4,35790.132
8/2/2023 16:00,29312.5,29357,28906.3,29014.2,56589.953
8/2/2023 15:00,29263,29357.6,29156,29312.6,29711.374
8/2/2023 14:00,29402.7,29405.5,29240,29263,30809.159
8/2/2023 13:00,29451,29455.3,29331.3,29402.6,22139.147
8/2/2023 12:00,29552.8,29599,29450.2,29451.1,15257.946
8/2/2023 11:00,29525,29565.4,29489.4,29552.9,11896.781
8/2/2023 10:00,29443,29532.1,29430.8,29525,9047.711
8/2/2023 9:00,29481.5,29490,29410.6,29443,13486.414
8/2/2023 8:00,29570.2,29571,29360,29481.5,40734.058
8/2/2023 7:00,29552.3,29643.7,29550,29570.1,9725.787
8/2/2023 6:00,29645.1,29684.6,29552.3,29552.4,9476.601
8/2/2023 5:00,29667.3,29668.1,29590.1,29645.1,8492.07
8/2/2023 4:00,29622.5,29719.5,29575.2,29667.3,17604.012
8/2/2023 3:00,29799.9,29809.9,29607.6,29622.5,23825.316
8/2/2023 2:00,29835.6,29873.8,29777,29799.9,18379.529
8/2/2023 1:00,29816.7,30059.9,29778,29835.6,41354.861
8/2/2023 0:00,29701.2,29835,29673.6,29816.8,50073.392
8/1/2023 23:00,29242.9,29735,29239.4,29701.2,69829.354
8/1/2023 22:00,29235.1,29244.9,29188.7,29242.8,4698.263
8/1/2023 21:00,29221.2,29315,29182,29235,9343.64
8/1/2023 20:00,29263.5,29299.4,29170,29221.3,13583.72
8/1/2023 19:00,29261.4,29330,29201.1,29263.6,26878.081
8/1/2023 18:00,28941.5,29269,28941.5,29261.5,34600.886
8/1/2023 17:00,28922.2,28975.7,28916,28941.4,7971.152
8/1/2023 16:00,28943,29046.2,28850.2,28922.1,28911.002
8/1/2023 15:00,28816.4,28973.6,28550,28942.9,50185.272
8/1/2023 14:00,28857,28894,28772.6,28816.3,12798.888
8/1/2023 13:00,28867.9,28906.5,28852.6,28857,7438.17
8/1/2023 12:00,28852.9,28920,28715,28867.9,22506.376
8/1/2023 11:00,28915.5,28919.5,28850.1,28853,6800.369
8/1/2023 10:00,28916.8,28935,28880.1,28915.4,6733.379
8/1/2023 9:00,28983.8,28985.9,28912.8,28916.9,5903.094
8/1/2023 8:00,28921.2,28986.5,28896.9,28983.7,6875.45
8/1/2023 7:00,28900.1,28931.2,28882.4,28921.2,7162.153
8/1/2023 6:00,28910.5,28959,28891.9,28900.1,8482.13
8/1/2023 5:00,28852.2,28914.3,28839.2,28910.6,7580.32
8/1/2023 4:00,28820.1,28917.4,28785.3,28852.2,15579.996
8/1/2023 3:00,28917.4,28942.2,28800,28820.1,21381.654
8/1/2023 2:00,29185.7,29207.2,28684.7,28917.4,49867.433
8/1/2023 1:00,29272.3,29337.3,29155.3,29185.7,12283.595
8/1/2023 0:00,29220.8,29277,29200.9,29272.3,4934.266
7/31/2023 23:00,29199.5,29229.8,29173.4,29220.8,3765.949
7/31/2023 22:00,29230.6,29232.1,29186,29199.6,4243.308
7/31/2023 21:00,29194.5,29285.3,29144.8,29230.6,10977.809
7/31/2023 20:00,29146.4,29249,29102.3,29194.5,13962.278
7/31/2023 19:00,29180.2,29229.5,29100,29146.5,10004.397
7/31/2023 18:00,29204.9,29207.4,29130.6,29180.2,8936.874
7/31/2023 17:00,29215,29263,29130.6,29204.8,14482.522
7/31/2023 16:00,29231.3,29256.7,29155,29215.1,17025.746
7/31/2023 15:00,29290,29330.1,29208.9,29231.3,16128.948
7/31/2023 14:00,29352.7,29355.9,29250.1,29290,16135.314
7/31/2023 13:00,29456.9,29459.6,29294.4,29352.6,16029.096
7/31/2023 12:00,29395.8,29461.4,29380,29456.9,9924.829
7/31/2023 11:00,29378.5,29395.9,29370.4,29395.9,2999.842
7/31/2023 10:00,29376.9,29400,29362,29378.5,3803.352
7/31/2023 9:00,29384.3,29384.3,29317.4,29376.8,6765.88
7/31/2023 8:00,29363.8,29411.5,29340.6,29384.2,5662.16
7/31/2023 7:00,29400.1,29402.7,29362.3,29363.7,3103.125
7/31/2023 6:00,29367.8,29434.5,29353.8,29400.1,5360.16
7/31/2023 5:00,29389,29410,29343,29367.9,5359.417
7/31/2023 4:00,29411.8,29423.7,29365.3,29388.9,6091.08
7/31/2023 3:00,29448.6,29458.5,29393.7,29411.8,6538.72
7/31/2023 2:00,29442.4,29486,29413.8,29448.6,7367.286
7/31/2023 1:00,29449.7,29478,29368,29442.4,10804.691
7/31/2023 0:00,29271.2,29525.8,29250,29449.7,24908.939
7/30/2023 23:00,29145.9,29274,29142.3,29271.1,8114.369
7/30/2023 22:00,29195.2,29198.9,29130.8,29145.8,5592.66
7/30/2023 21:00,29255.6,29255.6,29164.4,29195.1,6832.991
7/30/2023 20:00,29187.2,29264.6,29006,29255.5,30156.593
7/30/2023 19:00,29342.2,29348,29100,29187.2,22278.21
7/30/2023 18:00,29385.2,29389,29331.1,29342.1,3405.572
7/30/2023 17:00,29367.5,29389,29342.5,29385.1,3650.23
7/30/2023 16:00,29337.2,29399.5,29316,29367.4,8297.157
7/30/2023 15:00,29377.2,29442.5,29293.8,29337.1,19733.608
7/30/2023 14:00,29273.4,29430,29273.3,29377.2,13055.723
7/30/2023 13:00,29307.3,29310.6,29260,29273.3,3681.417
7/30/2023 12:00,29301.3,29317.7,29292.1,29307.4,4185.895
7/30/2023 11:00,29269.6,29318.1,29243,29301.3,8382.633
7/30/2023 10:00,29270,29278.3,29211.2,29269.6,4999.992
7/30/2023 9:00,29285.1,29288.9,29261.2,29269.9,3317.841
7/30/2023 8:00,29280.1,29298.2,29278,29285.2,3805.536
7/30/2023 7:00,29272.9,29286.2,29261.1,29280,2275.076
7/30/2023 6:00,29296.8,29298.5,29251.9,29272.9,5251.354
7/30/2023 5:00,29309.6,29317.5,29296,29296.7,1699.388
7/30/2023 4:00,29300.1,29316.7,29299.5,29309.5,1995.956
7/30/2023 3:00,29299.9,29310,29297.4,29300.2,1577.214
7/30/2023 2:00,29313,29314.9,29292,29299.8,2766.633
7/30/2023 1:00,29336.9,29336.9,29310.7,29313,1760.761
7/30/2023 0:00,29339.1,29345.9,29304.6,29337,3084.444
7/29/2023 23:00,29341.2,29358.8,29338,29339.1,1772.235
7/29/2023 22:00,29339.3,29354.4,29335.8,29341.2,1893.324
7/29/2023 21:00,29338.8,29355,29336.5,29339.2,2110.273
7/29/2023 20:00,29328,29368.8,29328,29338.7,4089.427
7/29/2023 19:00,29297.1,29340,29297,29328,3656.078
7/29/2023 18:00,29310.5,29322.5,29276,29297.1,2907.159
7/29/2023 17:00,29296.3,29322,29283.6,29310.4,3166.716
7/29/2023 16:00,29284.8,29301.3,29277.4,29296.3,2278.248
7/29/2023 15:00,29271.7,29285,29270,29284.8,2587.329
7/29/2023 14:00,29283.8,29308.5,29263.2,29271.7,2851.286
7/29/2023 13:00,29281.3,29334.4,29277,29283.7,5733.168
7/29/2023 12:00,29253.2,29321,29246.2,29281.4,7704.394
7/29/2023 11:00,29264.7,29294.9,29253.2,29253.2,3122.732
7/29/2023 10:00,29271.8,29285.8,29250.3,29264.7,3106.167
7/29/2023 9:00,29287.4,29291.1,29250.3,29271.8,3625.584
7/29/2023 8:00,29283,29321.1,29237.5,29287.4,7948.457
7/29/2023 7:00,29336.6,29341.9,29271.7,29283,6740.057
7/29/2023 6:00,29356,29356.1,29315.2,29336.6,3125.633
7/29/2023 5:00,29367.2,29370.3,29332.8,29356.1,3287.567
7/29/2023 4:00,29355.6,29397.9,29351.6,29367.2,3315.67
7/29/2023 3:00,29361.6,29373.7,29350,29355.7,2198.322
7/29/2023 2:00,29367.6,29381.4,29349.5,29361.6,3664.402
7/29/2023 1:00,29310,29369.4,29306,29367.6,3375.926
7/29/2023 0:00,29300,29336,29280.6,29310,2840.565
7/28/2023 23:00,29282.8,29316.7,29282.7,29299.9,2210.204
7/28/2023 22:00,29297.4,29304.6,29276.1,29282.8,2583.468
7/28/2023 21:00,29329.9,29358,29294.6,29297.3,3851.165
7/28/2023 20:00,29303.5,29330,29267.3,29329.8,3678.747
7/28/2023 19:00,29297.7,29322.2,29271.1,29303.4,4603.246
7/28/2023 18:00,29245.3,29324.5,29230,29297.7,9313.477
7/28/2023 17:00,29346.9,29346.9,29180.6,29245.4,22117.141
7/28/2023 16:00,29379,29391.6,29322.7,29346.8,12121.847
7/28/2023 15:00,29475.6,29535.7,29336.5,29379,30403.159
7/28/2023 14:00,29276.8,29522,29276.8,29475.7,41128.262
7/28/2023 13:00,29294.9,29309.9,29235.5,29276.8,9263.089
7/28/2023 12:00,29195.4,29320,29192.5,29295,12276.753
7/28/2023 11:00,29208.9,29239.4,29183.9,29195.3,4541.288
7/28/2023 10:00,29203.2,29224,29190.6,29208.9,5043.084
7/28/2023 9:00,29141.9,29227,29112.8,29203.2,8163.525
7/28/2023 8:00,29126.9,29176.9,29114.1,29142,7508.005
7/28/2023 7:00,29175.5,29185.6,29125.5,29126.9,6145.145
7/28/2023 6:00,29172,29194.3,29150,29175.5,3825.153
7/28/2023 5:00,29249.4,29253.4,29142.3,29172,5870.97
7/28/2023 4:00,29239.8,29255.5,29207.6,29249.4,3379.733
7/28/2023 3:00,29217.3,29279.6,29189.4,29239.8,6993.799
7/28/2023 2:00,29247.8,29252,29171.3,29217.3,5160.791
7/28/2023 1:00,29256,29284.8,29240.1,29247.8,4046.807
7/28/2023 0:00,29209.8,29299.9,29197.6,29255.9,7071.009
7/27/2023 23:00,29186.6,29216.8,29167,29209.7,4170.345
7/27/2023 22:00,29169.5,29225,29169.5,29186.7,4412.803
7/27/2023 21:00,29133.6,29220,29124.4,29169.5,5643.939
7/27/2023 20:00,29152.6,29182.6,29117.7,29133.5,6261.989
7/27/2023 19:00,29131.5,29167,29090,29152.6,11464.896
7/27/2023 18:00,29209.8,29240.5,29065.5,29131.6,27371.431
7/27/2023 17:00,29263.7,29283.4,29162,29209.7,14861.556
7/27/2023 16:00,29278,29324.5,29247,29263.7,9944.539
7/27/2023 15:00,29335.9,29351,29218.1,29278,21802.398
7/27/2023 14:00,29430.5,29432.2,29304.1,29336,18399.614
7/27/2023 13:00,29486.5,29494.8,29417.3,29430.6,8642.153
7/27/2023 12:00,29494,29495.1,29442.6,29486.5,6439.884
7/27/2023 11:00,29466.2,29514,29453.2,29493.9,5316.063
7/27/2023 10:00,29529.5,29544.5,29455.5,29466.3,9599.64
7/27/2023 9:00,29455.9,29558.4,29450.3,29529.4,11769.819
7/27/2023 8:00,29396.9,29459.7,29380,29455.8,7369.009
7/27/2023 7:00,29368.5,29455.4,29367.1,29396.9,6977.338
7/27/2023 6:00,29446,29468.2,29366,29368.5,7083.088
7/27/2023 5:00,29473.9,29485.9,29442.7,29446,6732.993
7/27/2023 4:00,29388.1,29477.3,29388.1,29473.9,6863.274
7/27/2023 3:00,29420.5,29436.7,29388.1,29388.1,4290.638
7/27/2023 2:00,29384.3,29430,29331.7,29420.4,4831.091
7/27/2023 1:00,29342,29400.7,29324.1,29384.3,6410.669
7/27/2023 0:00,29336,29350,29286.2,29341.9,6717.365
7/26/2023 23:00,29456.6,29529.6,29260,29336,19860.521
7/26/2023 22:00,29453.5,29497.7,29411.5,29456.6,9912.497
7/26/2023 21:00,29562.1,29646.2,29412,29453.4,19936.783
7/26/2023 20:00,29390.3,29670.5,29372.4,29562.2,40975.716
7/26/2023 19:00,29363.4,29392,29172,29390.3,25203.697
7/26/2023 18:00,29249.7,29500,29212.8,29363.3,47295.743
7/26/2023 17:00,29290,29313.3,29222.8,29249.7,9034.636
7/26/2023 16:00,29307.3,29355,29256.5,29290,12881.154
7/26/2023 15:00,29255.1,29326.6,29252.7,29307.2,8129.338
7/26/2023 14:00,29295.3,29349.3,29189.8,29255.2,16191.723
7/26/2023 13:00,29217.3,29321.4,29217.2,29295.3,12980.101
7/26/2023 12:00,29163.9,29234.7,29152.4,29217.3,5174.634
7/26/2023 11:00,29180.1,29204.8,29145.2,29163.9,4351.181
7/26/2023 10:00,29179,29191.8,29147.2,29180,3859.148
7/26/2023 9:00,29207,29220,29150,29179,5062.382
7/26/2023 8:00,29205.4,29229.3,29192.8,29207,3121.423
7/26/2023 7:00,29198.6,29235.4,29179.1,29205.3,3947.929
7/26/2023 6:00,29260.7,29315,29100,29198.6,12265.674
7/26/2023 5:00,29185.9,29269.9,29184.3,29260.8,5808.335
7/26/2023 4:00,29228.1,29229,29185.9,29185.9,5015.921
7/26/2023 3:00,29280,29414.6,29200,29228,22017.964
7/26/2023 2:00,29121.1,29294.8,29115,29280.1,9000.321
7/26/2023 1:00,29155.2,29166.5,29083,29121,8183.501
7/26/2023 0:00,29216.2,29222.4,29120.5,29155.3,8317.26
7/25/2023 23:00,29189.1,29237,29182.2,29216.3,2816.713
7/25/2023 22:00,29217.9,29247.9,29189.1,29189.2,3389.735
7/25/2023 21:00,29219.9,29235.4,29196.7,29217.9,2242.364
7/25/2023 20:00,29189,29234.4,29171.3,29219.9,5125.43
7/25/2023 19:00,29252.4,29267.4,29181.8,29189,6454.729
7/25/2023 18:00,29260.4,29379.5,29241.8,29252.4,13294.601
7/25/2023 17:00,29214.1,29276.6,29173,29260.4,7692.184
7/25/2023 16:00,29167,29287.9,29165.5,29214,9244.384
7/25/2023 15:00,29160.7,29223.8,29151.5,29167,7290.051
7/25/2023 14:00,29272,29333,29138,29160.7,19897.966
7/25/2023 13:00,29108.8,29330,29058,29271.9,32541.642
7/25/2023 12:00,29117.6,29134.6,29082,29108.7,5865.805
7/25/2023 11:00,29151.7,29156.3,29106.3,29117.6,7367.941
7/25/2023 10:00,29154,29190,29132.1,29151.6,6566.776
7/25/2023 9:00,29177,29277.6,29145.2,29153.9,15390.846
7/25/2023 8:00,29132.3,29186.2,29111.7,29177,6067.721
7/25/2023 7:00,29131.8,29155.4,29112.2,29132.3,5043.163
7/25/2023 6:00,29110.7,29140.5,29100.4,29131.8,4417.282
7/25/2023 5:00,29080,29136.3,29078.2,29110.7,4595.559
7/25/2023 4:00,29099.6,29114.3,29060,29080,3653.947
7/25/2023 3:00,29119.6,29136.1,29067.1,29099.6,4973.876
7/25/2023 2:00,29070.1,29159.7,29051.8,29119.6,7213.146
7/25/2023 1:00,29103.4,29106.4,29033,29070,7637.164
7/25/2023 0:00,29163.8,29174.5,29080,29103.3,7655.593
7/24/2023 23:00,29152.3,29200,29145.9,29163.8,3655.492
7/24/2023 22:00,29158.5,29183,29125.2,29152.2,3981.432
7/24/2023 21:00,29134.6,29187,29114.7,29158.5,6288.71
7/24/2023 20:00,29106.8,29140.2,29075.5,29134.6,4886.195
7/24/2023 19:00,29114.4,29147,29088,29106.9,6358.027
7/24/2023 18:00,29031.6,29127.3,28982.5,29114.4,10771.677
7/24/2023 17:00,29098.1,29115.4,29002.2,29031.6,9102.584
7/24/2023 16:00,29085.9,29144.9,29014,29098.1,15254.52
7/24/2023 15:00,29032.3,29130,28830,29085.8,51579.03
7/24/2023 14:00,29171.4,29179.6,29006.3,29032.3,37031.44
7/24/2023 13:00,29223.5,29248,29099.3,29171.4,15223.751
7/24/2023 12:00,29259.7,29262.6,29150,29223.5,20761.038
7/24/2023 11:00,29307.7,29322.9,29203.2,29259.6,16359.785
7/24/2023 10:00,29162,29373.9,29100,29307.6,47878.068
7/24/2023 9:00,29744,29759.5,28904.4,29162,64789.898
7/24/2023 8:00,29816.4,29820.9,29736.7,29744.1,8102.637
7/24/2023 7:00,29765.1,29862.9,29715.2,29816.4,12145.312
7/24/2023 6:00,29786.4,29789.9,29754.9,29765,4660.178
7/24/2023 5:00,29775.8,29808.3,29735,29786.3,7946.891
7/24/2023 4:00,29705.7,29788.8,29639.7,29775.8,17121.695
7/24/2023 3:00,29785,29785.1,29650.2,29705.6,20555.061
7/24/2023 2:00,29904.8,29904.9,29741.1,29785,24970.726
7/24/2023 1:00,30000.9,30012.2,29850,29904.8,17825.901
7/24/2023 0:00,30070.9,30091.7,29993.2,30000.8,6932.369
7/23/2023 23:00,30004.4,30090.1,30004.4,30070.8,6583.343
7/23/2023 22:00,29940.9,30028.2,29929.6,30004.4,5806.82
7/23/2023 21:00,30131.2,30133.4,29909,29940.9,16720.092
7/23/2023 20:00,30083.1,30135,30082.4,30131.1,8533.227
7/23/2023 19:00,30238.8,30368.2,30005.2,30083.1,35715.65
7/23/2023 18:00,30110.1,30291,30068,30238.7,29045.844
7/23/2023 17:00,29941.1,30132.1,29924.2,30110.1,19997.915
7/23/2023 16:00,29885.9,29962.2,29885.9,29941.1,7734.766
7/23/2023 15:00,29883.6,29904,29872.8,29886,2235.599
7/23/2023 14:00,29875.5,29896.4,29870.9,29883.7,2045.03
7/23/2023 13:00,29911.1,29911.2,29836.2,29875.5,6823.116
7/23/2023 12:00,29881.5,29922.7,29874,29911.1,3622.763
7/23/2023 11:00,29878.8,29914.9,29870.9,29881.5,2987.263
7/23/2023 10:00,29891.9,29904.6,29873.8,29878.7,3113.693
7/23/2023 9:00,29933.9,29943.8,29885.7,29891.9,3689.214
7/23/2023 8:00,29900.9,29950,29871.6,29933.9,5885.487
7/23/2023 7:00,29908.1,29911.9,29869.6,29900.9,3963.358
7/23/2023 6:00,29910.6,29931.9,29880.3,29908.1,6115.604
7/23/2023 5:00,29892.7,29974.6,29887.2,29910.6,16580.003
7/23/2023 4:00,29832.5,29914.5,29832.5,29892.7,7688.539
7/23/2023 3:00,29874.2,29876.8,29826.7,29832.5,2786.391
7/23/2023 2:00,29817.2,29884,29793.9,29874.1,6503.591
7/23/2023 1:00,29769.9,29868.1,29768.6,29817.2,8801.504
7/23/2023 0:00,29783.5,29810.5,29718.9,29769.9,11735.034
7/22/2023 23:00,29792.9,29799,29602.2,29783.5,25961.008
7/22/2023 22:00,29810.9,29822.8,29765.7,29792.9,4205.142
7/22/2023 21:00,29810.3,29824.7,29800,29810.9,1463.363
7/22/2023 20:00,29820.5,29831.3,29805,29810.3,2362.319
7/22/2023 19:00,29800,29844,29787.6,29820.6,3410.667
7/22/2023 18:00,29824.1,29826.1,29783.6,29799.9,4381.322
7/22/2023 17:00,29888.1,29888.2,29790.7,29824,5995.814
7/22/2023 16:00,29883.9,29892.5,29847.5,29888.2,3474.721
7/22/2023 15:00,29869.6,29895,29842.9,29883.9,5954.24
7/22/2023 14:00,29836,29885.5,29827.7,29869.5,6008.871
7/22/2023 13:00,29826.8,29854,29818.4,29836,3325.094
7/22/2023 12:00,29874.1,29874.2,29806.6,29826.8,8997.573
7/22/2023 11:00,29890.7,29891.3,29847.9,29874.1,3364.43
7/22/2023 10:00,29921,29921.1,29858.1,29890.6,9468.825
7/22/2023 9:00,29929.3,29940,29903.9,29921,4971.749
7/22/2023 8:00,29932.9,29969.6,29914.1,29929.3,5176.216
7/22/2023 7:00,29873.9,29986,29851,29933,13004.477
7/22/2023 6:00,29853.3,29879.4,29822,29874,4150.135
7/22/2023 5:00,29870.9,29887.4,29840.5,29853.3,4050.346
7/22/2023 4:00,29886.7,29920.1,29849.9,29870.9,5468.582
7/22/2023 3:00,29926.2,29928.9,29873.6,29886.6,5124.503
7/22/2023 2:00,29908.9,29955.9,29902.7,29926.2,4495.164
7/22/2023 1:00,29968.7,29976.3,29900,29909,3467.312
7/22/2023 0:00,29891.5,29985.3,29888.3,29968.7,5094.083
7/21/2023 23:00,29910.5,29924.7,29878,29891.4,3962.047
7/21/2023 22:00,29886.4,29942.7,29873.2,29910.4,3407.822
7/21/2023 21:00,29867.6,29931,29861.3,29886.4,4837.583
7/21/2023 20:00,29865.1,29881.6,29819.4,29867.5,5505.056
7/21/2023 19:00,29970,29970,29762,29865.1,21454.833
7/21/2023 18:00,29912.3,30056.2,29912.3,29970,24707.542
7/21/2023 17:00,29811.8,29929,29806.1,29912.2,9831.83
7/21/2023 16:00,29852,29861,29794.2,29811.7,7161.896
7/21/2023 15:00,29864.4,29900,29838.9,29852,8456.102
7/21/2023 14:00,29799.4,29871.5,29766,29864.5,12004.465
7/21/2023 13:00,29854.4,29904.7,29770.6,29799.4,14217.002
7/21/2023 12:00,29764.8,29888,29764.7,29854.4,12062.073
7/21/2023 11:00,29785.4,29803,29710.3,29764.8,9506.757
7/21/2023 10:00,29745.7,29809.8,29743,29785.4,5361.733
7/21/2023 9:00,29777.9,29838.8,29738.2,29745.7,7542.927
7/21/2023 8:00,29757.8,29803.6,29740,29778,5613.011
7/21/2023 7:00,29839,29846.7,29729.6,29757.8,9057.083
7/21/2023 6:00,29806.3,29842,29775.3,29839,4952.422
7/21/2023 5:00,29848.1,29856.8,29773.5,29806.3,7461.514
7/21/2023 4:00,29884.3,29893.3,29844.4,29848.1,5420.157
7/21/2023 3:00,29891.1,29928.7,29861.2,29884.3,6257.081
7/21/2023 2:00,29865.9,29949.5,29826.2,29891.2,11508.606
7/21/2023 1:00,29772.2,29895.7,29742,29865.9,11885.397
7/21/2023 0:00,29791,29826.7,29705.9,29772.2,8970.135
7/20/2023 23:00,29797.2,29812.8,29770.4,29791,4553.447
7/20/2023 22:00,29856,29863.5,29780.3,29797.2,6345.871
7/20/2023 21:00,29729.8,29880.2,29719.8,29856,11266.634
7/20/2023 20:00,29744.5,29756,29652.7,29729.8,6324.142
7/20/2023 19:00,29678,29751,29657.6,29744.4,9124.148
7/20/2023 18:00,29744.9,29787.9,29468.8,29678,29135.569
7/20/2023 17:00,29705.1,29811.1,29681,29745,12693.028
7/20/2023 16:00,29792.9,29863,29638.4,29705.2,27457.138
7/20/2023 15:00,29766.7,29841.7,29692.3,29792.8,30032.838
7/20/2023 14:00,30215.9,30230.3,29600,29766.7,88601.685
7/20/2023 13:00,30210.6,30267.5,30156.8,30215.9,14807.87
7/20/2023 12:00,30274,30302.9,30191.6,30210.7,12891.888
7/20/2023 11:00,30280.1,30306.5,30238,30274,12182.27
7/20/2023 10:00,30319,30420,30255,30280.1,26575.439
7/20/2023 9:00,30253,30382.7,30203,30319,24607.581
7/20/2023 8:00,30195.6,30300,30151.6,30253,15852.672
7/20/2023 7:00,30109.9,30240.2,30087,30195.5,16580.487
7/20/2023 6:00,30112.2,30192,30071.2,30110,14294.31
7/20/2023 5:00,29948.4,30174.8,29939.5,30112.2,19856.198
7/20/2023 4:00,29937,29975,29912.1,29948.3,3697.414
7/20/2023 3:00,29969.1,29982.3,29900.5,29937,5235.96
7/20/2023 2:00,29974,30037.9,29960.2,29969,5663.932
7/20/2023 1:00,29985,30017,29952.6,29974,4936.689
7/20/2023 0:00,29895.5,29999.6,29866,29985,7546.554
7/19/2023 23:00,29856.1,29928.1,29811,29895.5,8011.504
7/19/2023 22:00,29918.4,29947.8,29831.9,29856.1,6016.386
7/19/2023 21:00,29951.1,29954.5,29835.2,29918.3,11887.386
7/19/2023 20:00,30032.4,30042,29932.2,29951.1,7454.746
7/19/2023 19:00,30067.2,30088.1,30003.5,30032.4,8417.295
7/19/2023 18:00,29980,30084.3,29931.5,30067.3,13214.98
7/19/2023 17:00,29891.9,30076.8,29869,29980.1,18749.212
7/19/2023 16:00,29939.7,29965,29855.5,29892,10395.699
7/19/2023 15:00,29810.9,29982.6,29745,29939.8,18013.348
7/19/2023 14:00,29984.4,30054.8,29755,29810.9,30050.382
7/19/2023 13:00,29939.3,30130,29800,29984.5,29950.802
7/19/2023 12:00,30004.7,30012.8,29870.2,29939.2,11643.703
7/19/2023 11:00,29975.1,30023.2,29943.3,30004.7,5965.221
7/19/2023 10:00,29991.3,30026.1,29964.8,29975,5894.665
7/19/2023 9:00,29911.1,30038.4,29852.2,29991.3,12990.837
7/19/2023 8:00,29984.1,30004,29854.6,29911.1,12081.674
7/19/2023 7:00,30028.1,30062.4,29950.1,29984,8646.296
7/19/2023 6:00,30085,30103.3,29986,30028,8414.102
7/19/2023 5:00,30085.9,30110.4,30037.3,30085,7050.831
7/19/2023 4:00,30048,30178.5,30037.8,30085.9,17287.521
7/19/2023 3:00,30010,30067.7,29991,30048,11285.617
7/19/2023 2:00,29990.4,30020,29954.5,30010,6256.008
7/19/2023 1:00,30042.9,30062.9,29938,29990.3,10098.076
7/19/2023 0:00,29845.7,30060,29826.7,30042.9,18642.563
7/18/2023 23:00,29808.6,29859,29776.1,29845.6,5477.736
7/18/2023 22:00,29794,29811.1,29745.5,29808.6,5798.418
7/18/2023 21:00,29766.8,29820.9,29738,29793.9,5954.451
7/18/2023 20:00,29708.2,29802.7,29678,29766.8,9897.65
7/18/2023 19:00,29895,29934.9,29660.2,29708.1,15106.172
7/18/2023 18:00,29808,29915,29777,29895,13425.083
7/18/2023 17:00,29688,29822.8,29657,29807.9,17364.925
7/18/2023 16:00,29895.1,29954.3,29400,29688,42654.063
7/18/2023 15:00,29910,29920,29822.8,29895.1,10526.753
7/18/2023 14:00,29817.5,30028.6,29796.9,29910.1,30993.102
7/18/2023 13:00,29776,29856.4,29657.1,29817.6,24900.173
7/18/2023 12:00,29872,29907.4,29711.5,29776,32492.956
7/18/2023 11:00,29979,30068.9,29784,29871.9,21467.363
7/18/2023 10:00,29944.8,30025,29888.2,29979,11722.515
7/18/2023 9:00,30012.3,30029.3,29933.6,29944.8,8221.109
7/18/2023 8:00,29952,30098.5,29864.6,30012.3,19132.65
7/18/2023 7:00,29976.8,30030,29922.1,29951.9,10034.034
7/18/2023 6:00,30040.5,30086,29908.1,29976.9,16723.045
7/18/2023 5:00,30110.4,30110.5,30024,30040.4,4914.879
7/18/2023 4:00,30063.8,30110.9,30026.6,30110.4,6832.755
7/18/2023 3:00,30105.9,30137.5,30061.3,30063.8,5404.886
7/18/2023 2:00,30198.4,30215,30087,30105.8,5946.893
7/18/2023 1:00,30150.4,30227.5,30130.1,30198.3,6361.47
7/18/2023 0:00,30126,30186,30093.1,30150.4,6043.336
7/17/2023 23:00,30096.3,30160.8,30062.2,30126.1,6812.062
7/17/2023 22:00,30229.9,30258,30086.6,30096.3,13138.63
7/17/2023 21:00,29907.1,30282.9,29907,30229.9,22419.145
7/17/2023 20:00,29869.9,29978.2,29864.6,29907.1,9420.22
7/17/2023 19:00,29784,29924.5,29735.6,29870,20595.534
7/17/2023 18:00,30015.6,30051.2,29630,29783.9,53493.838
7/17/2023 17:00,30125.9,30146.6,29885,30015.5,33458.617
7/17/2023 16:00,30163.4,30224.4,30062.3,30126,14605.893
7/17/2023 15:00,30262.9,30285.5,30100,30163.4,15430.731
7/17/2023 14:00,30276,30297.9,30213.7,30263,10396.003
7/17/2023 13:00,30196.9,30300,30146.3,30276,18128.569
7/17/2023 12:00,30145,30200.2,30015.9,30196.9,22531.505
7/17/2023 11:00,30146.4,30249.4,30126.7,30145,14526.607
7/17/2023 10:00,30163.5,30198.4,29910,30146.4,36872.449
7/17/2023 9:00,30242.6,30260.4,30130,30163.6,11047.613
7/17/2023 8:00,30265.2,30309.4,30241.6,30242.7,5287.163
7/17/2023 7:00,30259.8,30275.8,30228.1,30265.3,3026.331
7/17/2023 6:00,30250.5,30267.8,30220.2,30259.9,3225.127
7/17/2023 5:00,30281.2,30313.9,30246.4,30250.6,4205.013
7/17/2023 4:00,30295.9,30302.7,30255.2,30281.3,2792.179
7/17/2023 3:00,30249.5,30309.4,30240.2,30295.9,2504.219
7/17/2023 2:00,30276.8,30288.6,30243,30249.6,2719.348
7/17/2023 1:00,30200.5,30329.7,30176.7,30276.9,8161.077
7/17/2023 0:00,30216.9,30299.6,30161,30200.5,9315.554
7/16/2023 23:00,30309.5,30320.7,30110.6,30216.8,13460.551
7/16/2023 22:00,30274.9,30349.6,30245.1,30309.5,5383.315
7/16/2023 21:00,30254.9,30301,30254.9,30274.9,2809.778
7/16/2023 20:00,30239.6,30282.6,30222.5,30255,3726.014
7/16/2023 19:00,30260.6,30286.8,30179,30239.5,7548.628
7/16/2023 18:00,30365.5,30379.1,30193.9,30260.5,11451.258
7/16/2023 17:00,30349.5,30388,30344,30365.5,3114.342
7/16/2023 16:00,30365.9,30391.8,30305.5,30349.6,7309.669
7/16/2023 15:00,30388.6,30419.7,30360,30366,7187.579
7/16/2023 14:00,30292.5,30441.6,30292.4,30388.6,21324.276
7/16/2023 13:00,30280.9,30300.2,30254.1,30292.4,4118.631
7/16/2023 12:00,30293.6,30330,30270.8,30280.8,3654.425
7/16/2023 11:00,30273.5,30308.2,30263.4,30293.6,3454.051
7/16/2023 10:00,30289.9,30338.5,30257.1,30273.4,8394.777
7/16/2023 9:00,30283.3,30305,30270.8,30290,4587.444
7/16/2023 8:00,30253,30294.8,30250,30283.2,3159.153
7/16/2023 7:00,30245,30284.9,30233.5,30253,3328.16
7/16/2023 6:00,30225,30300.9,30210.4,30245,5195.739
7/16/2023 5:00,30143.6,30228.8,30143.5,30225,4625.117
7/16/2023 4:00,30174.1,30199.7,30120,30143.6,6943.449
7/16/2023 3:00,30239.2,30248,30161.4,30174.1,8004.539
7/16/2023 2:00,30250.1,30325,30050,30239.2,28163.005
7/16/2023 1:00,30289.9,30320,30243.4,30250.1,4659.218
7/16/2023 0:00,30276.5,30297.4,30258.9,30289.9,2202.822
7/15/2023 23:00,30272.4,30280.5,30251,30276.4,2194.338
7/15/2023 22:00,30288.8,30306.7,30257.9,30272.4,3348.376
7/15/2023 21:00,30284.7,30292.1,30258,30288.7,2223.233
7/15/2023 20:00,30309.7,30309.8,30276,30284.7,2698.643
7/15/2023 19:00,30301.1,30333.7,30301,30309.7,2401.81
7/15/2023 18:00,30271.7,30341.5,30270.1,30301.1,4707.157
7/15/2023 17:00,30268.9,30300.8,30240,30271.7,3136.381
7/15/2023 16:00,30290.4,30295.7,30238.1,30269,5898.507
7/15/2023 15:00,30272,30307.2,30237,30290.5,5678.736
7/15/2023 14:00,30310.6,30319.5,30263.2,30272,3841.289
7/15/2023 13:00,30334.3,30337.4,30250.1,30310.5,6186.035
7/15/2023 12:00,30298.5,30348.4,30298.4,30334.1,4034.262
7/15/2023 11:00,30309.5,30327.8,30273,30298.5,4281.095
7/15/2023 10:00,30334.6,30360,30286.7,30309.5,5092.143
7/15/2023 9:00,30301.5,30339.3,30300,30334.5,2818.207
7/15/2023 8:00,30317.7,30331.7,30258.9,30301.5,5071.555
7/15/2023 7:00,30299.8,30349.7,30283.3,30317.6,7676.816
7/15/2023 6:00,30279,30304.4,30250.9,30299.8,3722.245
7/15/2023 5:00,30283,30298.9,30241,30279,3902.188
7/15/2023 4:00,30276,30310,30275.1,30282.9,3238.08
7/15/2023 3:00,30277.8,30324.8,30250.7,30276,6345.436
7/15/2023 2:00,30323,30336.9,30272.9,30277.8,5447.026
7/15/2023 1:00,30315,30380,30271.1,30323,9293.055
7/15/2023 0:00,30293.3,30315,30220.2,30315,8385.861
7/14/2023 23:00,30207.9,30299.9,30191.2,30293.3,12651.635
7/14/2023 22:00,30224.4,30236.2,30180,30208,7079.209
7/14/2023 21:00,30170.4,30252.9,30125.5,30224.4,12985.485
7/14/2023 20:00,30099.9,30220,29965,30170.4,26805.482
7/14/2023 19:00,30074.6,30221.9,29876.6,30099.9,61266.083
7/14/2023 18:00,30674.8,30760,30009.9,30074.7,117219.757
7/14/2023 17:00,31205.6,31206,30601.6,30674.9,67324.682
7/14/2023 16:00,31236.6,31272.7,31040.5,31205.6,21600.503
7/14/2023 15:00,31294.1,31364.9,31200,31236.5,14883.92
7/14/2023 14:00,31251,31352,31168,31294.2,16277.156
7/14/2023 13:00,31122.6,31283.7,31037.4,31251,21434.418
7/14/2023 12:00,31206.4,31219.1,31105.5,31122.6,7586.271
7/14/2023 11:00,31172.9,31233,31138.7,31206.4,7656.785
7/14/2023 10:00,31183.6,31198.8,31085.7,31173,10185.001
7/14/2023 9:00,31240.5,31240.6,31137.9,31183.5,8965.856
7/14/2023 8:00,31095.9,31284.9,31076.5,31240.6,17086.549
7/14/2023 7:00,31285.6,31334,31068.5,31096,22926.664
7/14/2023 6:00,31354.2,31384.6,31275.2,31285.7,8363.316
7/14/2023 5:00,31378.3,31394.9,31337.7,31354.3,6701.026
7/14/2023 4:00,31445.4,31457.7,31355.2,31378.3,9223.505
7/14/2023 3:00,31448.1,31640,31386,31445.4,15693.588
7/14/2023 2:00,31410,31469.8,31369.6,31448,7971.861
7/14/2023 1:00,31436.7,31498.4,31321.4,31410.1,14200.397
7/14/2023 0:00,31441.6,31520,31354,31436.6,22603.097
7/13/2023 23:00,31291.6,31483.9,31288.6,31441.7,17235.868
7/13/2023 22:00,31243.9,31350,31183.8,31291.6,18864.592
7/13/2023 21:00,31364.9,31384.7,30993.8,31243.9,42446.32
7/13/2023 20:00,31600.5,31693.7,31269.6,31364.9,34592.06
7/13/2023 19:00,31247.8,31850,31233.3,31600.6,84062.016
7/13/2023 18:00,31058.2,31485,31050,31247.7,90591.222
7/13/2023 17:00,30814.8,31200,30771.5,31058.3,54524.876
7/13/2023 16:00,30915.5,30959.6,30700,30814.9,62688.432
7/13/2023 15:00,30559.7,31205.3,30532,30915.4,116296.273
7/13/2023 14:00,30646.7,30681.9,30450,30559.7,22715.918
7/13/2023 13:00,30501.4,30683.3,30491.2,30646.7,17419.54
7/13/2023 12:00,30530.6,30592.2,30446.4,30501.3,20021.805
7/13/2023 11:00,30560.1,30584,30524.1,30530.6,8076.866
7/13/2023 10:00,30560.1,30624,30503.2,30560.1,15950.863
7/13/2023 9:00,30400,30597.5,30399.9,30560.2,27906.097
7/13/2023 8:00,30355.1,30416.5,30328.2,30400,7670.705
7/13/2023 7:00,30375.3,30414,30341.1,30355.1,7724.959
7/13/2023 6:00,30308,30393.3,30289.6,30375.3,8615.705
7/13/2023 5:00,30284.5,30315,30241.2,30308.1,5370.283
7/13/2023 4:00,30283.6,30312.9,30233,30284.5,7429.866
7/13/2023 3:00,30328.1,30335.5,30257.1,30283.7,7159.871
7/13/2023 2:00,30373,30373,30305,30328.1,4140.033
7/13/2023 1:00,30344,30388,30276.6,30373,7759.895
7/13/2023 0:00,30368.9,30423,30326,30343.9,6759.445
7/12/2023 23:00,30350.1,30408.8,30341.7,30368.9,6562.774
7/12/2023 22:00,30338.3,30360,30317.9,30350.1,4135.053
7/12/2023 21:00,30330,30360,30298.8,30338.3,6028.559
7/12/2023 20:00,30268.1,30330,30220.5,30330,12520.577
7/12/2023 19:00,30508.6,30508.6,30186,30268.1,37929.035
7/12/2023 18:00,30433.1,30525.2,30412.2,30508.5,9101.381
7/12/2023 17:00,30474.1,30514.5,30410.5,30433.1,12093.913
7/12/2023 16:00,30510.1,30529,30406,30474.1,25337.135
7/12/2023 15:00,30725.4,30796.4,30447,30510.2,38573.513
7/12/2023 14:00,30650.3,30821.7,30639.2,30725.4,28895.744
7/12/2023 13:00,30709.2,30847.1,30450,30650.4,62426.378
7/12/2023 12:00,30765.4,30980.5,30610.4,30709.3,69047.861
7/12/2023 11:00,30671.9,30807.5,30644.2,30765.3,10058.847
7/12/2023 10:00,30710,30710.1,30639.1,30671.9,6581.421
7/12/2023 9:00,30720.5,30748.8,30670,30710,5755.926
7/12/2023 8:00,30730.7,30750.6,30660,30720.5,11261.656
7/12/2023 7:00,30706.6,30849.2,30699,30730.8,19690.812
7/12/2023 6:00,30642.5,30786,30600.4,30706.6,17425.423
7/12/2023 5:00,30623.9,30688.7,30600,30642.5,7630.501
7/12/2023 4:00,30581.3,30624,30555,30623.9,5517.355
7/12/2023 3:00,30599,30624,30564.9,30581.3,3617.299
7/12/2023 2:00,30518.9,30672,30518.9,30599,9557.21
7/12/2023 1:00,30499.9,30570,30485,30518.9,6555.837
7/12/2023 0:00,30608.3,30618.9,30488.8,30500,8754.047
7/11/2023 23:00,30571.9,30640,30571.8,30608.4,7259.031
7/11/2023 22:00,30556.5,30596.7,30492.8,30571.9,6764.012
7/11/2023 21:00,30561,30578.5,30493,30556.4,5213.948
7/11/2023 20:00,30565.5,30622.7,30533.3,30561.1,7606.474
7/11/2023 19:00,30461.5,30570,30443.6,30565.5,9152.336
7/11/2023 18:00,30565.4,30565.5,30383.9,30461.6,14413.688
7/11/2023 17:00,30631.1,30655,30529.9,30565.4,11543.442
7/11/2023 16:00,30585.5,30684.6,30489.7,30631,17582.26
7/11/2023 15:00,30514.9,30804.9,30459,30585.5,47981.721
7/11/2023 14:00,30435.3,30587,30360.1,30515,24511.065
7/11/2023 13:00,30421,30480,30261.4,30435.3,18595.734
7/11/2023 12:00,30391.4,30429.1,30360.1,30420.9,7106.312
7/11/2023 11:00,30385,30446,30375,30391.3,5305.791
7/11/2023 10:00,30435.4,30435.5,30352,30385,6042.574
7/11/2023 9:00,30482.1,30497.7,30325,30435.5,20177.098
7/11/2023 8:00,30528.6,30557.8,30472.5,30482.1,7428.139
7/11/2023 7:00,30621.9,30641.8,30518,30528.5,11339.359
7/11/2023 6:00,30443.9,30660,30436.9,30621.8,15840.352
7/11/2023 5:00,30429.9,30462.2,30416.4,30443.9,3892.665
7/11/2023 4:00,30460.9,30490.7,30421.9,30429.8,5966.686
7/11/2023 3:00,30472.6,30485,30382.4,30461,8038.909
7/11/2023 2:00,30572.1,30593.7,30442,30472.5,8159.06
7/11/2023 1:00,30405.6,30599,30385.2,30572.1,12759.096
7/11/2023 0:00,30396.9,30495.1,30348.7,30405.6,16224.995
7/10/2023 23:00,30332,30407.5,30320,30396.9,11535.486
7/10/2023 22:00,30282.8,30385.1,30159.7,30332.1,35966.091
7/10/2023 21:00,30773.3,30799.2,30100,30282.7,45010.302
7/10/2023 20:00,30824.5,31040,30759,30773.2,64581.07
7/10/2023 19:00,30519.3,30830,30478.8,30824.5,43347.827
7/10/2023 18:00,30264.4,30556,30250.6,30519.3,27452.814
7/10/2023 17:00,30336,30354.7,30240.8,30264.4,8382.232
7/10/2023 16:00,30297.5,30377.4,30223.5,30336,12685.022
7/10/2023 15:00,30296.8,30312.2,30225.2,30297.6,10617.905
7/10/2023 14:00,30195,30359.7,30180,30296.8,19948.057
7/10/2023 13:00,30147.1,30323.7,30142,30195,17927.466
7/10/2023 12:00,30221.6,30275.4,30131,30147,13695.586
7/10/2023 11:00,30173,30233.1,30161.3,30221.5,6930.183
7/10/2023 10:00,30127.2,30220.8,30127.2,30173.1,7083.033
7/10/2023 9:00,30085,30194.3,30020.1,30126.9,14443.023
7/10/2023 8:00,30100,30105.1,29966.6,30085.1,9308.474
7/10/2023 7:00,30073.9,30125.7,30066.1,30100,6012.545
7/10/2023 6:00,30068.1,30111.2,30034.2,30074,6890.684
7/10/2023 5:00,30108.4,30134.8,30067,30068,5229.34
7/10/2023 4:00,30145,30151,30102,30108.5,4752.43
7/10/2023 3:00,30187.2,30235,30137.6,30144.9,6068.67
7/10/2023 2:00,30034.1,30218.9,30032,30187.1,9043.219
7/10/2023 1:00,30077.7,30128,30019.5,30034,8977.482
7/10/2023 0:00,30147.8,30219.4,29928.8,30077.7,33226.596
7/9/2023 23:00,30160.2,30171.4,30106,30147.8,5244.236
7/9/2023 22:00,30142.6,30187,30042,30160.3,13524.781
7/9/2023 21:00,30176.4,30197.4,30117.9,30142.7,5451.231
7/9/2023 20:00,30227.7,30238.3,30089,30176.4,8455.187
7/9/2023 19:00,30246.3,30254.4,30180,30227.7,5344.49
7/9/2023 18:00,30279.8,30292.9,30240.6,30246.3,3165.052
7/9/2023 17:00,30276.2,30281.6,30236.4,30279.7,6826.988
7/9/2023 16:00,30336.9,30336.9,30263,30276.2,5577.417
7/9/2023 15:00,30328,30383.1,30260.3,30336.8,10242.835
7/9/2023 14:00,30247.9,30443.4,30163.6,30328,26848.795
7/9/2023 13:00,30320,30338.3,30239,30248,7332.819
7/9/2023 12:00,30257.2,30338.8,30233.9,30320,7941.681
7/9/2023 11:00,30250.1,30280.3,30227,30257.3,3344.097
7/9/2023 10:00,30260.3,30288.2,30242.3,30250,3061.872
7/9/2023 9:00,30291.8,30291.9,30219.1,30260.3,3404.574
7/9/2023 8:00,30250,30300,30249.9,30291.9,4020.957
7/9/2023 7:00,30242.3,30273,30218.2,30250,3774.165
7/9/2023 6:00,30249.3,30258,30220.8,30242.2,3617.728
7/9/2023 5:00,30266.4,30289.1,30242.1,30249.4,3190.005
7/9/2023 4:00,30277.6,30287.6,30258.1,30266.3,2388.82
7/9/2023 3:00,30287.9,30308.5,30241.7,30277.6,4078.626
7/9/2023 2:00,30320.4,30350.4,30246.4,30287.9,5955.264
7/9/2023 1:00,30323.9,30397,30271.4,30320.4,11130.917
7/9/2023 0:00,30269.2,30342.3,30232.1,30323.9,8373.726
7/8/2023 23:00,30212,30280,30199.9,30269.3,6465.036
7/8/2023 22:00,30173.1,30216.2,30151.2,30212,3031.691
7/8/2023 21:00,30140,30184.7,30132.3,30173,3542.775
7/8/2023 20:00,30100,30149.4,30037.5,30140,6235.884
7/8/2023 19:00,30189,30189.1,30026.8,30100,12318.148
7/8/2023 18:00,30240.8,30240.8,30171.4,30189,4783.468
7/8/2023 17:00,30245.5,30269.6,30224.5,30240.8,4206.853
7/8/2023 16:00,30196.8,30313,30192.5,30245.4,10534.167
7/8/2023 15:00,30192.8,30212,30166.2,30196.7,2701.382
7/8/2023 14:00,30191.9,30217.3,30175,30192.8,2890.631
7/8/2023 13:00,30154.7,30224.5,30154.7,30191.9,3853.259
7/8/2023 12:00,30185.3,30200,30132.5,30154.7,5916.531
7/8/2023 11:00,30210.6,30218,30135.3,30185.3,8034.574
7/8/2023 10:00,30237,30242.2,30206,30210.5,2439.357
7/8/2023 9:00,30261.9,30273.1,30210.9,30237,3717.364
7/8/2023 8:00,30174.8,30315,30172.7,30261.9,11194.446
7/8/2023 7:00,30161.3,30207.9,30154.3,30174.8,4520.329
7/8/2023 6:00,30224,30242.9,30122,30161.3,7965.436
7/8/2023 5:00,30227,30228.7,30170.4,30224.1,7653.273
7/8/2023 4:00,30260,30269.2,30210,30227,6455.545
7/8/2023 3:00,30340.8,30350,30257.3,30260,4825.562
7/8/2023 2:00,30290,30380,30265.6,30340.9,7126.507
7/8/2023 1:00,30274.7,30290,30240,30290,3923.921
7/8/2023 0:00,30328,30332.6,30258.2,30274.8,4398.354
7/7/2023 23:00,30292.7,30335.6,30263.5,30327.9,3787.774
7/7/2023 22:00,30276.6,30333.5,30270,30292.6,3733.618
7/7/2023 21:00,30248.8,30337,30248.8,30276.7,5760.135
7/7/2023 20:00,30227.8,30292.9,30197.1,30248.8,6458.346
7/7/2023 19:00,30155,30232.1,30120,30227.9,6976.332
7/7/2023 18:00,30226.7,30242,30100,30155,11037.756
7/7/2023 17:00,30342.3,30353.7,30162.6,30226.6,15550.132
7/7/2023 16:00,30375.5,30443.6,30298.8,30342.3,12650.284
7/7/2023 15:00,30395.6,30415.8,30290.1,30375.4,12069.455
7/7/2023 14:00,30367.2,30430,30243.1,30395.6,25507.785
7/7/2023 13:00,30190.4,30378,30112,30367.3,22218.52
7/7/2023 12:00,30103.9,30366,30012.1,30190.5,45600.486
7/7/2023 11:00,30152.9,30188.8,30080,30104,8962.184
7/7/2023 10:00,30120,30157.9,30070.2,30152.9,8951.328
7/7/2023 9:00,30039.2,30176.3,30036.2,30119.9,8651.156
7/7/2023 8:00,29992.9,30095,29957.6,30039.2,11238.693
7/7/2023 7:00,30106.2,30126.8,29904.4,29992.9,17109.226
7/7/2023 6:00,30196.1,30228,30080.6,30106.1,12548.756
7/7/2023 5:00,30076,30297.3,30041.5,30196,17926.566
7/7/2023 4:00,30122.1,30163.8,30063.4,30075.9,7095.496
7/7/2023 3:00,30093.5,30154.9,30050.6,30122.1,7197.638
7/7/2023 2:00,30071.5,30134.9,30040.3,30093.6,8550.083
7/7/2023 1:00,30039.8,30100,29943.4,30071.4,12522.032
7/7/2023 0:00,29874.3,30094.6,29680,30039.9,45697.873
7/6/2023 23:00,30147.6,30147.6,29818,29874.4,41014.969
7/6/2023 22:00,30207.3,30258.7,30082.8,30147.5,11865.126
7/6/2023 21:00,30303.8,30335.5,30156.8,30207.3,10580.383
7/6/2023 20:00,30294.6,30336.3,30232,30303.7,6141.841
7/6/2023 19:00,30367.8,30367.9,30240,30294.6,8775.315
7/6/2023 18:00,30283.9,30389,30192.8,30367.9,11332.266
7/6/2023 17:00,30303.5,30334.3,30186.4,30283.8,11966.437
7/6/2023 16:00,30390.3,30450.7,30140,30303.4,33750.68
7/6/2023 15:00,30196.5,30476,30053.2,30390.3,50136.208
7/6/2023 14:00,30361.6,30424,29865,30196.6,112333.472
7/6/2023 13:00,30588.6,30649.6,30289.1,30361.5,41016.913
7/6/2023 12:00,30833,30866.4,30486.8,30588.6,67511.946
7/6/2023 11:00,31222.1,31258.8,30686,30833,45941.122
7/6/2023 10:00,31064.8,31270,31058.2,31222.2,24356.375
7/6/2023 9:00,31325.6,31568,31018.2,31064.7,94118.553
7/6/2023 8:00,30792.2,31359.4,30771,31325.5,63572.516
7/6/2023 7:00,30679.9,30846.8,30671.8,30792.3,25464.164
7/6/2023 6:00,30575.6,30715,30540.2,30679.9,17671.392
7/6/2023 5:00,30452.6,30624.4,30420.6,30575.5,11325.307
7/6/2023 4:00,30477.6,30530,30431,30452.6,4866.798
7/6/2023 3:00,30459,30516.3,30452.7,30477.7,3243.218
7/6/2023 2:00,30465.7,30555.6,30445.5,30458.9,7732.93
7/6/2023 1:00,30403.6,30470,30305,30465.7,7545.874
7/6/2023 0:00,30488.4,30521,30375.1,30403.7,9003.414
7/5/2023 23:00,30430.3,30525.1,30381,30488.4,8523.798
7/5/2023 22:00,30458.9,30499.4,30382.8,30430.4,6080.103
7/5/2023 21:00,30450.2,30478.1,30408,30458.9,4932.707
7/5/2023 20:00,30420,30485.8,30369.6,30450.1,6721.953
7/5/2023 19:00,30493.3,30521.5,30410,30420,7672.17
7/5/2023 18:00,30507.7,30579.6,30420,30493.3,13133.867
7/5/2023 17:00,30447.2,30572,30432.2,30507.7,14720.442
7/5/2023 16:00,30345.1,30463.6,30321.2,30447.1,11640.632
7/5/2023 15:00,30406.3,30412.8,30222.7,30345,19665.73
7/5/2023 14:00,30350.5,30438.1,30316.6,30406.2,16163.441
7/5/2023 13:00,30309.9,30375,30175.8,30350.5,32335.97
7/5/2023 12:00,30395,30427.9,30240,30310,24937.424
7/5/2023 11:00,30421.1,30480,30326,30395,25136.664
7/5/2023 10:00,30668.9,30709,30364.3,30421,43750.046
7/5/2023 9:00,30752.2,30768.6,30663,30668.9,7555.832
7/5/2023 8:00,30765.9,30797.4,30637.5,30752.2,13920.441
7/5/2023 7:00,30800.4,30805.4,30753,30765.9,4575.311
7/5/2023 6:00,30804.4,30822.1,30742.9,30800.3,6142.455
7/5/2023 5:00,30825.1,30858.9,30780,30804.5,4570.184
7/5/2023 4:00,30857.3,30862.6,30805.2,30825.1,3954.058
7/5/2023 3:00,30831,30875.2,30815,30857.3,3839.533
7/5/2023 2:00,30785.3,30863.4,30778.5,30830.9,4500.357
7/5/2023 1:00,30751.5,30837,30741.2,30785.2,4630.986
7/5/2023 0:00,30756.1,30834.5,30737.8,30751.5,5792.474
7/4/2023 23:00,30808.8,30840,30750,30756.1,5284.341
7/4/2023 22:00,30790.4,30818.7,30756.4,30808.8,4122.796
7/4/2023 21:00,30787,30810,30742.1,30790.4,5323.431
7/4/2023 20:00,30685.2,30800,30655.7,30787,11420.128
7/4/2023 19:00,30896.6,30909.4,30600,30685.3,38957.34
7/4/2023 18:00,30890.5,30930,30823,30896.7,9735.705
7/4/2023 17:00,30946.8,30975.4,30856,30890.6,14395.779
7/4/2023 16:00,30959.3,31145,30775.1,30946.8,31063.309
7/4/2023 15:00,30963.1,31007,30869.1,30959.3,14356.882
7/4/2023 14:00,30989,31042.8,30936.5,30963.2,6993.386
7/4/2023 13:00,31031.9,31047.6,30959.9,30989,8189.637
7/4/2023 12:00,31056.4,31080,30999,31032,9176.52
7/4/2023 11:00,31017,31078.5,30985.9,31056.5,9674.223
7/4/2023 10:00,31003.8,31048.6,30920.5,31016.9,13340.11
7/4/2023 9:00,30916.6,31043.1,30856,31003.7,14518.759
7/4/2023 8:00,30902.2,30968.6,30889.5,30916.5,7615.538
7/4/2023 7:00,30990,31024.7,30888.6,30902.3,7671.461
7/4/2023 6:00,30958.9,31044,30860,30990,16409.109
7/4/2023 5:00,31043.6,31084,30940.4,30959,11943.68
7/4/2023 4:00,31189.8,31210.7,30984.5,31043.7,17448.529
7/4/2023 3:00,31251.2,31278.8,31170.2,31189.8,7953.144
7/4/2023 2:00,31277.1,31316.3,31182.6,31251.2,9529.164
7/4/2023 1:00,31102.7,31319.4,31096.4,31277.1,17665.42
7/4/2023 0:00,31149,31190.4,31083.6,31102.7,8043.869
7/3/2023 23:00,31112.7,31151,31072,31149,10534.859
7/3/2023 22:00,31044,31143.1,31040.1,31112.7,7846.285
7/3/2023 21:00,31113,31128.9,30875.2,31044.1,20107.453
7/3/2023 20:00,31254,31300.5,31100,31113.1,18232.653
7/3/2023 19:00,31201.4,31395.2,31120.6,31254.1,38354.911
7/3/2023 18:00,30997,31300,30987,31201.5,24291.667
7/3/2023 17:00,31035.7,31062.4,30902.6,30997,17020.111
7/3/2023 16:00,31068,31128,30810.2,31035.6,35995.884
7/3/2023 15:00,30729.8,31179,30729.8,31068,72244.923
7/3/2023 14:00,30643.9,30755,30639.5,30729.9,13320.366
7/3/2023 13:00,30648,30689,30604,30644,8317.824
7/3/2023 12:00,30619.7,30654.3,30559.4,30648,10508.037
7/3/2023 11:00,30637.5,30674.5,30612.1,30619.6,5297.901
7/3/2023 10:00,30605.6,30662.8,30577.5,30637.4,6073.977
7/3/2023 9:00,30638,30666.2,30600,30605.6,4084.345
7/3/2023 8:00,30662.9,30693.7,30600,30638,8661.979
7/3/2023 7:00,30642.2,30760,30630,30662.8,11168.178
7/3/2023 6:00,30663.9,30675.6,30601.7,30642.2,7292.824
7/3/2023 5:00,30676.4,30698.8,30653.9,30663.9,3532.085
7/3/2023 4:00,30748,30785.3,30656.4,30676.4,11696.354
7/3/2023 3:00,30746.7,30798.3,30738.7,30747.9,7409.255
7/3/2023 2:00,30660.3,30777,30659.2,30746.7,11214.669
7/3/2023 1:00,30630.8,30760.6,30624.6,30660.2,7960.863
7/3/2023 0:00,30612.7,30683.9,30575.3,30630.7,9125.833
7/2/2023 23:00,30646.7,30656,30545.5,30612.7,13562.059
7/2/2023 22:00,30555,30800,30425,30646.8,38960.985
7/2/2023 21:00,30579.6,30609.9,30536.8,30555,8505.033
7/2/2023 20:00,30552.7,30624,30517.2,30579.7,4571.992
7/2/2023 19:00,30519.9,30559.8,30510.6,30552.8,4365.842
7/2/2023 18:00,30434.3,30528.9,30358.3,30520,11899.702
7/2/2023 17:00,30558.4,30577.7,30410,30434.2,10631.224
7/2/2023 16:00,30491.4,30709.2,30470.4,30558.4,20334.33
7/2/2023 15:00,30586.5,30610,30149.9,30491.4,39156.132
7/2/2023 14:00,30510.1,30626.2,30480,30586.5,12874.201
7/2/2023 13:00,30518.7,30525.3,30482.8,30510.1,5067.986
7/2/2023 12:00,30537.2,30573.2,30488.4,30518.7,4718.086
7/2/2023 11:00,30505,30540,30501.5,30537.2,2548.178
7/2/2023 10:00,30513.5,30535.8,30503.1,30505.1,3498.004
7/2/2023 9:00,30477.2,30542.5,30477,30513.4,3195.563
7/2/2023 8:00,30504.7,30553.9,30477.1,30477.2,4314.068
7/2/2023 7:00,30475.7,30518.6,30473.9,30504.7,2746.202
7/2/2023 6:00,30473.2,30512.7,30462.1,30475.8,3845.882
7/2/2023 5:00,30525.1,30553.2,30470,30473.1,4516.532
7/2/2023 4:00,30505.3,30537,30471.4,30525.1,5442.532
7/2/2023 3:00,30535,30545.7,30467.4,30505.2,5548.348
7/2/2023 2:00,30559.6,30607.5,30458,30535,9034.718
7/2/2023 1:00,30568,30591.2,30543.2,30559.6,3935.081
7/2/2023 0:00,30573.6,30650,30537.1,30567.9,8593.508
7/1/2023 23:00,30569.2,30594.7,30550.2,30573.6,2041.121
7/1/2023 22:00,30574.7,30600.9,30534.3,30569.2,3380.29
7/1/2023 21:00,30577.8,30596.1,30558.1,30574.7,2034.895
7/1/2023 20:00,30600.5,30605.1,30567.1,30577.8,2078.168
7/1/2023 19:00,30599.9,30626,30584.1,30600.5,5161.883
7/1/2023 18:00,30562.5,30606,30557.6,30599.9,2630.616
7/1/2023 17:00,30564,30585.8,30539.7,30562.5,3422.961
7/1/2023 16:00,30561.5,30585.9,30533.8,30564,4876.455
7/1/2023 15:00,30598.8,30668.2,30530.6,30561.5,8156.755
7/1/2023 14:00,30549.9,30611.7,30520.5,30598.8,6270.714
7/1/2023 13:00,30552,30635.9,30523.8,30550,7922.508
7/1/2023 12:00,30508.5,30625.4,30490.8,30551.9,10538.99
7/1/2023 11:00,30455.7,30589.8,30455.7,30508.5,9933.567
7/1/2023 10:00,30431.2,30482.5,30416,30455.8,6517.868
7/1/2023 9:00,30429.8,30454.1,30420,30431.2,3296.213
7/1/2023 8:00,30448.1,30459.7,30405,30429.8,3947.466
7/1/2023 7:00,30441.4,30450.4,30395,30448.1,4886.939
7/1/2023 6:00,30415.3,30462.8,30387.6,30441.5,6672.144
7/1/2023 5:00,30381.3,30423.4,30381.3,30415.2,3181.5
7/1/2023 4:00,30391.2,30412.3,30311.3,30381.4,8790.926
7/1/2023 3:00,30408.4,30435.7,30362,30391.2,4845.068
7/1/2023 2:00,30433.3,30522,30380,30408.4,7545.346
7/1/2023 1:00,30459.1,30475.7,30367.4,30433.4,8597.761
7/1/2023 0:00,30460.2,30527.2,30405.6,30459.1,8790.092
6/30/2023 23:00,30468.6,30537.3,30443.8,30460.2,5479.407
6/30/2023 22:00,30472.8,30520,30450,30468.6,7329.775
6/30/2023 21:00,30391.3,30474.1,30324.4,30472.7,8643.268
6/30/2023 20:00,30360.2,30510.8,30355.8,30391.3,14126.37
6/30/2023 19:00,30349.7,30470.4,30317.2,30360.3,11775.891
6/30/2023 18:00,30442.8,30523.9,30275,30349.7,30650.157
6/30/2023 17:00,30381.6,30729.5,30362.7,30442.7,54620.633
6/30/2023 16:00,30052,30525,29908.3,30381.5,58164.558
6/30/2023 15:00,30078.6,30193.8,29980,30052,26180.597
6/30/2023 14:00,30118.1,30299.4,29921,30078.7,77946.638
6/30/2023 13:00,31000.1,31086.9,29500,30120,200925.009
6/30/2023 12:00,30897.7,31127.3,30880,31000.2,41656.94
6/30/2023 11:00,30800.8,30940,30760,30897.7,11991.726
6/30/2023 10:00,30758.3,30864.6,30740,30800.8,9687.802
6/30/2023 9:00,30841.6,30844.6,30735,30758.4,14055.693
6/30/2023 8:00,30759.2,30899,30709.9,30841.6,16855.881
6/30/2023 7:00,30663.2,30830.8,30650,30759.1,17341.425
6/30/2023 6:00,30731.6,30758,30604,30663.1,17568.564
6/30/2023 5:00,30868.4,30978.2,30631.5,30731.5,42066.075
6/30/2023 4:00,30734.4,31300,30680.9,30868.4,67795.172
6/30/2023 3:00,30648,30876.4,30593.8,30734.3,29574.562
6/30/2023 2:00,30374.6,30760.2,30362.6,30648,27867.089
6/30/2023 1:00,30431,30431,30337.4,30374.5,8328.654
6/30/2023 0:00,30439.9,30500,30385,30431.3,8699.419
6/29/2023 23:00,30402.5,30523.5,30380,30439.9,6334.205
6/29/2023 22:00,30412.4,30456.4,30383.2,30402.5,4041.85
6/29/2023 21:00,30386.4,30444.8,30359.8,30412.4,6417.27
6/29/2023 20:00,30571.5,30630,30222,30386.4,26783.124
6/29/2023 19:00,30552.5,30600,30485.1,30571.5,7429.653
6/29/2023 18:00,30535,30614.8,30490,30552.6,7095.873
6/29/2023 17:00,30491.7,30661.9,30405.6,30535.1,28761.929
6/29/2023 16:00,30468.2,30575,30464.1,30491.7,11085.694
6/29/2023 15:00,30434,30537.6,30400.8,30468.3,14310.231
6/29/2023 14:00,30553,30647.5,30380,30434.5,31738.889
6/29/2023 13:00,30613.8,30837,30429,30553,48788.938
6/29/2023 12:00,30660.7,30705,30588,30613.8,18929.898
6/29/2023 11:00,30688.7,30715,30555.6,30660.6,24392.332
6/29/2023 10:00,30419.6,30744.4,30385.6,30688.8,48223.973
6/29/2023 9:00,30376.5,30469.9,30341.6,30419.7,12664.013
6/29/2023 8:00,30333.9,30440,30320.3,30376.4,12943.039
6/29/2023 7:00,30221.5,30420,30203.9,30333.9,20464.623
6/29/2023 6:00,30171.5,30233.8,30165,30221.6,4690.155
6/29/2023 5:00,30208.6,30254.5,30168,30171.4,6858.078
6/29/2023 4:00,30162.3,30215,30125.4,30208.6,5912.855
6/29/2023 3:00,30109,30183.9,30084.6,30162.3,5641.591
6/29/2023 2:00,30154.5,30200,30085,30109,6599.441
6/29/2023 1:00,30070.2,30234.8,30047.8,30154.5,11500.653
6/29/2023 0:00,30066.3,30166.4,30036.1,30070.3,10464.539
6/28/2023 23:00,30090.6,30174,30040.3,30066.3,6760.84
6/28/2023 22:00,30121.9,30176.3,30065.9,30090.6,6522.544
6/28/2023 21:00,30090.9,30209.6,30012.5,30121.9,9724.867
6/28/2023 20:00,30080.5,30135.9,29929.2,30091,17280.434
6/28/2023 19:00,30183,30243,29804.6,30080.4,41311.87
6/28/2023 18:00,30137.8,30245.2,30127.2,30183,10637.688
6/28/2023 17:00,30242.4,30276,30033.8,30137.8,30661.613
6/28/2023 16:00,30399.8,30457,30235.9,30242.4,19111.52
6/28/2023 15:00,30304.8,30439.9,30270,30399.8,18798.786
6/28/2023 14:00,30193.5,30485,30131.6,30304.8,35683.579
6/28/2023 13:00,30091.6,30199.8,29992.5,30193.4,30597.648
6/28/2023 12:00,30294.4,30365,30020.1,30091.6,40117.917
6/28/2023 11:00,30324.7,30377,30292.3,30294.3,8831.3
6/28/2023 10:00,30290.7,30333,30262.5,30324.8,7407.299
6/28/2023 9:00,30264.2,30320,30222,30290.7,10289.38
6/28/2023 8:00,30176,30269.8,30126.6,30264.2,16462.352
6/28/2023 7:00,30358,30382.4,30127,30176,32186.055
6/28/2023 6:00,30436.9,30442.7,30321,30358,8806.394
6/28/2023 5:00,30466.7,30466.7,30360,30436.9,5966.784
6/28/2023 4:00,30441.8,30479.5,30378,30466.6,6886.037
6/28/2023 3:00,30404.2,30461.3,30380.4,30441.8,6878.104
6/28/2023 2:00,30492.8,30535,30306.4,30404.2,15167.656
6/28/2023 1:00,30600.7,30660.9,30460.1,30492.7,11171.539
6/28/2023 0:00,30683.2,30701.8,30450,30600.7,19394.228
6/27/2023 23:00,30569.8,30720,30555,30683.2,7492.872
6/27/2023 22:00,30716.6,30736,30559.4,30569.8,8700.872
6/27/2023 21:00,30636.4,30738.8,30564,30716.7,14050.691
6/27/2023 20:00,30638.4,30708.2,30533.1,30636.5,11763.73
6/27/2023 19:00,30677.4,30725.9,30630.6,30638.4,7550.779
6/27/2023 18:00,30719.2,30728.9,30611.2,30677.4,7872.767
6/27/2023 17:00,30695.4,30762.4,30602.8,30719.1,14186.756
6/27/2023 16:00,30487.4,30742.8,30435.9,30695.5,27852.505
6/27/2023 15:00,30795.5,30809.5,30351,30487.4,40202.173
6/27/2023 14:00,30599.9,30998.5,30572,30795.5,68952.005
6/27/2023 13:00,30703.2,30710.3,30506,30600,19673.928
6/27/2023 12:00,30720.1,30755.6,30621,30703.1,18262.756
6/27/2023 11:00,30650.1,30800,30526.5,30720.1,23223.549
6/27/2023 10:00,30370.6,30699,30368,30650.1,45153.826
6/27/2023 9:00,30387.2,30396.8,30322.2,30370.5,5617.554
6/27/2023 8:00,30404.5,30442.3,30345.6,30387.1,7858.454
6/27/2023 7:00,30309,30470,30296.2,30404.5,13835.992
6/27/2023 6:00,30313,30317.1,30222.5,30309.1,6304.811
6/27/2023 5:00,30335.9,30353.4,30238.3,30313,10526.545
6/27/2023 4:00,30360,30374.9,30331,30335.9,5833.694
6/27/2023 3:00,30473.2,30485.8,30349.9,30360,9811.052
6/27/2023 2:00,30363.2,30488,30340.5,30473.3,11483.365
6/27/2023 1:00,30341.9,30383.7,30260,30363.3,7548.341
6/27/2023 0:00,30260.1,30371.9,30213,30341.8,12314.331
6/26/2023 23:00,30220.9,30278.4,30187,30260.1,5665.315
6/26/2023 22:00,30146.2,30254.9,30086.1,30220.9,7897.619
6/26/2023 21:00,30150.1,30215.4,30105,30146.1,6611.953
6/26/2023 20:00,30233.9,30283.8,30127.4,30150.1,8433.146
6/26/2023 19:00,30201.6,30298.9,30052.2,30233.9,16578.861
6/26/2023 18:00,30068.5,30234,30025,30201.6,16914.335
6/26/2023 17:00,30091.8,30162.4,29890.1,30068.5,31663.52
6/26/2023 16:00,30400.7,30425.7,29961.1,30091.9,41618.903
6/26/2023 15:00,30383.9,30454.3,30312.4,30400.5,13104.546
6/26/2023 14:00,30631.2,30667.3,30243.2,30384,35797.054
6/26/2023 13:00,30347.7,30664.3,30341.4,30631.2,25749.398
6/26/2023 12:00,30315.1,30389.9,30241.3,30347.6,11389.679
6/26/2023 11:00,30259.9,30339.3,30243.9,30315.1,7919.937
6/26/2023 10:00,30257.2,30277.4,30115.1,30260,16964.114
6/26/2023 9:00,30395,30414.4,30226,30257.2,10642.413
6/26/2023 8:00,30395.5,30420.6,30312,30395,10435.067
6/26/2023 7:00,30474.8,30580,30269.1,30395.6,30096.419
6/26/2023 6:00,30208.1,30484.2,30185.3,30474.8,15422.226
6/26/2023 5:00,30235.7,30267.3,30153.6,30208.1,7591.332
6/26/2023 4:00,30284.9,30312.1,30200.1,30235.7,7302.353
6/26/2023 3:00,30212,30326.4,30168.2,30285,7956.389
6/26/2023 2:00,30165.9,30233.6,30101,30212,10727.634
6/26/2023 1:00,30378.9,30394.9,29920,30166,54631.239
6/26/2023 0:00,30458,30542.4,30375.2,30378.9,13985.904
6/25/2023 23:00,30490.5,30496.2,30421,30458,6496.502
6/25/2023 22:00,30447.9,30564,30378.1,30490.4,10334.26
6/25/2023 21:00,30362.8,30482.3,30349.1,30448,6386.853
6/25/2023 20:00,30420,30527.4,30252.6,30362.8,15490.026
6/25/2023 19:00,30449.3,30449.4,30311,30420,9127.652
6/25/2023 18:00,30522.5,30522.5,30326.9,30449.3,21537.654
6/25/2023 17:00,30584.3,30606.5,30469.8,30522.6,7101.511
6/25/2023 16:00,30574.1,30649.6,30481.6,30584.3,11711.454
6/25/2023 15:00,30540.2,30633.2,30425,30574.1,19900.765
6/25/2023 14:00,30669.2,30728.2,30512.4,30540.3,15716.967
6/25/2023 13:00,30664.1,30682.8,30502.4,30669.2,17456.321
6/25/2023 12:00,30710,30732.9,30629.4,30664,7848.281
6/25/2023 11:00,30609.4,30718.9,30576.6,30710,7919.549
6/25/2023 10:00,30674.1,30685.4,30565.2,30609.4,9559.428
6/25/2023 9:00,30727.9,30729.7,30570.4,30674.1,11403.288
6/25/2023 8:00,30714,30754.2,30656.8,30727.8,7960.032
6/25/2023 7:00,30863.6,30870.5,30652.8,30714,14061.798
6/25/2023 6:00,30850.4,30991.3,30741.6,30863.7,19798.099
6/25/2023 5:00,30880.1,30935,30820.7,30850.3,10958.573
6/25/2023 4:00,30742,31053.2,30742,30880.1,34448.303
6/25/2023 3:00,30611.7,30780,30610.4,30742,11772.217
6/25/2023 2:00,30591.1,30687.4,30584.5,30611.8,8453.301
6/25/2023 1:00,30509,30625,30456.9,30591.1,8678.865
6/25/2023 0:00,30524.2,30581.4,30458.5,30509,7411.455
6/24/2023 23:00,30507.6,30566.5,30482.7,30524.2,5958.031
6/24/2023 22:00,30499.3,30540,30470.8,30507.6,5601.468
6/24/2023 21:00,30503.9,30571.1,30395,30499.4,11731.306
6/24/2023 20:00,30622.2,30622.3,30464,30503.9,8043.183
6/24/2023 19:00,30633.9,30671.6,30589.4,30622.2,6635.005
6/24/2023 18:00,30572.3,30688.9,30556.8,30633.8,9722.067
6/24/2023 17:00,30503.9,30644.8,30492.1,30572.3,16431.386
6/24/2023 16:00,30390.8,30508.1,30222,30504,25902.91
6/24/2023 15:00,30680.1,30691.2,30262,30390.9,37463.67
6/24/2023 14:00,30631.1,30706.5,30589,30680.2,7960.027
6/24/2023 13:00,30685,30714.3,30563.5,30631.2,13101.008
6/24/2023 12:00,30674.8,30796.5,30641.5,30685,13784.393
6/24/2023 11:00,30730,30730.1,30648.2,30674.9,5873.823
6/24/2023 10:00,30616,30739.6,30594.9,30730,11378.219
6/24/2023 9:00,30600,30635,30565.1,30616,5409.481
6/24/2023 8:00,30563.3,30645.3,30542.4,30600,8082.641
6/24/2023 7:00,30690.2,30690.2,30550,30563.4,10693.774
6/24/2023 6:00,30717.3,30719,30615.2,30690.1,6858.838
6/24/2023 5:00,30693.7,30750,30666.1,30717.3,4546.805
6/24/2023 4:00,30719.5,30748.4,30644.8,30693.7,7038.163
6/24/2023 3:00,30743,30765.9,30691,30719.5,7311.665
6/24/2023 2:00,30596.6,30790,30569.3,30743,17756.181
6/24/2023 1:00,30481.6,30622,30388.6,30596.6,16221.718
6/24/2023 0:00,30673.5,30689.5,30450,30481.6,16033.526
6/23/2023 23:00,30632,30682,30500.7,30673.4,12369.935
6/23/2023 22:00,30649.6,30660.7,30441.1,30631.9,21264.145
6/23/2023 21:00,30892.5,30915.7,30520,30649.6,19647.623
6/23/2023 20:00,30873.7,30943.4,30775.5,30892.5,13683.386
6/23/2023 19:00,30935.7,30944.3,30601,30873.7,34585.169
6/23/2023 18:00,31232.7,31268,30869,30935.7,34127.312
6/23/2023 17:00,31090.3,31290.9,30990,31232.7,45083.89
6/23/2023 16:00,31232.9,31440.5,30655.1,31090.4,115153.41
6/23/2023 15:00,30275,31500,30238.6,31232.9,182867.071
6/23/2023 14:00,30063.3,30349.9,29995,30274.9,35956.238
6/23/2023 13:00,30090.2,30175,29901.1,30063.3,25640.009
6/23/2023 12:00,30125.2,30233.9,29980,30090.3,25307.919
6/23/2023 11:00,30069.3,30143.6,30023.4,30125.3,10142.564
6/23/2023 10:00,30138.2,30195.7,29919.8,30069.3,24400.042
6/23/2023 9:00,29992,30173.3,29950.1,30138.1,14022.005
6/23/2023 8:00,29926.9,30034.7,29899.9,29992,9243.491
6/23/2023 7:00,30006.3,30006.3,29910,29927,9408.348
6/23/2023 6:00,30035.3,30060,29959.5,30006.3,6119.317
6/23/2023 5:00,29993.9,30068.3,29973.1,30035.3,5323.878
6/23/2023 4:00,30002.4,30079.9,29981.5,29994,8676.139
6/23/2023 3:00,29980.5,30021.7,29965.4,30002.4,6431.79
6/23/2023 2:00,29924,29980.5,29792,29980.5,14486.892
6/23/2023 1:00,30000.5,30040,29915.1,29923.9,8179.55
6/23/2023 0:00,29875,30049,29865,30000.5,16952.948
6/22/2023 23:00,29917.6,29988.4,29875,29875,8520.027
6/22/2023 22:00,30041.8,30073.9,29858.4,29917.6,12753.105
6/22/2023 21:00,30143.1,30162.3,29950.1,30041.9,10612.3
6/22/2023 20:00,30208.7,30260,30070,30143.1,13572.359
6/22/2023 19:00,30131.2,30236,30035.7,30208.8,15270.293
6/22/2023 18:00,30140.7,30155,29953.2,30131.3,18301.781
6/22/2023 17:00,29957.7,30185.4,29872.4,30140.7,22862.305
6/22/2023 16:00,29837.3,30170.2,29811.9,29957.8,44639.03
6/22/2023 15:00,29735.4,29950,29652,29837.3,43898.156
6/22/2023 14:00,30226.9,30288.8,29500.1,29735.4,77819.355
6/22/2023 13:00,30099.1,30353.9,30086.3,30226.8,36433.352
6/22/2023 12:00,29919.4,30126,29907.1,30099.2,19392.491
6/22/2023 11:00,30167.3,30173.8,29800,29919.3,55537.684
6/22/2023 10:00,30129.5,30244.5,30082.9,30167.3,15017.781
6/22/2023 9:00,30091.4,30174.7,30046,30129.4,11597.594
6/22/2023 8:00,30094.5,30147.3,30028.2,30091.4,10556.379
6/22/2023 7:00,30120.1,30179.9,30000,30094.5,16230.139
6/22/2023 6:00,30277.3,30286.1,30021,30120,22799.178
6/22/2023 5:00,30338.1,30338.1,30221.8,30277.2,9044.677
6/22/2023 4:00,30283.7,30341.5,30180.6,30338.1,11795.999
6/22/2023 3:00,30455.1,30479.2,30226,30283.7,16157.492
6/22/2023 2:00,30149.3,30488,30071.9,30455.1,28252.862
6/22/2023 1:00,30131.4,30209.9,30050.1,30149.2,12494.3
6/22/2023 0:00,29988.5,30242.1,29880,30131.5,27493.103
6/21/2023 23:00,30103.2,30195.8,29967.2,29988.5,19478.3
6/21/2023 22:00,29876.4,30145.9,29851.5,30103.2,19831.541
6/21/2023 21:00,29977.7,30030.7,29766,29876.3,21272.23
6/21/2023 20:00,30105.6,30147.3,29845.2,29977.7,21402.755
6/21/2023 19:00,30124.8,30177.5,29885.2,30105.5,27546.391
6/21/2023 18:00,30076,30294.4,30000.6,30124.7,38982.648
6/21/2023 17:00,30163.1,30349.9,29840.4,30075.9,99985.87
6/21/2023 16:00,29836.9,30822,29745.5,30163.1,198727.019
6/21/2023 15:00,29520.7,30018.3,29460,29837,124100.124
6/21/2023 14:00,29296.6,29589.8,29050,29520.7,96128.188
6/21/2023 13:00,28875.8,29407.2,28858.2,29296.7,63412.837
6/21/2023 12:00,28913.5,29148.9,28868,28875.9,38731.869
6/21/2023 11:00,28821.7,29029.5,28783,28913.5,24470.99
6/21/2023 10:00,28907.3,29223.6,28802,28821.8,54274.49
6/21/2023 9:00,28814.1,28957.5,28809.1,28907.3,14948.771
6/21/2023 8:00,28860.4,28910.2,28783.2,28814.1,14766.88
6/21/2023 7:00,28846.9,28910,28809.1,28860.4,11548.757
6/21/2023 6:00,28969.5,29000,28763.7,28846.9,23658.909
6/21/2023 5:00,28775.3,28986.9,28760.4,28969.6,23392.684
6/21/2023 4:00,28704.6,28808.2,28668.5,28775.4,17006.008
6/21/2023 3:00,28778.9,28798.4,28666.4,28704.6,16328.449
6/21/2023 2:00,28776.6,28886.6,28743,28779,20952.222
6/21/2023 1:00,28399.7,29086.6,28380.2,28776.5,86885.548
6/21/2023 0:00,28290.7,28500,28236.4,28399.7,45640.947
6/20/2023 23:00,28201.3,28397.8,28139.1,28290.6,29355.774
6/20/2023 22:00,28121.3,28261.9,28090.1,28201.3,16197.274
6/20/2023 21:00,28147.2,28300,28060.9,28121.2,31083.335
6/20/2023 20:00,27973.7,28250,27855.6,28147.3,47667.017
6/20/2023 19:00,28058.1,28105.5,27768,27973.8,53960.8
6/20/2023 18:00,27784,28145,27765.1,28058.2,78190.171
6/20/2023 17:00,27363.2,28000,27324.1,27784,117378.121
6/20/2023 16:00,27054.3,27383.7,26983.3,27363.3,90543.508
6/20/2023 15:00,26763.8,27125.5,26726.1,27054.2,37574.128
6/20/2023 14:00,26795.4,26833.5,26633.9,26763.8,30712.462
6/20/2023 13:00,26839.7,26938,26765,26795.4,19524.827
6/20/2023 12:00,26895.2,26969.9,26816.1,26839.8,26576.493
6/20/2023 11:00,26761.2,26898.6,26737,26895.2,12237.802
6/20/2023 10:00,26766,26824.3,26733.2,26761.1,7862.035
6/20/2023 9:00,26743.8,26807,26688.2,26766.1,10883.184
6/20/2023 8:00,26820.5,26827.2,26720.5,26743.7,10645.631
6/20/2023 7:00,26771.7,26830,26742.5,26820.4,7859.499
6/20/2023 6:00,26805.5,26830.5,26733.6,26771.7,17965.512
6/20/2023 5:00,26951.4,27024.2,26777,26805.5,24973.162
6/20/2023 4:00,26880.7,26958.4,26880.7,26951.3,7499.395
6/20/2023 3:00,26899.9,26960,26873.5,26880.7,7825.965
6/20/2023 2:00,26892.6,26934.7,26860,26899.9,10220.558
6/20/2023 1:00,26971.4,27177.3,26866.4,26892.7,37806.329
6/20/2023 0:00,26828.6,27041.7,26782.6,26971.4,23633.315
6/19/2023 23:00,26743.5,26844,26702,26828.5,7857.195
6/19/2023 22:00,26758.6,26823,26722.6,26743.5,9269.705
6/19/2023 21:00,26711.6,26761.2,26638.9,26758.5,10173.989
6/19/2023 20:00,26672.8,26852.8,26663.4,26711.5,30695.405
6/19/2023 19:00,26483.9,26695,26353,26672.8,40600.314
6/19/2023 18:00,26655.1,27077,26464,26483.8,98860.08
6/19/2023 17:00,26489.7,26700,26470.6,26655,37346.973
6/19/2023 16:00,26431.1,26530,26290.3,26489.7,23412.55
6/19/2023 15:00,26413.7,26447.1,26328,26431.1,12467.838
6/19/2023 14:00,26520.8,26529.8,26371,26413.6,18877.716
6/19/2023 13:00,26521.4,26569.7,26487.5,26520.7,12083.644
6/19/2023 12:00,26438.5,26569.7,26415.3,26521.4,22118.963
6/19/2023 11:00,26365.7,26439.5,26355,26438.6,7649.823
6/19/2023 10:00,26386.1,26422.4,26362,26365.7,5173.24
6/19/2023 9:00,26406.1,26423.3,26350.2,26386.2,5847.215
6/19/2023 8:00,26415.2,26448.7,26376,26406.1,6326.224
6/19/2023 7:00,26418,26430.3,26374.2,26415.3,4646.111
6/19/2023 6:00,26449.8,26468.5,26392.2,26418.1,4911.375
6/19/2023 5:00,26418,26459.9,26409.6,26449.8,4488.068
6/19/2023 4:00,26393.4,26428.2,26354.8,26418.1,5526.546
6/19/2023 3:00,26435.9,26445.8,26370,26393.5,4901.052
6/19/2023 2:00,26429,26459,26410,26436,5819.15
6/19/2023 1:00,26356.1,26442.8,26338.2,26429,8203.004
6/19/2023 0:00,26329.6,26393.4,26241.2,26356.1,13277.578
6/18/2023 23:00,26390.4,26456.1,26230.9,26329.7,28331.174
6/18/2023 22:00,26403.3,26451.5,26358.3,26390.3,8837.285
6/18/2023 21:00,26461.8,26479.2,26376.3,26403.2,8269.663
6/18/2023 20:00,26641.6,26709.4,26342.8,26461.8,35465.3
6/18/2023 19:00,26611.3,26647,26585.8,26641.6,5068.496
6/18/2023 18:00,26619.8,26633.1,26568,26611.2,4367.92
6/18/2023 17:00,26609.8,26649.6,26550.1,26619.8,8636.408
6/18/2023 16:00,26547.5,26641.6,26511.2,26609.9,14445.59
6/18/2023 15:00,26541.4,26557.9,26513.7,26547.5,4835.549
6/18/2023 14:00,26477.1,26564.3,26441,26541.4,9957.59
6/18/2023 13:00,26521.8,26542.5,26467.2,26477,6348.79
6/18/2023 12:00,26488.5,26566,26425.8,26521.8,12082.721
6/18/2023 11:00,26497.9,26499.9,26462.7,26488.5,3237.041
6/18/2023 10:00,26515.6,26524,26460.8,26497.9,6242.37
6/18/2023 9:00,26488.6,26530,26443.5,26515.6,8388.317
6/18/2023 8:00,26572,26587.9,26482.9,26488.7,9725.728
6/18/2023 7:00,26531.8,26675.1,26531.7,26572,13516.524
6/18/2023 6:00,26524.4,26578.2,26457.2,26531.8,7708.752
6/18/2023 5:00,26527.2,26642.2,26520,26524.3,14322.047
6/18/2023 4:00,26538.4,26553.5,26481.7,26527.3,5157.394
6/18/2023 3:00,26467.3,26540.8,26462,26538.4,4825.078
6/18/2023 2:00,26483,26510,26447,26467.4,4113.83
6/18/2023 1:00,26444.6,26488.8,26417.3,26483,5071.468
6/18/2023 0:00,26508.8,26530,26367.8,26444.5,13022.449
6/17/2023 23:00,26555.5,26564.1,26482.8,26508.9,4900.099
6/17/2023 22:00,26510.1,26590,26510,26555.5,6442.685
6/17/2023 21:00,26531.4,26537.6,26466.1,26510.1,3648.002
6/17/2023 20:00,26466.1,26547.2,26452.2,26531.5,6659.71
6/17/2023 19:00,26509.7,26513.4,26450.1,26466.2,5341.177
6/17/2023 18:00,26411.1,26528.4,26399,26509.7,8512.738
6/17/2023 17:00,26461.3,26481,26390,26411.1,6645.591
6/17/2023 16:00,26399.9,26494.6,26364.3,26461.3,11269.236
6/17/2023 15:00,26485.6,26533,26288.5,26399.9,30160.185
6/17/2023 14:00,26540,26548.9,26450.9,26485.6,9107.002
6/17/2023 13:00,26511.3,26571.3,26492.8,26540,6223.617
6/17/2023 12:00,26497.5,26579.1,26394,26511.3,19076.041
6/17/2023 11:00,26579.4,26598,26455,26497.5,16437.812
6/17/2023 10:00,26582,26635.6,26570,26579.4,6982.22
6/17/2023 9:00,26590.6,26631.9,26552.2,26582,7545.509
6/17/2023 8:00,26587.7,26649,26554,26590.6,12187.453
6/17/2023 7:00,26654.6,26666,26552,26587.6,17088.425
6/17/2023 6:00,26679.6,26780.7,26640.1,26654.6,26460.342
6/17/2023 5:00,26348.1,26900,26329.4,26679.4,54608.385
6/17/2023 4:00,26253.4,26358.8,26230,26348,9781.112
6/17/2023 3:00,26263.6,26280,26230.1,26253.4,4919.837
6/17/2023 2:00,26189.5,26282,26170.8,26263.6,10433.518
6/17/2023 1:00,26302,26327.4,26177.3,26189.4,12693.16
6/17/2023 0:00,26335.9,26362.2,26302,26302.1,8614.54
6/16/2023 23:00,26356,26376.6,26322.1,26336,5537.526
6/16/2023 22:00,26290,26377.8,26290,26356,7053.228
6/16/2023 21:00,26398,26408.7,26273.7,26290,11159.22
6/16/2023 20:00,26371.1,26450,26323.2,26397.9,13910.947
6/16/2023 19:00,26352,26407.2,26275.8,26371.2,18254.797
6/16/2023 18:00,26304.5,26526.9,26263.2,26352,67732.297
6/16/2023 17:00,25950.1,26323,25937.9,26304.6,79989.743
6/16/2023 16:00,25832.4,25989,25756,25950.2,50960.74
6/16/2023 15:00,25602.1,25896,25540.8,25832.4,60874.023
6/16/2023 14:00,25482.4,25720,25142.1,25602.2,60083.839
6/16/2023 13:00,25555.4,25622.7,25473,25482.4,17653.3
6/16/2023 12:00,25462.9,25580,25457.4,25555.3,13226.755
6/16/2023 11:00,25553,25559.3,25453,25462.8,19879.696
6/16/2023 10:00,25581.6,25594.9,25542,25553,6430.882
6/16/2023 9:00,25534.1,25610,25531.2,25581.6,7785.818
6/16/2023 8:00,25526.1,25610,25526,25534,9103.746
6/16/2023 7:00,25564.4,25611.3,25522.8,25526.1,8369.007
6/16/2023 6:00,25541.2,25616,25523.3,25564.4,9657.34
6/16/2023 5:00,25515,25566.4,25461,25541.2,11719.507
6/16/2023 4:00,25545.7,25620,25508.8,25515,10712.64
6/16/2023 3:00,25538.3,25596,25515.7,25545.7,7549.247
6/16/2023 2:00,25503.1,25545,25470.3,25538.3,6871.944
6/16/2023 1:00,25482.7,25568,25438.5,25503,9407.538
6/16/2023 0:00,25586,25589.1,25420.1,25482.7,19221.176
6/15/2023 23:00,25615.6,25625.7,25545,25586.1,9346.881
6/15/2023 22:00,25558,25644,25533.6,25615.5,15341.3
6/15/2023 21:00,25556.7,25750,25500,25558,44979.122
6/15/2023 20:00,25443.1,25600,25205,25556.7,43486.763
6/15/2023 19:00,25383.4,25516.4,25334.4,25443,44062.715
6/15/2023 18:00,25135,25386,25081.1,25383.3,39381.621
6/15/2023 17:00,24991.1,25161.7,24954.2,25135,18903.704
6/15/2023 16:00,24948.4,25009,24918.2,24991.1,10507.914
6/15/2023 15:00,25004.4,25026.8,24940.1,24948.4,12395.661
6/15/2023 14:00,25044.9,25070,24977,25004.4,13452.615
6/15/2023 13:00,24944.4,25100,24925.8,25045,27414.577
6/15/2023 12:00,25007,25028.1,24910.9,24944.5,17027.87
6/15/2023 11:00,24911.6,25042.5,24777,25007,29536.702
6/15/2023 10:00,24936,24967.7,24857.5,24911.5,12852.884
6/15/2023 9:00,24958.1,24996.2,24890.1,24936,13300.094
6/15/2023 8:00,24974.6,25036.9,24941.7,24958.1,12947.108
6/15/2023 7:00,24917.4,24996.4,24856,24974.6,19307.676
6/15/2023 6:00,25019.1,25063.4,24889.5,24917.5,18820.235
6/15/2023 5:00,25015.9,25044.5,24915.9,25019,16722.168
6/15/2023 4:00,25054.8,25054.8,24964,25015.9,12424.377
6/15/2023 3:00,25071.7,25085.7,25040,25054.8,5395.848
6/15/2023 2:00,25053.7,25124.7,25038.8,25071.8,7401.885
6/15/2023 1:00,25193.5,25195.2,25015.2,25053.7,14944.732
6/15/2023 0:00,25115.9,25198.8,25071,25193.5,14016.923
6/14/2023 23:00,25020.1,25128,24954.1,25115.9,14173.75
6/14/2023 22:00,25104.8,25106.1,24930,25020,21558.723
6/14/2023 21:00,24920.1,25179.1,24800,25104.8,44538.774
6/14/2023 20:00,25860.5,25872.9,24796.8,24920.1,145479.758
6/14/2023 19:00,25905,25970.4,25820.1,25860.5,17381.713
6/14/2023 18:00,26018,26099.3,25750,25905.1,63267.873
6/14/2023 17:00,25955.9,26040,25870,26017.9,19086.527
6/14/2023 16:00,25976.4,26007,25950,25955.8,5267.584
6/14/2023 15:00,25990.2,26013.5,25932.9,25976.4,7049.496
6/14/2023 14:00,25981.5,26022.2,25956.3,25990.2,8129.182
6/14/2023 13:00,26006.9,26017.9,25915.6,25981.5,12808.509
6/14/2023 12:00,25967.3,26077,25947.4,26006.8,13593.596
6/14/2023 11:00,25945.2,26022,25935.5,25967.2,8217.381
6/14/2023 10:00,25972.1,25977.3,25921.5,25945.1,5860.095
6/14/2023 9:00,25916.3,25983.1,25898,25972.1,8086.906
6/14/2023 8:00,25884.1,25937.5,25872.5,25916.3,6796.331
6/14/2023 7:00,25879.1,25911.1,25860,25884.1,7089.961
6/14/2023 6:00,25833.2,25916.5,25825.1,25879.1,6620.639
6/14/2023 5:00,25965.5,25975.3,25820,25833.2,11550.711
6/14/2023 4:00,25970.7,25996.4,25952.1,25965.5,4855.065
6/14/2023 3:00,26015,26022.6,25952.8,25970.7,6405.135
6/14/2023 2:00,26034.9,26045.8,26000,26015,5160.46
6/14/2023 1:00,25978.1,26041.8,25942.8,26034.9,8837.597
6/14/2023 0:00,25918,26021.5,25897.6,25978.2,12865.836
6/13/2023 23:00,25829.1,25924.6,25827.9,25918,6851.29
6/13/2023 22:00,25833.3,25851.1,25790.6,25829,4602.311
6/13/2023 21:00,25835.8,25872.9,25802,25833.2,5313.463
6/13/2023 20:00,25891.2,25949.7,25808.1,25835.9,11851.804
6/13/2023 19:00,25875.1,25921.1,25855.4,25891.2,5776.35
6/13/2023 18:00,25812.1,25973,25788.7,25875.2,16056.07
6/13/2023 17:00,25850.8,25887.6,25768.1,25812.1,9943.98
6/13/2023 16:00,25750.9,25880,25727,25850.9,17444.061
6/13/2023 15:00,25975.7,25975.9,25708,25750.9,43373.902
6/13/2023 14:00,26025.3,26043.9,25900,25975.7,25482.064
6/13/2023 13:00,26070.6,26136.8,25989.6,26025.4,27233.002
6/13/2023 12:00,26178.1,26430.5,25888,26070.6,88923.628
6/13/2023 11:00,26144.4,26200,26076.5,26178.1,18913.988
6/13/2023 10:00,26138.1,26160.9,26098.2,26144.5,6745.885
6/13/2023 9:00,26167.7,26197.3,26090.5,26138.1,13661.195
6/13/2023 8:00,26060.3,26284.7,26044.9,26167.8,27877.529
6/13/2023 7:00,26068.2,26103.5,26055.5,26060.2,6285.507
6/13/2023 6:00,26065.8,26125,26041.2,26068.3,7349.872
6/13/2023 5:00,26042.9,26109.5,26016.8,26065.8,9575.423
6/13/2023 4:00,26054.7,26062.1,25963.7,26042.9,10884.398
6/13/2023 3:00,26115.4,26134,26030.4,26054.6,13879.089
6/13/2023 2:00,25955.7,26155.5,25927.6,26115.4,21834.632
6/13/2023 1:00,25858.4,26049.5,25806,25955.7,16245.532
6/13/2023 0:00,25894.8,26026,25807.4,25858.4,18431.779
6/12/2023 23:00,25921.4,25927.8,25852.9,25894.8,4880.25
6/12/2023 22:00,25918.7,25961,25878,25921.4,7156.29
6/12/2023 21:00,25886,25933.3,25867.9,25918.6,7110.36
6/12/2023 20:00,25816.7,25886,25795.1,25886,6039.529
6/12/2023 19:00,25838,25842.8,25750.1,25816.8,6444.775
6/12/2023 18:00,25797.4,25856.2,25741.7,25838,8879.715
6/12/2023 17:00,25814,25962.5,25640,25797.5,33546.009
6/12/2023 16:00,25809.3,25894,25774.4,25814.1,11538.351
6/12/2023 15:00,25837.4,25856.4,25753.6,25809.3,11200.354
6/12/2023 14:00,25790.5,25866.9,25722,25837.4,17810.452
6/12/2023 13:00,25920.1,25921.2,25773.1,25790.5,17071.587
6/12/2023 12:00,25975.7,25983.2,25882.7,25920.1,9200.346
6/12/2023 11:00,25950.9,26018.1,25923.5,25975.7,8226.692
6/12/2023 10:00,25951.9,26050,25930.3,25950.9,12864.452
6/12/2023 9:00,25927,26097.7,25904,25952,26088.064
6/12/2023 8:00,25793.2,25945,25768.8,25927.1,13386.462
6/12/2023 7:00,25832.2,25851.9,25761.3,25793.3,6778.669
6/12/2023 6:00,25757.5,25896,25729.9,25832.1,10347.155
6/12/2023 5:00,25804.8,25811.5,25745.5,25757.5,4769.158
6/12/2023 4:00,25779.6,25810.3,25742.9,25804.7,8466.02
6/12/2023 3:00,25762.5,25838.8,25743.1,25779.6,8956.359
6/12/2023 2:00,25925.1,25951,25600,25762.4,32042.144
6/12/2023 1:00,25955.3,25991.4,25880.4,25925.1,10346.589
6/12/2023 0:00,25910,26025.1,25844.3,25955.3,15750.686
6/11/2023 23:00,25883.8,25928.1,25806,25909.9,11768.369
6/11/2023 22:00,26034,26059.3,25726.2,25883.8,28298.962
6/11/2023 21:00,26110.9,26128.8,25956.4,26034,11804.975
6/11/2023 20:00,26021.1,26199,26021,26110.8,22909.434
6/11/2023 19:00,25966.3,26100,25921.3,26021,16602.194
6/11/2023 18:00,25932.5,26038.3,25914.8,25966.3,14330.775
6/11/2023 17:00,25860,26079,25827.7,25932.6,30393.705
6/11/2023 16:00,25741.1,25950,25726.7,25859.9,24473.362
6/11/2023 15:00,25748.3,25769.1,25720.8,25741.2,5108.222
6/11/2023 14:00,25693.3,25795.4,25683.9,25748.3,9252.004
6/11/2023 13:00,25740.3,25767.4,25661,25693.2,9200.824
6/11/2023 12:00,25784.9,25790,25731.9,25740.2,5258.162
6/11/2023 11:00,25763.1,25839,25744.4,25784.9,7831.925
6/11/2023 10:00,25697.6,25787.4,25689,25763.2,6425.414
6/11/2023 9:00,25727.4,25765.3,25687.2,25697.6,6190.839
6/11/2023 8:00,25728,25760.3,25682.7,25727.4,5310.52
6/11/2023 7:00,25776,25789.1,25726.2,25728,4385.125
6/11/2023 6:00,25805.9,25809.8,25749.2,25776,5542.719
6/11/2023 5:00,25718.3,25820.1,25718.3,25805.8,7230.97
6/11/2023 4:00,25714.7,25749.9,25621.3,25718.4,14003.959
6/11/2023 3:00,25756,25759,25674.3,25714.7,8126.853
6/11/2023 2:00,25814.5,25821.2,25736.2,25756,6471.652
6/11/2023 1:00,25739.4,25850,25705,25814.5,8757.586
6/11/2023 0:00,25826.6,25839.9,25714.1,25739.3,9687.013
6/10/2023 23:00,25863.2,25883.9,25815.2,25826.6,6384.257
6/10/2023 22:00,25751.1,25919.5,25732.3,25863.2,11757.458
6/10/2023 21:00,25740.8,25819.6,25671.6,25751.1,9703.528
6/10/2023 20:00,25738.2,25876.7,25666.7,25740.7,18841.274
6/10/2023 19:00,25529.9,25741,25529.9,25738.2,17570.024
6/10/2023 18:00,26010,26033.1,25300,25529.2,67036.959
6/10/2023 17:00,25580.5,26144,25355,26010,95002.398
6/10/2023 16:00,25619.9,25639.5,25573.7,25580.5,8566.295
6/10/2023 15:00,25657.1,25671.9,25582.7,25620,6381.434
6/10/2023 14:00,25645,25695.6,25614.6,25657.1,9063.297
6/10/2023 13:00,25602,25657.8,25559.5,25644.9,8956.941
6/10/2023 12:00,25718.7,25718.7,25589.8,25601.9,11675.413
6/10/2023 11:00,25686.9,25729.1,25643.1,25718.7,8746.71
6/10/2023 10:00,25642.5,25688.8,25577,25686.8,8023.956
6/10/2023 9:00,25660.1,25672.9,25600,25642.5,8926.071
6/10/2023 8:00,25637.3,25743.9,25556.4,25660.2,19365.628
6/10/2023 7:00,25525.8,25733,25478.6,25637.2,35429.88
6/10/2023 6:00,25504.4,25628.8,25446.6,25525.9,32911.356
6/10/2023 5:00,25753.8,25795,25445,25504.6,76995.224
6/10/2023 4:00,26312.6,26340.1,25701,25753.6,93766.951
6/10/2023 3:00,26310.9,26359.1,26250,26312.6,12983.363
6/10/2023 2:00,26383.4,26426.9,26253,26310.9,17211.55
6/10/2023 1:00,26451,26525,26300,26383.4,19375.206
6/10/2023 0:00,26468.2,26479.2,26440,26451,4242.396
6/9/2023 23:00,26480.9,26486.9,26440.9,26468.1,3365.394
6/9/2023 22:00,26463.2,26488,26446.8,26480.8,3494.615
6/9/2023 21:00,26442.9,26490,26434.1,26463.1,3638.206
6/9/2023 20:00,26399.9,26461.8,26385,26442.9,7181.179
6/9/2023 19:00,26443.5,26487.6,26371,26400,12527.946
6/9/2023 18:00,26489.3,26509.1,26400,26443.5,8329.278
6/9/2023 17:00,26474.9,26509.1,26403.4,26489.3,9918.155
6/9/2023 16:00,26465.2,26521.1,26430,26475,14936.436
6/9/2023 15:00,26580.2,26624,26436.8,26465.1,19384.576
6/9/2023 14:00,26619,26706.8,26520.4,26580.3,22596.948
6/9/2023 13:00,26662.2,26775,26611,26619,23990.617
6/9/2023 12:00,26599.9,26699.9,26599.8,26662.3,12033.975
6/9/2023 11:00,26623.9,26638.3,26546.1,26599.8,11162.953
6/9/2023 10:00,26626.6,26670,26591,26623.9,9575.533
6/9/2023 9:00,26632.6,26679.5,26579,26626.5,11477.893
6/9/2023 8:00,26482.7,26644,26476.8,26632.5,17232.153
6/9/2023 7:00,26482.1,26489.8,26425.8,26482.7,9098.837
6/9/2023 6:00,26495.9,26575.5,26461,26482.1,10258.158
6/9/2023 5:00,26479,26524.8,26465,26496,6402.531
6/9/2023 4:00,26469.6,26497,26411.4,26479,7964.302
6/9/2023 3:00,26448,26492.6,26430,26469.5,9472.671
6/9/2023 2:00,26490,26526.4,26236,26448,28275.032
6/9/2023 1:00,26445.7,26589.9,26430,26490,11365.392
6/9/2023 0:00,26486,26502.8,26409.4,26445.8,10036.418
6/8/2023 23:00,26534.4,26544.8,26472.1,26485.9,6014.487
6/8/2023 22:00,26560.3,26591.2,26510.1,26534.4,4785.429
6/8/2023 21:00,26626,26636.9,26537.2,26560.3,5889.716
6/8/2023 20:00,26526.3,26645.7,26507.2,26626,10311.404
6/8/2023 19:00,26536,26555.2,26502.3,26526.3,4991.221
6/8/2023 18:00,26475.2,26568.3,26430.6,26535.9,10393.464
6/8/2023 17:00,26488,26506.5,26421.1,26475.2,10984.532
6/8/2023 16:00,26705.8,26720.7,26387.9,26488,30466.16
6/8/2023 15:00,26635.9,26800,26570,26705.9,27717.923
6/8/2023 14:00,26389.8,26680,26337.2,26635.8,40115.77
6/8/2023 13:00,26447.7,26465,26283.4,26389.9,33959.882
6/8/2023 12:00,26421.5,26594.9,26358,26447.7,25209.769
6/8/2023 11:00,26474.4,26494.1,26392.2,26421.4,8199.428
6/8/2023 10:00,26373.6,26492.2,26353.4,26474.5,8942.705
6/8/2023 9:00,26428,26432.4,26352.3,26373.6,7495.971
6/8/2023 8:00,26431.6,26453.7,26385.5,26428,7026.863
6/8/2023 7:00,26413.3,26516.3,26401.3,26431.5,11726.988
6/8/2023 6:00,26365.3,26497.7,26270.6,26413.4,16485.596
6/8/2023 5:00,26389.7,26427.5,26332.6,26365.4,8019.145
6/8/2023 4:00,26332,26416.1,26312.2,26389.7,8483.484
6/8/2023 3:00,26374.5,26374.8,26195.4,26332,17282.64
6/8/2023 2:00,26431.3,26437.6,26352.7,26374.4,6926.562
6/8/2023 1:00,26375.8,26459.5,26366.5,26431.2,9670.311
6/8/2023 0:00,26325.9,26435.8,26294.4,26375.7,12005.389
6/7/2023 23:00,26264.4,26355.9,26240.1,26325.9,8554.315
6/7/2023 22:00,26141.9,26369.7,26119.5,26264.3,20941.496
6/7/2023 21:00,26351.1,26450.5,26111,26141.9,19690.365
6/7/2023 20:00,26469.2,26483.5,26301,26351.1,14990.291
6/7/2023 19:00,26460,26519,26425,26469.2,8739.643
6/7/2023 18:00,26495.3,26522.8,26427.7,26460,9851.893
6/7/2023 17:00,26313.5,26548,26258.2,26495.4,25282.407
6/7/2023 16:00,26333.9,26428.2,26220,26313.5,36845.762
6/7/2023 15:00,26430,26672.6,26230,26333.9,73972.467
6/7/2023 14:00,26806.3,26806.3,26320,26430.1,73680.216
6/7/2023 13:00,26793,26856.9,26652.1,26806.2,31767.364
6/7/2023 12:00,26888.4,26900,26730.2,26793,23195.269
6/7/2023 11:00,26582.9,26968,26564,26888.3,47274.269
6/7/2023 10:00,26476.6,26620,26330.8,26582.9,46805.616
6/7/2023 9:00,26810.2,26810.7,26400,26476.5,46586.815
6/7/2023 8:00,26786.8,26833.5,26745.5,26810.1,10483.229
6/7/2023 7:00,26819.6,26892,26741,26786.7,15227.048
6/7/2023 6:00,26901.9,26932.3,26800,26819.5,9988.363
6/7/2023 5:00,26917.2,26973.9,26860.6,26901.9,9767.777
6/7/2023 4:00,26896.9,26959,26863.2,26917.3,12026.829
6/7/2023 3:00,26930.2,26961,26714.3,26897,31513.395
6/7/2023 2:00,27084.4,27091.3,26900.2,26930.2,29565.477
6/7/2023 1:00,27170.2,27212.9,27054,27084.3,22673.319
6/7/2023 0:00,27221.5,27394.4,27152.5,27170.2,30620.912
6/6/2023 23:00,27138.8,27358.1,27105.5,27221.5,32874.471
6/6/2023 22:00,27054,27184,27035,27138.7,13199.727
6/6/2023 21:00,26939,27088.8,26934.3,27053.9,17630.473
6/6/2023 20:00,27073.3,27222,26884,26939,50046.291
6/6/2023 19:00,26687.3,27238.9,26677.6,27073.2,69183.848
6/6/2023 18:00,26659.8,26776.2,26621,26687.2,26443.041
6/6/2023 17:00,26360.9,26780,26280,26659.8,99537.84
6/6/2023 16:00,26051.2,26400,26051.2,26360.9,54286.561
6/6/2023 15:00,26014.2,26139,25912.1,26051.2,35232.153
6/6/2023 14:00,25720,26100,25720,26014.2,83350.111
6/6/2023 13:00,25524.4,25774.6,25364.8,25720,52551.226
6/6/2023 12:00,25676,25734.3,25321.6,25524.4,81271.087
6/6/2023 11:00,25729.9,25740.2,25624.1,25676,12762.245
6/6/2023 10:00,25740.5,25786.3,25728.3,25730,6921.853
6/6/2023 9:00,25688.3,25777.9,25678.3,25740.4,7384.642
6/6/2023 8:00,25706.3,25735.9,25657.1,25688.3,10372.136
6/6/2023 7:00,25752.7,25796.7,25685.3,25706.4,10914.239
6/6/2023 6:00,25755.5,25790,25733.9,25752.6,7619.158
6/6/2023 5:00,25785,25809.9,25739.5,25755.4,7973.954
6/6/2023 4:00,25719.8,25794,25712.3,25785,6305.508
6/6/2023 3:00,25752.8,25754,25703.1,25719.8,6029.684
6/6/2023 2:00,25629.6,25783.2,25585.4,25752.8,13742.107
6/6/2023 1:00,25679.2,25687.4,25601,25629.6,10989.463
6/6/2023 0:00,25714.6,25741.7,25660,25679.2,14823.831
6/5/2023 23:00,25695.9,25850,25686,25714.7,16937.747
6/5/2023 22:00,25641.2,25760.7,25630.8,25695.9,13201.219
6/5/2023 21:00,25620.7,25668.6,25496.2,25641.2,13830.223
6/5/2023 20:00,25618.4,25667.2,25568.9,25620.6,16165.483
6/5/2023 19:00,25556,25623.9,25360.1,25618.5,47741.164
6/5/2023 18:00,25742.1,25745.9,25506,25556,31654.939
6/5/2023 17:00,25796.8,25798,25555.2,25742.2,41327.104
6/5/2023 16:00,25991.9,26072.2,25382,25796.8,148479.541
6/5/2023 15:00,26789.9,26798.6,25971,25991.9,137326.007
6/5/2023 14:00,26714.9,26809.9,26688,26789.9,20328.569
6/5/2023 13:00,26684.7,26755.6,26625,26714.8,15543.746
6/5/2023 12:00,26760.2,26775.3,26632.4,26684.8,16954.907
6/5/2023 11:00,26700.8,26783.4,26647,26760.1,15231.408
6/5/2023 10:00,26767.5,26785,26700,26700.8,12514.37
6/5/2023 9:00,26790.4,26817.5,26700,26767.5,12850.183
6/5/2023 8:00,26819.2,26831.2,26778.1,26790.3,7554.413
6/5/2023 7:00,26758.6,26820,26730.2,26819.2,9765.445
6/5/2023 6:00,26808.1,26827,26750.7,26758.5,10516.257
6/5/2023 5:00,26832,26832,26719.9,26808,17031.432
6/5/2023 4:00,26835.8,26861.4,26756.6,26832,15097.252
6/5/2023 3:00,26918.7,26918.7,26755,26835.9,30550.25
6/5/2023 2:00,27038.2,27069.9,26846.4,26918.8,16970.131
6/5/2023 1:00,27018.7,27050.8,26935,27038.2,12225.089
6/5/2023 0:00,27102.4,27125,26959.7,27018.7,20705.669
6/4/2023 23:00,27221.1,27317.5,27026,27102.4,27943.144
6/4/2023 22:00,27185.3,27460,27179.6,27221.1,43920.324
6/4/2023 21:00,27233.2,27275.5,27175.9,27185.3,5773.201
6/4/2023 20:00,27205,27264.5,27194.8,27233.2,6072.478
6/4/2023 19:00,27189,27218,27180.2,27205,2937.205
6/4/2023 18:00,27169.2,27202,27168.2,27189,3669.599
6/4/2023 17:00,27163.3,27204.6,27157.2,27169.3,4429.365
6/4/2023 16:00,27167,27191.9,27150,27163.4,6720.305
6/4/2023 15:00,27222.1,27236.9,27164.9,27166.9,7114.232
6/4/2023 14:00,27231.4,27254.9,27155,27222.1,13514.353
6/4/2023 13:00,27199.5,27290,27192.5,27231.3,10758.108
6/4/2023 12:00,27190.8,27208.5,27150,27199.5,6858.956
6/4/2023 11:00,27209.5,27231.8,27162,27190.9,6159.707
6/4/2023 10:00,27206,27221.8,27177,27209.5,5572.976
6/4/2023 9:00,27144.9,27245,27141.9,27206,12302.898
6/4/2023 8:00,27141,27154,27110,27144.9,5631.884
6/4/2023 7:00,27119.1,27154,27114.4,27141,9638.19
6/4/2023 6:00,27032.6,27132,27030.1,27119.1,8176.948
6/4/2023 5:00,27045.8,27047.8,27015,27032.6,2437.79
6/4/2023 4:00,27048.3,27074.5,27028.5,27045.8,3364.791
6/4/2023 3:00,27080.8,27080.8,27031.2,27048.4,4346.706
6/4/2023 2:00,27029.2,27098.7,27022.4,27080.7,5802.492
6/4/2023 1:00,26999.9,27075,26935.3,27029.2,8846.616
6/4/2023 0:00,27054.9,27058.5,26991.9,26999.9,6279.276
6/3/2023 23:00,27060.4,27077.5,27033.6,27054.9,3942.507
6/3/2023 22:00,26990,27071.4,26989.8,27060.4,6355.09
6/3/2023 21:00,27052.8,27069.3,26900,26990,18405.196
6/3/2023 20:00,27084.9,27119.5,27042,27052.7,7760.747
6/3/2023 19:00,27138.9,27153.6,27000,27084.9,15389.644
6/3/2023 18:00,27147.7,27173.7,27113.9,27138.8,6229.878
6/3/2023 17:00,27239.4,27246.4,27101,27147.6,15130.376
6/3/2023 16:00,27292.8,27312,27211.8,27239.5,14064.686
6/3/2023 15:00,27158.2,27340.2,27110,27292.7,23622.539
6/3/2023 14:00,27157.2,27184.9,27154.1,27158.1,4053.64
6/3/2023 13:00,27152.9,27176.3,27134,27157.1,4298.261
6/3/2023 12:00,27121,27164.6,27115.9,27152.9,3802.681
6/3/2023 11:00,27127.1,27163.6,27108.1,27121,3649.443
6/3/2023 10:00,27144.2,27173.8,27100,27127.1,5618.542
6/3/2023 9:00,27134.2,27146.1,27113.2,27144.3,3803.022
6/3/2023 8:00,27161.4,27173.2,27130.9,27134.3,3589.533
6/3/2023 7:00,27169.4,27188,27149.7,27161.3,3612.628
6/3/2023 6:00,27149,27209.2,27148.9,27169.4,5293.995
6/3/2023 5:00,27151.1,27160.4,27120.1,27149,3551.649
6/3/2023 4:00,27130.9,27157.9,27098,27151.1,5231.42
6/3/2023 3:00,27138.5,27164,27118,27130.9,3180.738
6/3/2023 2:00,27122.9,27162.9,27118,27138.5,4165.362
6/3/2023 1:00,27156.9,27176.7,27077,27123,9085.166
6/3/2023 0:00,27227.8,27230.4,27139.3,27156.9,8627.357
6/2/2023 23:00,27253.7,27261.9,27214.9,27227.8,5162.677
6/2/2023 22:00,27189.9,27290,27181.3,27253.6,7455.346
6/2/2023 21:00,27159.4,27235.8,27132,27190,7451.957
6/2/2023 20:00,27231.5,27265.9,27159.3,27159.3,9943.052
6/2/2023 19:00,27183.2,27279,27114.8,27231.6,22673.073
6/2/2023 18:00,27045.1,27185,26985.1,27183.2,15366.31
6/2/2023 17:00,27047.5,27086.1,27009,27045.1,6761.855
6/2/2023 16:00,27081.3,27111.1,27017.7,27047.6,12471.296
6/2/2023 15:00,26952,27098.9,26949.5,27081.3,15579.665
6/2/2023 14:00,26896.4,26977,26875,26952,20518.727
6/2/2023 13:00,27084.6,27126,26840.5,26896.4,38723.403
6/2/2023 12:00,27118.5,27249.3,26978,27084.6,45720.244
6/2/2023 11:00,27090,27162.4,27057,27118.5,9551.025
6/2/2023 10:00,27074.5,27096,27051.1,27090,5695.203
6/2/2023 9:00,27159.9,27181.1,27054.9,27074.6,10895.817
6/2/2023 8:00,27038.3,27168,27038.3,27159.9,10050.855
6/2/2023 7:00,27061,27108.2,27033,27038.3,10460.263
6/2/2023 6:00,27140.2,27156.1,27055.4,27061,12561.95
6/2/2023 5:00,27051.8,27200,27048.3,27140.3,18534.424
6/2/2023 4:00,26985.2,27116.1,26937.3,27051.7,20075.976
6/2/2023 3:00,26950.8,27015.5,26917.2,26985.1,9039.966
6/2/2023 2:00,26805.6,26978.7,26800.2,26950.8,18602.016
6/2/2023 1:00,26780,26842,26703.1,26805.7,15043.775
6/2/2023 0:00,26805.3,26815.8,26477.6,26779.9,42771.218
6/1/2023 23:00,26869.5,26875.8,26697.1,26805.3,13490.624
6/1/2023 22:00,26881.4,26894.7,26834.3,26869.5,5921.792
6/1/2023 21:00,26850.5,26934,26849,26881.4,7588.041
6/1/2023 20:00,26851.6,26916.7,26812.5,26850.4,10327.055
6/1/2023 19:00,26960.4,26977.6,26635,26851.6,32300.897
6/1/2023 18:00,26947.9,27043.3,26929.1,26960.5,11107.724
6/1/2023 17:00,27080.8,27130,26908,26947.9,30525.759
6/1/2023 16:00,26884.2,27180,26780,27080.9,37865.362
6/1/2023 15:00,26887.9,26939.9,26844.2,26884.2,9506.636
6/1/2023 14:00,26881.8,26974,26817.6,26887.8,18027.068
6/1/2023 13:00,26929.8,26955.1,26855,26881.7,11831.226
6/1/2023 12:00,26881.6,26960,26773.2,26929.9,19662.691
6/1/2023 11:00,26845,26898.2,26830.6,26881.7,6696.208
6/1/2023 10:00,26896.9,26925.9,26845,26845,8257.03
6/1/2023 9:00,26902.9,26945.4,26885.6,26896.9,11279.054
6/1/2023 8:00,26790.1,26917,26776.7,26902.9,10031.13
6/1/2023 7:00,26777.6,26856,26753.1,26790.2,10103.295
6/1/2023 6:00,26843,26876.6,26762,26777.6,11210.559
6/1/2023 5:00,26797.1,26858.7,26771.8,26842.9,8112.848
6/1/2023 4:00,26768.6,26813.6,26742,26797.2,9880.984
6/1/2023 3:00,26705,26829,26600,26768.6,27103.266
6/1/2023 2:00,27065.5,27106.5,26621.3,26705.1,42682.679
6/1/2023 1:00,27059.8,27155.7,27045.7,27065.5,17636.075
6/1/2023 0:00,27201.1,27347.9,27008.1,27059.8,33639.569
5/31/2023 23:00,27170,27290,27140.8,27201.1,16573.762
5/31/2023 22:00,27081.9,27183.4,27068.9,27170,10255.213
5/31/2023 21:00,27096.9,27108.8,27030.3,27081.9,5248.193
5/31/2023 20:00,26999.5,27106.2,26992,27096.9,8568.793
5/31/2023 19:00,27027.8,27121.1,26981.5,26999.5,12017.111
5/31/2023 18:00,27044.4,27086.7,27006.1,27027.7,10554.941
5/31/2023 17:00,26928.7,27077,26902.5,27044.3,17181.927
5/31/2023 16:00,26900,26972.9,26826,26928.7,18949.974
5/31/2023 15:00,27022.9,27059,26856.5,26900.1,22340.626
5/31/2023 14:00,27103.9,27107.9,26835.5,27023,62223.93
5/31/2023 13:00,27064.1,27219.6,27050,27104,24536.325
5/31/2023 12:00,27087.9,27110.1,27051.9,27064.2,10386.393
5/31/2023 11:00,27048.4,27123.1,26980,27087.9,18595.193
5/31/2023 10:00,27120.1,27131.5,27027.1,27048.4,10442.889
5/31/2023 9:00,27126,27151.7,27033,27120.1,15035.516
5/31/2023 8:00,27150.4,27198,27095,27126.1,12655.064
5/31/2023 7:00,27150,27194.9,27103.8,27150.4,11167.445
5/31/2023 6:00,27080.4,27179.7,26942,27150,30817.35
5/31/2023 5:00,27243.4,27264.8,27006.4,27080.5,64328.766
5/31/2023 4:00,27646.5,27668.7,27222,27243.5,50462.742
5/31/2023 3:00,27663.3,27683.5,27581.1,27646.5,7661.63
5/31/2023 2:00,27726.6,27726.7,27550,27663.3,17606.155
5/31/2023 1:00,27745,27825,27723.7,27726.7,8107.131
5/31/2023 0:00,27680,27748.6,27648,27745.1,5664.821
5/30/2023 23:00,27723.7,27732.2,27662.1,27680.1,4495.959
5/30/2023 22:00,27710,27749.5,27636,27723.8,6687.541
5/30/2023 21:00,27745.7,27832.7,27637.4,27710.1,10281.328
5/30/2023 20:00,27836.4,27846,27734.4,27745.7,7769.085
5/30/2023 19:00,27750.2,27849.8,27738.1,27836.4,11039.391
5/30/2023 18:00,27684.4,27790,27650.3,27750.3,11393.494
5/30/2023 17:00,27696.9,27765.8,27610.8,27684.3,12260.953
5/30/2023 16:00,27665,27731.5,27530,27696.9,22231.763
5/30/2023 15:00,27609.5,27728.6,27602,27665,19738.14
5/30/2023 14:00,27787.9,27852.4,27607.1,27609.5,33304.677
5/30/2023 13:00,27887.1,27957.6,27740,27788,25113.314
5/30/2023 12:00,28005.8,28014.9,27772.5,27887.1,24371.235
5/30/2023 11:00,27887,28028.8,27839.7,28005.9,17925.79
5/30/2023 10:00,27840.1,28038.6,27840.1,27887,27063.579
5/30/2023 9:00,27770,27887,27769.9,27840,10260.768
5/30/2023 8:00,27721.1,27804.5,27697.1,27769.9,8104.849
5/30/2023 7:00,27785,27839.3,27715.1,27721,10486.284
5/30/2023 6:00,27741.8,27817.8,27737,27785,7326.299
5/30/2023 5:00,27767,27768.4,27659.3,27741.7,11485.078
5/30/2023 4:00,27815,27837.2,27751.4,27767,7093.475
5/30/2023 3:00,27770.1,27933,27759.5,27815,17402.652
5/30/2023 2:00,27756.4,27785,27708.1,27770,6293.376
5/30/2023 1:00,27701.3,27789.3,27685.2,27756.3,8952.409
5/30/2023 0:00,27722.1,27761.6,27569.3,27701.3,13297.874
5/29/2023 23:00,27678.7,27803.5,27669.9,27722,15676.183
5/29/2023 22:00,27653.5,27686.5,27533.8,27678.7,14044.95
5/29/2023 21:00,27670.1,27710,27630.3,27653.4,6189.57
5/29/2023 20:00,27624.1,27689.5,27613.3,27670.1,5666.413
5/29/2023 19:00,27629.9,27689.6,27610.8,27624,7247.563
5/29/2023 18:00,27682.1,27710,27593.1,27630,12093.284
5/29/2023 17:00,27593.6,27734.4,27513.5,27682,24950.988
5/29/2023 16:00,27622,27670,27530,27593.6,30923.809
5/29/2023 15:00,27781.9,27838.8,27570.6,27622.1,41941.341
5/29/2023 14:00,27892.8,27927,27651,27782,22506.672
5/29/2023 13:00,27870.9,27936,27850,27892.8,8754.933
5/29/2023 12:00,27908.1,27945.4,27850.3,27871,8023.625
5/29/2023 11:00,27852.9,27933,27832.5,27908.1,9341.468
5/29/2023 10:00,27932.6,27966.7,27730,27852.9,22781.611
5/29/2023 9:00,27892.6,27936.1,27846.4,27932.6,7147.686
5/29/2023 8:00,27895,27938.2,27834.8,27892.6,9705.537
5/29/2023 7:00,28000,28000,27822.7,27895,14710.837
5/29/2023 6:00,27983.3,28032.4,27975,28000,6338.417
5/29/2023 5:00,27944.7,28040,27929.8,27983.3,16509.049
5/29/2023 4:00,27948,27999.7,27845.9,27944.7,23148.976
5/29/2023 3:00,28085.4,28128.5,27904,27947.9,20906.858
5/29/2023 2:00,28160,28169.9,28080.6,28085.4,10903.523
5/29/2023 1:00,28188.6,28213.4,28124.3,28160,14222.606
5/29/2023 0:00,28055.8,28442,28055.7,28188.6,57554.65
5/28/2023 23:00,28079.4,28252.8,28042.3,28055.7,30391.278
5/28/2023 22:00,27828.5,28182.5,27828.5,28079.4,48787.337
5/28/2023 21:00,27546.1,27989.9,27539.3,27828.5,29688.098
5/28/2023 20:00,27518.5,27586.6,27515.1,27546.1,7614.248
5/28/2023 19:00,27577.3,27617.9,27464.6,27518.4,15846.368
5/28/2023 18:00,27338.1,27780,27302.5,27577.4,61467.502
5/28/2023 17:00,27242.9,27449.5,27200.1,27338.1,20332.517
5/28/2023 16:00,27264.1,27327.7,27211.8,27242.9,15646.507
5/28/2023 15:00,27178.2,27266,27160.5,27264.1,9346.196
5/28/2023 14:00,27173.2,27233,27167.3,27178.2,6800.764
5/28/2023 13:00,27132.8,27220,27130.2,27173.2,9632.334
5/28/2023 12:00,27145.9,27178,27081.7,27132.9,11768.6
5/28/2023 11:00,27203.8,27387,27138.1,27146,23457.858
5/28/2023 10:00,27148.2,27213,27135.2,27203.9,5691.319
5/28/2023 9:00,27188.8,27190.2,27127.8,27148.2,5795.146
5/28/2023 8:00,27219,27236,27163.9,27188.7,7225.929
5/28/2023 7:00,27175.5,27219,27170.9,27218.9,5598.419
5/28/2023 6:00,27154.3,27215,27154.2,27175.6,7820.2
5/28/2023 5:00,27157,27177.1,27113.4,27154.3,10622.697
5/28/2023 4:00,27174.5,27279,27154.6,27157,16797.557
5/28/2023 3:00,27089.4,27240.5,27089.4,27174.4,19479.49
5/28/2023 2:00,27080.1,27108.8,27058.5,27089.4,7952.622
5/28/2023 1:00,27063.4,27162,27054.8,27080.1,28031.452
5/28/2023 0:00,26841.6,27110.6,26746,27063.3,34320.956
5/27/2023 23:00,26790.8,26890,26790.7,26841.6,8151.503
5/27/2023 22:00,26759.5,26828.3,26748.8,26790.7,6536.75
5/27/2023 21:00,26744,26768.9,26720.5,26759.4,3512.996
5/27/2023 20:00,26721.7,26744,26714.5,26744,3745.703
5/27/2023 19:00,26689.5,26758.9,26689.5,26721.6,5607.956
5/27/2023 18:00,26750.1,26845.8,26686.9,26689.6,17238.311
5/27/2023 17:00,26654.1,26757.2,26648.4,26750,9620.154
5/27/2023 16:00,26682.2,26688.5,26605,26654.1,5792.661
5/27/2023 15:00,26658.8,26683.6,26620,26682.1,6070.735
5/27/2023 14:00,26617.8,26720,26592.9,26658.8,15945.942
5/27/2023 13:00,26699.9,26774.9,26528.6,26617.8,18422.121
5/27/2023 12:00,26687.6,26738.9,26660.9,26700,6642.16
5/27/2023 11:00,26669.5,26709.4,26655.1,26687.7,4119.695
5/27/2023 10:00,26686.6,26707.6,26655.6,26669.5,5094.051
5/27/2023 9:00,26677.1,26726.2,26673,26686.5,5245.36
5/27/2023 8:00,26715.2,26715.3,26664.5,26677.1,5404.073
5/27/2023 7:00,26736.2,26736.2,26696.1,26715.3,3120.858
5/27/2023 6:00,26714.9,26750,26695.2,26736.2,4342.313
5/27/2023 5:00,26746.7,26753.5,26709.8,26714.9,3212.489
5/27/2023 4:00,26739.6,26776.4,26713.4,26746.6,4422.048
5/27/2023 3:00,26735,26775.8,26699.1,26739.5,5372.457
5/27/2023 2:00,26705.9,26735,26676.5,26734.9,5022.049
5/27/2023 1:00,26644.1,26705.9,26633,26705.8,4507.715
5/27/2023 0:00,26689.8,26704.9,26621,26644,6531.835
5/26/2023 23:00,26670.1,26719.5,26670,26689.9,3894.599
5/26/2023 22:00,26711.3,26747.4,26670,26670,4305.939
5/26/2023 21:00,26735.5,26775,26708.5,26711.4,4548.471
5/26/2023 20:00,26755.3,26796.6,26723.1,26735.5,5940.379
5/26/2023 19:00,26717.6,26816.5,26717.6,26755.2,10769.979
5/26/2023 18:00,26707.1,26746.4,26601,26717.6,20467.04
5/26/2023 17:00,26778.2,26829,26670,26707.1,17449.799
5/26/2023 16:00,26737.5,26820,26731,26778.1,12824.265
5/26/2023 15:00,26746.6,26828.6,26727,26737.5,19171.029
5/26/2023 14:00,26529.9,26925,26529.9,26746.6,75664.378
5/26/2023 13:00,26430.7,26584.3,26430.7,26529.9,23826.656
5/26/2023 12:00,26451.8,26520,26342.9,26430.7,19112.506
5/26/2023 11:00,26443.1,26499.3,26421.5,26451.9,7140.541
5/26/2023 10:00,26437.8,26479.8,26411,26443.2,5125.643
5/26/2023 9:00,26461.6,26468.8,26414.6,26437.9,7813.771
5/26/2023 8:00,26491.2,26547.3,26455,26461.6,12859.664
5/26/2023 7:00,26424,26527.8,26404.2,26491.3,13433.851
5/26/2023 6:00,26340,26436.4,26313.9,26424.1,8674.191
5/26/2023 5:00,26420.1,26423.9,26320.1,26340,8959.9
5/26/2023 4:00,26425.7,26440,26397.2,26420,3912.976
5/26/2023 3:00,26392.3,26466,26384.7,26425.7,4930.986
5/26/2023 2:00,26403.7,26434.1,26370,26392.3,5377.647
5/26/2023 1:00,26460.9,26532,26324.2,26403.6,17435.308
5/26/2023 0:00,26461.7,26496.1,26363.2,26461,10836.028
5/25/2023 23:00,26445.4,26545.8,26439.6,26461.8,10364.828
5/25/2023 22:00,26465.9,26470.1,26420.6,26445.5,4546.437
5/25/2023 21:00,26476,26476,26422.7,26465.9,5964.962
5/25/2023 20:00,26458,26514.6,26447,26475.9,7585.032
5/25/2023 19:00,26367.8,26644,26356.7,26457.9,38031.014
5/25/2023 18:00,26342.5,26400,26320,26367.9,12603.489
5/25/2023 17:00,26262.5,26388,26233.6,26342.6,14107.833
5/25/2023 16:00,26216.9,26315.3,26193.5,26262.6,15332.274
5/25/2023 15:00,26357.8,26382.8,26151.4,26216.9,25209.85
5/25/2023 14:00,26327,26419,26274.9,26357.9,20931.513
5/25/2023 13:00,26392,26424.7,26260,26327,24193.233
5/25/2023 12:00,26282.5,26489.5,26282.4,26392,39861.51
5/25/2023 11:00,26238.1,26345.3,26189.2,26282.5,12119.77
5/25/2023 10:00,26271.3,26300,26195.4,26238,8668.985
5/25/2023 9:00,26211.7,26276.5,26208.9,26271.4,7402.206
5/25/2023 8:00,26118.9,26243.4,26107.8,26211.8,12093.092
5/25/2023 7:00,26253.2,26258.8,26111,26118.9,13852.11
5/25/2023 6:00,26251.2,26289,26206.8,26253.2,8313.565
5/25/2023 5:00,26212.8,26268.3,26203.8,26251.1,7197.124
5/25/2023 4:00,26171.1,26267.7,26143.3,26212.9,11159.115
5/25/2023 3:00,26114.3,26219.5,26114.2,26171,13565.8
5/25/2023 2:00,26115.6,26140.6,26040,26114.3,10675.735
5/25/2023 1:00,26228.2,26307,25850,26115.7,53859.777
5/25/2023 0:00,26313.9,26384.5,26178,26228.3,16842.841
5/24/2023 23:00,26337.3,26378.7,26306.5,26313.8,4649.011
5/24/2023 22:00,26356.2,26395.8,26298,26337.2,6283.536
5/24/2023 21:00,26390.9,26457.3,26301,26356.2,9805.956
5/24/2023 20:00,26241.6,26476,26228.2,26391,29826.838
5/24/2023 19:00,26207.6,26387.3,26188.1,26241.6,17952.41
5/24/2023 18:00,26270.7,26317.5,26195.6,26207.6,12260.261
5/24/2023 17:00,26230,26348.7,26154.7,26270.7,18591.876
5/24/2023 16:00,26306.9,26318.2,26145.4,26230,21163.951
5/24/2023 15:00,26247.6,26369,26060,26306.9,58059.727
5/24/2023 14:00,26432,26432,26129.3,26247.6,57979.148
5/24/2023 13:00,26681.1,26696.2,26224,26432,62622.18
5/24/2023 12:00,26731.7,26731.7,26642,26681.2,11179.707
5/24/2023 11:00,26715.2,26757,26666,26731.7,10848.044
5/24/2023 10:00,26736.5,26751.3,26696.4,26715.3,7681.794
5/24/2023 9:00,26737.7,26834,26721.1,26736.4,17129.539
5/24/2023 8:00,26664.2,26744.2,26650,26737.7,11696.935
5/24/2023 7:00,26700,26749.5,26626.6,26664.2,17897.403
5/24/2023 6:00,26762.3,26762.3,26566.5,26699.9,18666.87
5/24/2023 5:00,26791.3,26810,26708.4,26762.3,14689.433
5/24/2023 4:00,26770,26798,26689.2,26791.3,20917.546
5/24/2023 3:00,27153.2,27156.9,26644.2,26770,84456.532
5/24/2023 2:00,27125.6,27165.1,27096.9,27153.2,5415.947
5/24/2023 1:00,27145.7,27178,27121.3,27125.6,6785.151
5/24/2023 0:00,27209.9,27212.9,27113,27145.8,8631.882
5/23/2023 23:00,27189,27244,27184.3,27209.9,4267.749
5/23/2023 22:00,27187.2,27214,27164.4,27189.1,4933.794
5/23/2023 21:00,27206,27233.2,27172.3,27187.3,4745.479
5/23/2023 20:00,27171.7,27237.6,27139,27206.1,7420.397
5/23/2023 19:00,27130.3,27213.6,27080,27171.6,12677.532
5/23/2023 18:00,27193.1,27216.5,27110.4,27130.3,17377.894
5/23/2023 17:00,27219.3,27266.3,27172.8,27193.1,11355.737
5/23/2023 16:00,27310.8,27319.4,27180.8,27219.3,14281.831
5/23/2023 15:00,27310.8,27354.3,27278.4,27310.7,8295.083
5/23/2023 14:00,27229.7,27357,27222.3,27310.8,16429.789
5/23/2023 13:00,27271.8,27300,27159.3,27229.8,20548.376
5/23/2023 12:00,27327,27383,27225,27271.8,18229.257
5/23/2023 11:00,27323,27344,27272.1,27326.9,8568.342
5/23/2023 10:00,27262,27336,27243.2,27323,7613.56
5/23/2023 9:00,27323,27329.6,27260,27262,6670.709
5/23/2023 8:00,27295.8,27330,27245.4,27322.9,9842.766
5/23/2023 7:00,27284.5,27319.9,27202.2,27295.8,16682.588
5/23/2023 6:00,27375,27418.2,27278,27284.4,20050.277
5/23/2023 5:00,27372.8,27527.5,27352.3,27375,25042.444
5/23/2023 4:00,27354.7,27428.7,27333,27372.7,22034.019
5/23/2023 3:00,27119.3,27430,27103.1,27354.6,52632.421
5/23/2023 2:00,26982.2,27180,26982.2,27119.3,17275.086
5/23/2023 1:00,26815.4,27110,26791.3,26982.2,32292.912
5/23/2023 0:00,26840.2,26932.1,26782.6,26815.5,9908.576
5/22/2023 23:00,26857.4,26871.8,26818,26840.2,4757.339
5/22/2023 22:00,26892.8,26905,26857.4,26857.5,2968.044
5/22/2023 21:00,26879.7,26955.9,26867.2,26892.8,6548.521
5/22/2023 20:00,26857,26927.6,26819.4,26879.7,5259.515
5/22/2023 19:00,26873.6,26882.5,26810.3,26857,6671.463
5/22/2023 18:00,26842.8,26927.6,26832.6,26873.6,9330.704
5/22/2023 17:00,26862.5,26890,26765,26842.7,14361.131
5/22/2023 16:00,26863.3,26917.8,26820.6,26862.5,10674.959
5/22/2023 15:00,26945.9,26968,26801,26863.2,16969.104
5/22/2023 14:00,26995.3,27035,26763.2,26945.8,46035.168
5/22/2023 13:00,26718,27097.8,26690,26995.3,53755.096
5/22/2023 12:00,26819.9,26860,26715.9,26718,13133.715
5/22/2023 11:00,26820.9,26825.7,26750,26819.9,7932.162
5/22/2023 10:00,26848.4,26866.6,26780.2,26820.9,7932.317
5/22/2023 9:00,26810.3,26878.3,26810.3,26848.5,6925.919
5/22/2023 8:00,26830.8,26892.4,26810,26810.3,8322.903
5/22/2023 7:00,26809.7,26863.8,26781,26830.7,8183.858
5/22/2023 6:00,26743.1,26898.9,26740,26809.7,19437.077
5/22/2023 5:00,26680.6,26790,26680.5,26743,10562.769
5/22/2023 4:00,26637.7,26718,26630.4,26680.6,7934.763
5/22/2023 3:00,26640.6,26668.5,26620.8,26637.7,5102.221
5/22/2023 2:00,26573,26657.9,26518.5,26640.7,12039.882
5/22/2023 1:00,26641.7,26676,26543.7,26573.1,16676.421
5/22/2023 0:00,26732.8,26772.4,26500,26641.8,26515.469
5/21/2023 23:00,26740,26793,26707,26732.8,5736.793
5/21/2023 22:00,26735.2,26784.1,26717.2,26740,5482.327
5/21/2023 21:00,26828.8,26835.7,26642,26735.3,24592.985
5/21/2023 20:00,26889.1,26915,26801.5,26828.7,6158.17
5/21/2023 19:00,26860,26904.8,26850.1,26889.2,3147.773
5/21/2023 18:00,26857.7,26887,26831.5,26860,4581.765
5/21/2023 17:00,26874,26928,26817,26857.7,8402.077
5/21/2023 16:00,26885.1,26905,26840,26874,8289.93
5/21/2023 15:00,26887.9,26969.6,26796,26885,15114.038
5/21/2023 14:00,26880.1,26966.3,26865.4,26887.9,10431.672
5/21/2023 13:00,26917.2,26928.7,26872.1,26880.2,6943.737
5/21/2023 12:00,26818,26940,26788,26917.2,17912.246
5/21/2023 11:00,26946.8,26946.8,26750,26818.1,28554.157
5/21/2023 10:00,27068.1,27077.7,26842,26946.7,20675.377
5/21/2023 9:00,27035.9,27069.9,27015.5,27068.2,5019.354
5/21/2023 8:00,27044.6,27064,27013.4,27035.8,5660.648
5/21/2023 7:00,27071.8,27076,27031,27044.5,5287.346
5/21/2023 6:00,27086.7,27094.9,27050,27071.7,6244.606
5/21/2023 5:00,27115.4,27129.9,27074.9,27086.8,7408.743
5/21/2023 4:00,27166.4,27166.5,27100,27115.4,5015.045
5/21/2023 3:00,27158.8,27179.6,27144.2,27166.5,3535.951
5/21/2023 2:00,27149.2,27175.5,27135.5,27158.7,5233.128
5/21/2023 1:00,27229,27249.1,27140,27149.2,10432.285
5/21/2023 0:00,27089.6,27288,27050,27228.9,18916.272
5/20/2023 23:00,27054.8,27129.9,27031,27089.5,5662.275
5/20/2023 22:00,27023.8,27058.7,26996.5,27054.9,3082.989
5/20/2023 21:00,27002.2,27043.6,26952.8,27023.8,6951.087
5/20/2023 20:00,27054.3,27085,26991.2,27002.2,5554.808
5/20/2023 19:00,27019,27066,26960,27054.3,11815.087
5/20/2023 18:00,27129.9,27143.5,27011,27019,16834.01
5/20/2023 17:00,26906.5,27144.4,26903.3,27130,19460.154
5/20/2023 16:00,26936,26940,26900.1,26906.4,3924.449
5/20/2023 15:00,26906,26969.8,26874.7,26936,9320.507
5/20/2023 14:00,26878.9,26910,26874.1,26905.9,4031.319
5/20/2023 13:00,26882.9,26906,26857.1,26878.9,4600.991
5/20/2023 12:00,26868.5,26938.9,26868.5,26882.9,7591.621
5/20/2023 11:00,26875.9,26892,26859.9,26868.6,2848.244
5/20/2023 10:00,26871.9,26890.4,26858.9,26876,2587.441
5/20/2023 9:00,26894.5,26903.1,26855.3,26871.8,4245.107
5/20/2023 8:00,26841.9,26911,26841.8,26894.5,5534.689
5/20/2023 7:00,26840.6,26845,26825.2,26841.8,2085.99
5/20/2023 6:00,26853.8,26859,26827.2,26840.6,2416.88
5/20/2023 5:00,26862.1,26862.1,26824.8,26853.7,2731.797
5/20/2023 4:00,26849.2,26862.1,26835.3,26862,2303.03
5/20/2023 3:00,26826.4,26864.9,26826.4,26849.2,2501.985
5/20/2023 2:00,26849.9,26861.6,26821,26826.4,3397.183
5/20/2023 1:00,26834.6,26878.7,26834,26849.9,2496.285
5/20/2023 0:00,26870.1,26902,26813.5,26834.6,5537.426
5/19/2023 23:00,26861.6,26890,26850.3,26870.1,2837.391
5/19/2023 22:00,26897.1,26913.7,26850.2,26861.6,4190.73
5/19/2023 21:00,26819.8,26897.1,26813.2,26897.1,4886.436
5/19/2023 20:00,26826.5,26866.7,26791,26819.8,5752.337
5/19/2023 19:00,26876.7,26876.7,26763.2,26826.4,10290.199
5/19/2023 18:00,26904.4,26926.8,26857,26876.6,7799.372
5/19/2023 17:00,26822.5,26966.8,26812.3,26904.4,11946.943
5/19/2023 16:00,26870,26954.7,26782.2,26822.4,20074.44
5/19/2023 15:00,26826,27180,26611.2,26869.9,106992.624
5/19/2023 14:00,26852.9,26853,26751.3,26826.1,19357.249
5/19/2023 13:00,26897.2,26947.8,26830.8,26852.9,11935.352
5/19/2023 12:00,26843.8,26985.6,26843.7,26897.2,19348.932
5/19/2023 11:00,26810.8,26870.2,26784,26843.8,7849.542
5/19/2023 10:00,26831.2,26865,26773,26810.9,8167.514
5/19/2023 9:00,26874.1,26897.5,26801.2,26831.2,8696.884
5/19/2023 8:00,26842,26918.6,26818.9,26874.1,7647.584
5/19/2023 7:00,26891,26950,26830.5,26841.9,10902.948
5/19/2023 6:00,26864.1,26928,26853,26891,7583.322
5/19/2023 5:00,26863.7,26880.1,26814.3,26864.1,5803.258
5/19/2023 4:00,26825,26866,26801.5,26863.6,4492.295
5/19/2023 3:00,26792.5,26866.9,26756.8,26825,6860.741
5/19/2023 2:00,26798.8,26840,26750.1,26792.5,8029.453
5/19/2023 1:00,26871.2,26905.8,26733.4,26798.9,12083.7
5/19/2023 0:00,26809.4,26922.5,26786.5,26871.1,10568.71
5/18/2023 23:00,26879.5,26888,26801.2,26809.3,9096.385
5/18/2023 22:00,26901.5,26937.6,26831,26879.6,11776.432
5/18/2023 21:00,26708.8,27060,26708,26901.4,27289.037
5/18/2023 20:00,26719.3,26759.1,26671.1,26708.7,10787.315
5/18/2023 19:00,26600.4,26837.8,26556.8,26719.3,30723.044
5/18/2023 18:00,26475.1,26638.3,26400,26600.5,44540.881
5/18/2023 17:00,27060.1,27078.2,26335.3,26475.2,96349.182
5/18/2023 16:00,27075.2,27100,26961.3,27060.1,29248.169
5/18/2023 15:00,27236,27292,27031,27075.2,32107.586
5/18/2023 14:00,27246.4,27396,27007.1,27236,52366.256
5/18/2023 13:00,27224.5,27271.9,27165.6,27246.4,25362.56
5/18/2023 12:00,27391.8,27471.5,27206.3,27224.6,35408.054
5/18/2023 11:00,27337.3,27393.7,27329.8,27391.9,6929.241
5/18/2023 10:00,27392.6,27415.7,27320.3,27337.2,9675.28
5/18/2023 9:00,27372.7,27424.6,27341.7,27392.6,10105.052
5/18/2023 8:00,27375.1,27429.2,27336,27372.8,15423.974
5/18/2023 7:00,27196.5,27445.9,27182.4,27375.1,25859.725
5/18/2023 6:00,27211.2,27241.8,27139,27196.5,16566.787
5/18/2023 5:00,27292.3,27310.8,27207,27211.3,13615.504
5/18/2023 4:00,27357.2,27357.5,27288,27292.2,5895.244
5/18/2023 3:00,27337.6,27371.8,27318.5,27357.3,4855.178
5/18/2023 2:00,27312.5,27377.2,27280,27337.6,7739.272
5/18/2023 1:00,27348,27378,27293.6,27312.5,8437.313
5/18/2023 0:00,27395.7,27482.7,27340.1,27348.1,14814.508
5/17/2023 23:00,27322.2,27418.8,27322.1,27395.8,9926.515
5/17/2023 22:00,27356.9,27379.6,27287,27322.1,9544.297
5/17/2023 21:00,27330.4,27500,27260,27356.9,22183.353
5/17/2023 20:00,27377,27460,27259.5,27330.3,25765.15
5/17/2023 19:00,27081.7,27441.7,27081.6,27377.1,44262.278
5/17/2023 18:00,27077,27200,27051.7,27081.7,23782.758
5/17/2023 17:00,26891.7,27166.8,26844,27077,36574.1
5/17/2023 16:00,26788.1,26940,26730,26891.8,25327.919
5/17/2023 15:00,26770.2,26823.7,26694.4,26788,18312.755
5/17/2023 14:00,26618.6,26830,26527.5,26770.2,39063.558
5/17/2023 13:00,26659.9,26748.6,26569,26618.7,21203.076
5/17/2023 12:00,26626.4,26750,26598.7,26659.8,27551.619
5/17/2023 11:00,26855.2,26858.4,26558,26626.5,45714.36
5/17/2023 10:00,26861.1,26907.5,26818.7,26855.3,10583.287
5/17/2023 9:00,26803.9,26867.9,26787.3,26861.1,9534.02
5/17/2023 8:00,26831.8,26854.4,26764.5,26803.8,18784.342
5/17/2023 7:00,26985.9,27023.5,26700,26831.9,28473.718
5/17/2023 6:00,26978.3,26997.5,26917.9,26985.9,11933.463
5/17/2023 5:00,27059.1,27059.1,26965.1,26978.2,8965.59
5/17/2023 4:00,27052.1,27092.4,27045.7,27059.1,4417.09
5/17/2023 3:00,27051.4,27121.9,27026.8,27052.1,7930.758
5/17/2023 2:00,27160.1,27177.9,27047.7,27051.3,9427.737
5/17/2023 1:00,27087.4,27238.5,27046.6,27160.1,18067.989
5/17/2023 0:00,27024.7,27110,26969.7,27087.4,12735.486
5/16/2023 23:00,26989.1,27046.2,26950,27024.8,5966.089
5/16/2023 22:00,27001.7,27031.7,26961.6,26989.2,4894.036
5/16/2023 21:00,26942.1,27040.5,26908.7,27001.6,8568.928
5/16/2023 20:00,26917.9,26984.7,26881.2,26942,9370.946
5/16/2023 19:00,27040.7,27063.6,26862,26917.9,13016.669
5/16/2023 18:00,27074.5,27110,26983.1,27040.6,9390.343
5/16/2023 17:00,27043.5,27092.1,26950,27074.4,14963.292
5/16/2023 16:00,27027.9,27144,26966.5,27043.6,15717.254
5/16/2023 15:00,26974,27084.6,26966,27027.9,15656.887
5/16/2023 14:00,26969.6,27034,26880.1,26973.9,26316.108
5/16/2023 13:00,27047.3,27120,26955.1,26969.6,23517.913
5/16/2023 12:00,27049.3,27127.4,26959.1,27047.3,23671.409
5/16/2023 11:00,27001.1,27117.5,26982.5,27049.3,12005.109
5/16/2023 10:00,27080.5,27100,26978.6,27001.1,16972.834
5/16/2023 9:00,27190.5,27208.8,27059.2,27080.6,17756.294
5/16/2023 8:00,27240.6,27274.2,27152.4,27190.5,15874.46
5/16/2023 7:00,27051.2,27243.6,27049,27240.6,21028.676
5/16/2023 6:00,27050.1,27074.3,26971,27051.2,10419.374
5/16/2023 5:00,27100.3,27149.8,27017.6,27050.1,10887.521
5/16/2023 4:00,27118.7,27134.1,27067.8,27100.3,6993.711
5/16/2023 3:00,27067,27130,27040.9,27118.7,10789.159
5/16/2023 2:00,27008.9,27082.6,26960.7,27067,12583.708
5/16/2023 1:00,27194.1,27237.6,26832,27008.9,46038.05
5/16/2023 0:00,27152.5,27284.7,27045,27194.1,20774.181
5/15/2023 23:00,27298.6,27311.8,27100,27152.5,16805.279
5/15/2023 22:00,27352.4,27359.6,27244.8,27298.5,9144.354
5/15/2023 21:00,27338.5,27375,27300,27352.4,6161.829
5/15/2023 20:00,27410.1,27410.1,27322,27338.5,6820.61
5/15/2023 19:00,27419.9,27430.9,27300.6,27410.1,12984.144
5/15/2023 18:00,27493.1,27509.6,27364,27420,13456.401
5/15/2023 17:00,27467.6,27650,27400,27493,38286.935
5/15/2023 16:00,27383,27600,27351,27467.6,32741.69
5/15/2023 15:00,27390.7,27437.3,27350,27383,14580.26
5/15/2023 14:00,27361.6,27525,27200,27390.8,42312.805
5/15/2023 13:00,27380.7,27441.7,27325.2,27361.6,14527.054
5/15/2023 12:00,27323.2,27397.5,27316.6,27380.8,8416.704
5/15/2023 11:00,27398.1,27441,27288,27323.2,11540.989
5/15/2023 10:00,27377.9,27421.8,27338,27398.1,6912.292
5/15/2023 9:00,27422.1,27472.5,27317.5,27377.9,12273.318
5/15/2023 8:00,27398.6,27429.6,27370,27422.1,9235.112
5/15/2023 7:00,27463.6,27478.9,27371.5,27398.6,13897.601
5/15/2023 6:00,27322.4,27550,27296.1,27463.7,41206.049
5/15/2023 5:00,27271.8,27372.2,27218.4,27322.4,24043.226
5/15/2023 4:00,27216.4,27294.5,27165.1,27271.8,14781.814
5/15/2023 3:00,27144.2,27249.9,27143.9,27216.3,12332.435
5/15/2023 2:00,27191.6,27239,27105.1,27144.1,18243.365
5/15/2023 1:00,26787.7,27279,26764,27191.5,45631.406
5/15/2023 0:00,26901.9,26919.6,26694.4,26787.8,23927.404
5/14/2023 23:00,26888.2,26918,26838.9,26901.9,5045.103
5/14/2023 22:00,26896,26931,26856.2,26888.2,5068.232
5/14/2023 21:00,26927.7,26947.2,26871.9,26895.9,4962.878
5/14/2023 20:00,26865,26943.8,26826.6,26927.7,6374.914
5/14/2023 19:00,26909,26928.6,26809,26865,12093.266
5/14/2023 18:00,26929.1,26943.8,26845,26909,7773.981
5/14/2023 17:00,26942,26970,26846.7,26929.2,15011.849
5/14/2023 16:00,27071.4,27115.1,26911,26942,18900.021
5/14/2023 15:00,26950.1,27200,26950,27071.4,45063.03
5/14/2023 14:00,26898,26973,26835.2,26950.1,12652.996
5/14/2023 13:00,26861,26922.5,26801.5,26898,15216.417
5/14/2023 12:00,26794.8,26867.9,26730,26861.1,13366.492
5/14/2023 11:00,26817.6,26819.7,26780,26794.8,5657.527
5/14/2023 10:00,26825.9,26840,26805,26817.6,3929.031
5/14/2023 9:00,26831.8,26856.9,26796.1,26825.9,4786.805
5/14/2023 8:00,26839.9,26879.2,26814.2,26831.8,3809.615
5/14/2023 7:00,26829,26860.9,26815.7,26839.9,3671.194
5/14/2023 6:00,26817,26888.7,26807,26829,6472.272
5/14/2023 5:00,26813.1,26839.9,26789,26817,3839.55
5/14/2023 4:00,26853.6,26867.8,26778.2,26813.1,6332.557
5/14/2023 3:00,26799.1,26865.4,26770,26853.6,7140.658
5/14/2023 2:00,26720.9,26830,26707.6,26799,7937.366
5/14/2023 1:00,26731.4,26741.1,26628.8,26720.9,10854.458
5/14/2023 0:00,26762.8,26797.4,26557,26731.4,21619.215
5/13/2023 23:00,26879.2,26915.8,26730,26762.7,11933.053
5/13/2023 22:00,26848,26890,26821.4,26879.2,5650.426
5/13/2023 21:00,26891.6,26928.6,26839.4,26848,6667.02
5/13/2023 20:00,26822.6,26909.9,26821.1,26891.6,6862.201
5/13/2023 19:00,26772.9,26946.9,26760.1,26822.6,19139.45
5/13/2023 18:00,26801.3,27051.5,26755,26773,24447.02
5/13/2023 17:00,26809.9,26837.2,26781.4,26801.3,5310.863
5/13/2023 16:00,26802,26824.8,26766.6,26810,5387.184
5/13/2023 15:00,26780.8,26812.6,26750.4,26802,5429.077
5/13/2023 14:00,26810.7,26838.5,26722.8,26780.9,11796.435
5/13/2023 13:00,26809.5,26880,26770.3,26810.7,10657.384
5/13/2023 12:00,26814.4,26897,26752,26809.4,12834.405
5/13/2023 11:00,26817.7,26852.8,26785.3,26814.3,5864.096
5/13/2023 10:00,26827.9,26864.8,26761.6,26817.8,8265.511
5/13/2023 9:00,26787,26834.5,26772.8,26828,7117.567
5/13/2023 8:00,26759.2,26806.6,26727.3,26787,6609.874
5/13/2023 7:00,26722.1,26786.4,26674.9,26759.3,8665.664
5/13/2023 6:00,26731.2,26758.3,26699,26722,6622.085
5/13/2023 5:00,26785,26862.9,26722,26731.2,10212.572
5/13/2023 4:00,26794.6,26832.8,26735,26785,6569.975
5/13/2023 3:00,26767.5,26844.5,26757.7,26794.6,5810.962
5/13/2023 2:00,26818.2,26831,26751.1,26767.5,9139.186
5/13/2023 1:00,26825.8,26974.1,26769.6,26818.1,28449.367
5/13/2023 0:00,26785.2,26829.2,26678.5,26825.7,13253.552
5/12/2023 23:00,26675.8,26799.4,26645,26785.1,13044.946
5/12/2023 22:00,26733.2,26882.8,26620,26675.7,23102.347
5/12/2023 21:00,26425.6,26800,26425.5,26733.2,42799.566
5/12/2023 20:00,26445.1,26476.1,26347.5,26425.6,28126.038
5/12/2023 19:00,26290.1,26480,25751,26445.2,92540.005
5/12/2023 18:00,26288.6,26357.8,26286,26290,8451.676
5/12/2023 17:00,26281.5,26399.8,26267.3,26288.6,11509.233
5/12/2023 16:00,26307.6,26398.2,26225.7,26281.5,19723.243
5/12/2023 15:00,26302.1,26387.3,26254.2,26307.7,18357.052
5/12/2023 14:00,26436.1,26599.4,26275,26302.1,37434.943
5/12/2023 13:00,26397.2,26555.9,26339.2,26436.2,22893.262
5/12/2023 12:00,26332.9,26473,26308.7,26397.3,20177.506
5/12/2023 11:00,26327.5,26409.5,26302.8,26333,9408.136
5/12/2023 10:00,26368.7,26418.3,26322,26327.5,10781.169
5/12/2023 9:00,26277.3,26425.8,26277.2,26368.6,20450.001
5/12/2023 8:00,26294,26362.7,26220,26277.2,14339.385
5/12/2023 7:00,26287.2,26383.8,26250.2,26294.1,19958.737
5/12/2023 6:00,26261.3,26312.2,26100.1,26287.2,40834.483
5/12/2023 5:00,26644.6,26657.7,26140,26261.3,49042.067
5/12/2023 4:00,26574.7,26699.2,26500,26644.6,21859.398
5/12/2023 3:00,26632,26695,26516.6,26574.8,27894.783
5/12/2023 2:00,26865.1,26876.8,26515,26631.9,34741.029
5/12/2023 1:00,27020,27090,26830,26865.1,17703.264
5/12/2023 0:00,26956.4,27036.7,26907.5,27019.9,10473.239
5/11/2023 23:00,26890,27050,26800,26956.4,15513.861
5/11/2023 22:00,26966.2,27041,26878,26890.1,11761.401
5/11/2023 21:00,26982,27050.8,26927.6,26966.2,10226.575
5/11/2023 20:00,26831.5,27027,26787.3,26981.9,15998.483
5/11/2023 19:00,26950.8,27046.1,26688.8,26831.4,33079.95
5/11/2023 18:00,26894,26984.9,26757.4,26950.8,27629.585
5/11/2023 17:00,27115.1,27136.4,26730,26894.1,66959.587
5/11/2023 16:00,27166.3,27214.4,27088.3,27115.1,19039.621
5/11/2023 15:00,27111.2,27216.3,27033.1,27166.3,27670.257
5/11/2023 14:00,27197,27330.2,26924,27111.2,61490.638
5/11/2023 13:00,27385.3,27484.5,27060,27197,50367.242
5/11/2023 12:00,27393.2,27630,27293.4,27385.3,47738.418
5/11/2023 11:00,27446.6,27472.1,27360.5,27393.2,10639.672
5/11/2023 10:00,27404.3,27478.6,27394,27446.6,8562.713
5/11/2023 9:00,27381.8,27440,27335.5,27404.4,11487.709
5/11/2023 8:00,27437.5,27438.9,27220,27381.9,24584.92
5/11/2023 7:00,27489.3,27544.1,27401.1,27437.5,12627.741
5/11/2023 6:00,27515.5,27526,27444.9,27489.2,7177.272
5/11/2023 5:00,27484,27527.6,27412,27515.4,9230.436
5/11/2023 4:00,27435.1,27484,27382.4,27484,10156.825
5/11/2023 3:00,27495.8,27495.8,27352.3,27435.1,16608.491
5/11/2023 2:00,27543.5,27571.7,27486.7,27495.9,8844.867
5/11/2023 1:00,27500,27572.3,27462,27543.5,12369.847
5/11/2023 0:00,27583,27611.5,27410.3,27500,19056.252
5/10/2023 23:00,27655.5,27715.3,27560,27582.9,13176.519
5/10/2023 22:00,27497.4,27697,27480,27655.5,15844.47
5/10/2023 21:00,27848.4,27860,27177,27497.5,40654.457
5/10/2023 20:00,27683.6,27979.8,27641,27848.3,29754.998
5/10/2023 19:00,27417,27780,27396.1,27683.6,39660.781
5/10/2023 18:00,27481.1,27525.7,27335,27417,34470.262
5/10/2023 17:00,28166.6,28207.9,26666.6,27481.1,188857.363
5/10/2023 16:00,28141.2,28290,28131.1,28166.6,26625.514
5/10/2023 15:00,28077.9,28207,28062.9,28141.2,18786.903
5/10/2023 14:00,28153.8,28243.8,28032,28078,31278.882
5/10/2023 13:00,28160.2,28297,28014.4,28153.7,66184.169
5/10/2023 12:00,27660.6,28169,27623.4,28160.1,97700.126
5/10/2023 11:00,27579.2,27669.8,27575.1,27660.7,11454.368
5/10/2023 10:00,27566.7,27601,27515.4,27579.2,8304.699
5/10/2023 9:00,27560.4,27599.8,27528,27566.7,6487.209
5/10/2023 8:00,27532.3,27587.9,27457.8,27560.4,13633.386
5/10/2023 7:00,27613.4,27620.2,27507,27532.4,12072.088
5/10/2023 6:00,27646.1,27646.2,27565,27613.4,9354.631
5/10/2023 5:00,27673.6,27712,27635,27646.1,5786.015
5/10/2023 4:00,27668.9,27680.3,27630,27673.6,5097.68
5/10/2023 3:00,27662.6,27715,27628.6,27668.8,6646.893
5/10/2023 2:00,27685.1,27734.3,27644.4,27662.7,7959.975
5/10/2023 1:00,27735.9,27848.7,27657.2,27685.2,14637.498
5/10/2023 0:00,27610.2,27785.9,27605,27736,18073.79
5/9/2023 23:00,27564,27647.9,27561.2,27610.2,4935.343
5/9/2023 22:00,27589.6,27597.6,27501.3,27564,8225.684
5/9/2023 21:00,27636,27649.1,27566,27589.7,5861.668
5/9/2023 20:00,27704.7,27769.4,27587.6,27636,14680.608
5/9/2023 19:00,27545.9,27714.2,27476.4,27704.7,15458.891
5/9/2023 18:00,27605.4,27667.7,27510.3,27546,12551.51
5/9/2023 17:00,27691.2,27739.6,27550.2,27605.5,19609.92
5/9/2023 16:00,27385.8,27695,27334.6,27691.2,31123.798
5/9/2023 15:00,27523.1,27577,27316.8,27385.8,23404.008
5/9/2023 14:00,27605.4,27618.4,27388.5,27523.1,41225.067
5/9/2023 13:00,27744.9,27810,27537,27605.4,28286.311
5/9/2023 12:00,27663.9,27815.6,27635.1,27744.9,26373.54
5/9/2023 11:00,27573.7,27719,27502.3,27663.9,17201.695
5/9/2023 10:00,27569.4,27642.3,27538.6,27573.7,8878.641
5/9/2023 9:00,27557,27586.9,27520.1,27569.4,7306.095
5/9/2023 8:00,27649.3,27655.1,27536.8,27556.9,8925.726
5/9/2023 7:00,27535.1,27661.7,27496,27649.3,12016.088
5/9/2023 6:00,27540.3,27582.4,27423.9,27535,17692.135
5/9/2023 5:00,27598,27604.6,27492,27540.2,10736.735
5/9/2023 4:00,27612.4,27633.5,27555.4,27598,7115.144
5/9/2023 3:00,27628.4,27636.6,27529.2,27612.5,7676.722
5/9/2023 2:00,27687.3,27689.9,27546,27628.4,9545.063
5/9/2023 1:00,27568.3,27747.9,27549.1,27687.3,18840.056
5/9/2023 0:00,27659.8,27663.5,27528.2,27568.2,9994.238
5/8/2023 23:00,27638.1,27686.5,27565.6,27659.8,10843.394
5/8/2023 22:00,27531.2,27650,27512.5,27638.5,10592.587
5/8/2023 21:00,27519.1,27642.8,27405,27531.2,15041.697
5/8/2023 20:00,27329,27539.8,27250,27519,28780.287
5/8/2023 19:00,27465.3,27489.5,27260.9,27329.1,32047.819
5/8/2023 18:00,27525,27600,27290,27465.3,74935.281
5/8/2023 17:00,27858,27896.7,27522.9,27522.9,29137.433
5/8/2023 16:00,27874.2,27918,27818.4,27858,12516.987
5/8/2023 15:00,27958.2,28074.9,27832.7,27874.1,31610.55
5/8/2023 14:00,27844.6,27973.1,27651.5,27958.1,32096.663
5/8/2023 13:00,27756.9,27960,27717.1,27844.6,25901.662
5/8/2023 12:00,27922.2,27932.9,27726.8,27756.8,20512.637
5/8/2023 11:00,27923.4,27964.6,27856.2,27922.2,13065.549
5/8/2023 10:00,27900,27938.1,27855,27923.4,14690.194
5/8/2023 9:00,27691,27925.8,27663.4,27900,28312.495
5/8/2023 8:00,27957.7,27977.6,27550,27690.9,52912.039
5/8/2023 7:00,28158.2,28179.3,27800,27957.8,40279.591
5/8/2023 6:00,28243.8,28246.4,28120,28158.2,10465.688
5/8/2023 5:00,28110.2,28249,28057.8,28243.8,16816.749
5/8/2023 4:00,28188.1,28219.8,28100.2,28110.2,14792.123
5/8/2023 3:00,28267.9,28267.9,28000,28188,26161.228
5/8/2023 2:00,28208,28293.8,28116.8,28267.8,25110.009
5/8/2023 1:00,28563.4,28580.8,28050,28207.9,56627.13
5/8/2023 0:00,28419.5,28624.6,28345,28563.5,34938.985
5/7/2023 23:00,28727.5,28780.2,28370,28419.4,38281.402
5/7/2023 22:00,28757.9,28830.9,28700,28727.6,11119.45
5/7/2023 21:00,28901.6,28947.7,28715.3,28757.8,11722.732
5/7/2023 20:00,28894,28937.8,28867.2,28901.7,5833.095
5/7/2023 19:00,28843.5,28919.8,28753.6,28894,12476.85
5/7/2023 18:00,28888.5,28945.3,28840.1,28843.4,6744.548
5/7/2023 17:00,28940.9,29019.9,28861.9,28888.6,12543.886
5/7/2023 16:00,28933.1,28963,28800,28940.9,15047.691
5/7/2023 15:00,29031.9,29037.9,28884,28933.1,14240.511
5/7/2023 14:00,28908.6,29088.3,28869.4,29031.9,20854.838
5/7/2023 13:00,28905.1,28991.9,28871.2,28908.7,14064.004
5/7/2023 12:00,28826.5,28932,28825,28905.1,9836.837
5/7/2023 11:00,28837,28918.3,28691.2,28826.5,16739.578
5/7/2023 10:00,28806,28848.9,28778.5,28837,5777.417
5/7/2023 9:00,28845.5,28882.9,28750.2,28806,12407.623
5/7/2023 8:00,28891.8,28950,28830,28845.4,9614.93
5/7/2023 7:00,28899.4,28943,28875.8,28891.9,6345.808
5/7/2023 6:00,28869.9,28928.9,28850,28899.4,7460.945
5/7/2023 5:00,28828.9,28900,28810.5,28870,8047.743
5/7/2023 4:00,28790.8,28845.6,28771.9,28828.8,5907.194
5/7/2023 3:00,28803.8,28838,28730.2,28790.8,11905.041
5/7/2023 2:00,28876,28932,28800,28803.8,11060.178
5/7/2023 1:00,28929.5,29137,28798,28875.9,27647.675
5/7/2023 0:00,28837.9,28947,28775,28929.5,12730.667
5/6/2023 23:00,28816.9,28869.9,28791.9,28837.8,6344.811
5/6/2023 22:00,28797.3,28849.4,28746.2,28816.8,8332.047
5/6/2023 21:00,28783.6,28816.2,28620.2,28797.3,13763.044
5/6/2023 20:00,28831.9,28860,28768.3,28783.5,10533.896
5/6/2023 19:00,28901.3,28950.4,28830,28831.9,12956.802
5/6/2023 18:00,28757.6,28963.9,28755.6,28901.3,23036.982
5/6/2023 17:00,28684.9,28838,28653.9,28757.7,22957.834
5/6/2023 16:00,28557.9,28698,28519.4,28684.9,18258.913
5/6/2023 15:00,28591,28611,28333,28557.9,40265.95
5/6/2023 14:00,28937.4,28937.4,28500,28591,70522.048
5/6/2023 13:00,29087.9,29088,28850,28937.3,36965.08
5/6/2023 12:00,29264.5,29266.7,29001,29088,33919.286
5/6/2023 11:00,29236.3,29273,29208.7,29264.5,6847.223
5/6/2023 10:00,29276.1,29314,29194,29236.4,13416.953
5/6/2023 9:00,29320.7,29352.6,29268.6,29276.1,8469.217
5/6/2023 8:00,29350.2,29359.2,29108,29320.7,29322.069
5/6/2023 7:00,29376.1,29430,29348.6,29350.2,8862.446
5/6/2023 6:00,29340.5,29382.2,29225.3,29376.1,16534.955
5/6/2023 5:00,29342.6,29382.6,29324.1,29340.4,6853.554
5/6/2023 4:00,29360,29404.6,29314.7,29342.6,10477.159
5/6/2023 3:00,29457.7,29463,29335,29360.1,15351.303
5/6/2023 2:00,29535.2,29538.5,29433.4,29457.8,10931.427
5/6/2023 1:00,29657.3,29674.2,29485.2,29535.2,17793.482
5/6/2023 0:00,29491.5,29840,29460,29657.3,32912.42
5/5/2023 23:00,29579.8,29589.5,29460,29491.5,10442.616
5/5/2023 22:00,29475.1,29650,29460.6,29579.9,12028.342
5/5/2023 21:00,29483,29544.6,29440.4,29475.2,7091.248
5/5/2023 20:00,29548.7,29583.9,29440,29483,11219.232
5/5/2023 19:00,29391.3,29551,29368,29548.7,14388.151
5/5/2023 18:00,29455.3,29535.8,29304,29391.2,23479.5
5/5/2023 17:00,29580,29667,29445.6,29455.3,26630.822
5/5/2023 16:00,29347.5,29693,29347.4,29580,68704.802
5/5/2023 15:00,29244.9,29376,29150,29347.4,31487.223
5/5/2023 14:00,29163.8,29437.5,29099.9,29244.8,53536.983
5/5/2023 13:00,28939.2,29230,28883.5,29163.7,42156.606
5/5/2023 12:00,29137.6,29276.4,28618.3,28939.1,65465.107
5/5/2023 11:00,29095.4,29185.6,29054,29137.5,14169.09
5/5/2023 10:00,29089.9,29123.3,29053.3,29095.5,7330.808
5/5/2023 9:00,29046,29130,29010,29089.9,11827.041
5/5/2023 8:00,29058.9,29109.9,29025.7,29046,10778.618
5/5/2023 7:00,29152.6,29228.4,29025,29059,23148.383
5/5/2023 6:00,29186.9,29221.3,29110,29152.6,10384.068
5/5/2023 5:00,29213.8,29240,29140.7,29187,9100.394
5/5/2023 4:00,29187,29264.3,29174.3,29213.8,10089.104
5/5/2023 3:00,29233,29285.8,29130,29187,15884.839
5/5/2023 2:00,29314.9,29551,29185,29233,44148.97
5/5/2023 1:00,28923.6,29340,28863.4,29314.9,44163.054
5/5/2023 0:00,28826,28948.5,28802.8,28923.6,10830.176
5/4/2023 23:00,28762.9,28849.1,28761.9,28826,5980.729
5/4/2023 22:00,28830.1,28844.1,28731.2,28762.8,7504.271
5/4/2023 21:00,28856.8,28884.5,28767.6,28830,6231.867
5/4/2023 20:00,28883.2,28913.3,28802.8,28856.8,9724.122
5/4/2023 19:00,28786.1,28886.8,28710,28883.2,15603.521
5/4/2023 18:00,28830.9,28843.9,28660,28786.1,22321.207
5/4/2023 17:00,28909.4,28948.4,28775.3,28830.9,16516.084
5/4/2023 16:00,28850,28966,28790.5,28909.4,19350.157
5/4/2023 15:00,28769.9,28933.6,28758.9,28850,18936.78
5/4/2023 14:00,28745.6,28930,28717,28770,34001.07
5/4/2023 13:00,29045,29078.4,28660,28745.6,63607.342
5/4/2023 12:00,29145,29221.5,28970,29045,29389.558
5/4/2023 11:00,29234.6,29255.1,29100,29145,16870.58
5/4/2023 10:00,29079.5,29380,29053.8,29234.6,39252.068
5/4/2023 9:00,29076.8,29105,29021.2,29079.5,7943.084
5/4/2023 8:00,29048.7,29096.5,28967.4,29076.8,14023.991
5/4/2023 7:00,29149.2,29168.3,29022.4,29048.6,13314.352
5/4/2023 6:00,29190.9,29228.1,29076.1,29149.3,12448.613
5/4/2023 5:00,29089.8,29220,29044,29191,15918.48
5/4/2023 4:00,29084.7,29115.5,29050.3,29089.8,8660.026
5/4/2023 3:00,29052.3,29093.2,29000,29084.7,9556.252
5/4/2023 2:00,29057.4,29176.6,28979.7,29052.4,14920.752
5/4/2023 1:00,29030,29067.6,28962.2,29057.4,8412.858
5/4/2023 0:00,29018.4,29097.6,28938.5,29030,15937.82
5/3/2023 23:00,29096.1,29126.5,28932.6,29018.4,22021.792
5/3/2023 22:00,28915.1,29258.4,28915,29096,51091.624
5/3/2023 21:00,28503.5,29051.9,28501.3,28915,59649.833
5/3/2023 20:00,28308.8,28569.2,28267.3,28503.4,24354.591
5/3/2023 19:00,28429.3,28493.4,28200,28308.8,44013.148
5/3/2023 18:00,28559.2,28800,28215,28429.2,104202.131
5/3/2023 17:00,28464.8,28773.5,28391.2,28559.3,55293.934
5/3/2023 16:00,28292.6,28480,28230.1,28464.7,26199.98
5/3/2023 15:00,28206.6,28336.8,28130.2,28292.7,19285.868
5/3/2023 14:00,28359.1,28365.9,28080,28206.6,26999.056
5/3/2023 13:00,28296.3,28386.5,28115.4,28359.1,44619.237
5/3/2023 12:00,28535,28567,28220,28296.4,44167.776
5/3/2023 11:00,28565.4,28641.8,28515,28535.1,12423.64
5/3/2023 10:00,28653.3,28668.9,28545,28565.4,10816.127
5/3/2023 9:00,28676.7,28685.1,28590,28653.3,9085.801
5/3/2023 8:00,28638.4,28758.9,28572.9,28676.8,19955.637
5/3/2023 7:00,28589.5,28659,28568.4,28638.3,9703.476
5/3/2023 6:00,28467.9,28674,28420,28589.5,20304.416
5/3/2023 5:00,28500,28510,28444.5,28467.8,5806.51
5/3/2023 4:00,28505.5,28510,28407.3,28499.9,8363.03
5/3/2023 3:00,28497.8,28528.4,28433,28505.4,7404.504
5/3/2023 2:00,28527.9,28534.1,28324.4,28497.8,19076.425
5/3/2023 1:00,28492.1,28586.1,28472,28527.9,12443.711
5/3/2023 0:00,28656.4,28682.1,28468,28492,19183.983
5/2/2023 23:00,28727,28758.5,28618,28656.5,9192.151
5/2/2023 22:00,28649.6,28820,28639,28727,17152.428
5/2/2023 21:00,28661.6,28686,28600.6,28649.6,7603.552
5/2/2023 20:00,28676.5,28779,28620.9,28661.5,14507.574
5/2/2023 19:00,28707.3,28888,28633.1,28676.4,34646.851
5/2/2023 18:00,28569.7,28780,28522.4,28707.3,29772.252
5/2/2023 17:00,28457.1,28584.4,28412,28569.7,16429.096
5/2/2023 16:00,28521,28608.2,28427.2,28457.1,29285.622
5/2/2023 15:00,28357.9,28778,28250.4,28521.1,70034.657
5/2/2023 14:00,27994.9,28624.8,27900,28357.9,117130.494
5/2/2023 13:00,28095.7,28129.7,27917.9,27994.9,21561.811
5/2/2023 12:00,28076.2,28250,27981.5,28095.7,22843.7
5/2/2023 11:00,28001.1,28090,28001.1,28076.1,8071.866
5/2/2023 10:00,27970,28036,27953.1,28001.1,6440.509
5/2/2023 9:00,28017.8,28060,27921.6,27970,14483.078
5/2/2023 8:00,28045.1,28121.8,28002.5,28017.8,10181.281
5/2/2023 7:00,27983.3,28158,27974.7,28045,15930.534
5/2/2023 6:00,27987.2,28024.1,27951.5,27983.4,6715.112
5/2/2023 5:00,27916.9,28006.3,27854,27987.2,10180.553
5/2/2023 4:00,28031.9,28035.2,27901,27916.9,7042.058
5/2/2023 3:00,28000,28038,27916,28031.9,8114.049
5/2/2023 2:00,27927.2,28027.5,27913.1,28000,8573.715
5/2/2023 1:00,28033,28083.4,27899.7,27927.2,12745.738
5/2/2023 0:00,28054.5,28131.9,27963.5,28033,14907.588
5/1/2023 23:00,28001.7,28127.7,27988.6,28054.4,11360.509
5/1/2023 22:00,27975.2,28143,27922.7,28001.8,16465.988
5/1/2023 21:00,27663.7,28073,27657.8,27975.3,22830.241
5/1/2023 20:00,27833.9,27950,27650,27663.7,34376.072
5/1/2023 19:00,28161.8,28179.6,27780,27833.9,62008.32
5/1/2023 18:00,28266.1,28279.1,28066,28161.8,16929.633
5/1/2023 17:00,28350.4,28402.3,28147.8,28266.2,26434.394
5/1/2023 16:00,28158.5,28383.9,28000,28350.5,43509.853
5/1/2023 15:00,28462.5,28479.6,28052.1,28158.3,67210.92
5/1/2023 14:00,28445.4,28565,28300,28462.5,32941.439
5/1/2023 13:00,28581.4,28618,28425,28445.4,15569.05
5/1/2023 12:00,28510.6,28596.5,28426.3,28581.4,14458.217
5/1/2023 11:00,28537.8,28571.5,28485.5,28510.6,8064.328
5/1/2023 10:00,28511.7,28550.9,28464.6,28537.9,7866.24
5/1/2023 9:00,28561.4,28659.2,28473.5,28511.7,13693.436
5/1/2023 8:00,28609.9,28616.8,28529.9,28561.4,9837.98
5/1/2023 7:00,28578,28700,28559.8,28610,20091.459
5/1/2023 6:00,28467.9,28587.3,28435.6,28578,12744.735
5/1/2023 5:00,28543.7,28620,28200,28468,34496.315
5/1/2023 4:00,28545.6,28577.3,28470.1,28543.7,10658.729
5/1/2023 3:00,28535,28584.3,28420,28545.6,17543.547
5/1/2023 2:00,28488.2,28666,28392.5,28535,34143.384
5/1/2023 1:00,29303.3,29303.3,28333,28488.3,75013.769
5/1/2023 0:00,29223,29325.5,29198.2,29303.3,16725.93
4/30/2023 23:00,29363.2,29410.9,29145.5,29223,15456.408
4/30/2023 22:00,29399.7,29422.3,29348.3,29363.2,7258.145
4/30/2023 21:00,29314.9,29471,29299.1,29399.8,20974.571
4/30/2023 20:00,29346,29346,29145.3,29314.9,31477.405
4/30/2023 19:00,29569.3,29587.6,29200,29346,47218.359
4/30/2023 18:00,29628.4,29658.3,29500,29569.4,20232.483
4/30/2023 17:00,29700.1,29820,29628.3,29628.4,15019.132
4/30/2023 16:00,29644.4,29860,29613.2,29700.1,34549.275
4/30/2023 15:00,29377,29950,29377,29644.2,106467.548
4/30/2023 14:00,29277.9,29452.7,29241.7,29377,17731.799
4/30/2023 13:00,29227.2,29322.5,29221.9,29278,11047.819
4/30/2023 12:00,29184.6,29242,29169.9,29227.2,7154.313
4/30/2023 11:00,29210.6,29244.8,29150,29184.6,7224.037
4/30/2023 10:00,29242.7,29307.4,29170,29210.7,10205.472
4/30/2023 9:00,29260.7,29261.8,29208,29242.7,5089.769
4/30/2023 8:00,29251.9,29349.9,29230.1,29260.7,10799.693
4/30/2023 7:00,29260,29287.5,29248.3,29252,5340.139
4/30/2023 6:00,29245.8,29271.9,29220.3,29260,6575.727
4/30/2023 5:00,29198.6,29258.9,29192,29245.9,7318.606
4/30/2023 4:00,29168,29208.4,29158.6,29198.5,5213.572
4/30/2023 3:00,29162.5,29179.9,29130.5,29168,4516.821
4/30/2023 2:00,29084.4,29173.6,29073.3,29162.6,6490.679
4/30/2023 1:00,29124.4,29157.3,29067.4,29084.5,8948.589
4/30/2023 0:00,29212.7,29217.7,29100,29124.3,5488.485
4/29/2023 23:00,29186.1,29230,29115.6,29212.7,6932.561
4/29/2023 22:00,29219,29222.1,29166.4,29186,3883.871
4/29/2023 21:00,29205.8,29247.9,29158.2,29219,4354.882
4/29/2023 20:00,29222.1,29258.6,29182.2,29205.7,4651.309
4/29/2023 19:00,29165.8,29300,29150.3,29222,10174.341
4/29/2023 18:00,29142.4,29207.5,29111.5,29165.8,10146.379
4/29/2023 17:00,29265.3,29269.2,29000.4,29142.5,21074.39
4/29/2023 16:00,29258,29289.8,29230,29265.3,6270.212
4/29/2023 15:00,29319.1,29331.6,29200.2,29258.1,10988.547
4/29/2023 14:00,29371.9,29380,29306,29319.1,8297.588
4/29/2023 13:00,29269.1,29385,29266.5,29371.9,13106.676
4/29/2023 12:00,29323.4,29328.6,29267,29269.2,6361.542
4/29/2023 11:00,29257.3,29326.6,29225,29323.4,8992.324
4/29/2023 10:00,29290.2,29302.7,29227.8,29257.2,5975.121
4/29/2023 9:00,29300,29310,29233.4,29290.1,9965.335
4/29/2023 8:00,29333.8,29349.9,29250,29300,10132.011
4/29/2023 7:00,29316,29363.2,29276,29333.9,12598.383
4/29/2023 6:00,29345.9,29371.6,29275,29316.1,7585.749
4/29/2023 5:00,29363,29422.4,29338,29346,7025.29
4/29/2023 4:00,29328.8,29443.9,29324.2,29363,9720.111
4/29/2023 3:00,29358.1,29387.7,29320,29328.8,7591.613
4/29/2023 2:00,29257.3,29385.9,29253,29358.1,14364.863
4/29/2023 1:00,29251.9,29288.7,29202.3,29257.2,6196.184
4/29/2023 0:00,29300,29339,29180,29252,11623.962
4/28/2023 23:00,29327.3,29381.8,29250,29300,8089.192
4/28/2023 22:00,29310.1,29417.9,29304.4,29327.3,9374.906
4/28/2023 21:00,29322.3,29352.9,29286,29310.1,5980.074
4/28/2023 20:00,29317.6,29397.8,29278,29322.3,9887.035
4/28/2023 19:00,29226.7,29433.4,29226.7,29317.6,28924.549
4/28/2023 18:00,29225,29245.7,29101.4,29226.8,14864.258
4/28/2023 17:00,29259.7,29277,29126,29225,18157.086
4/28/2023 16:00,29134,29290,29080.3,29259.6,28048.116
4/28/2023 15:00,29087.8,29169.6,28925,29133.9,28999.422
4/28/2023 14:00,29018.8,29292,28983.3,29087.8,46724.764
4/28/2023 13:00,29213.9,29348.6,28870,29018.8,57638.66
4/28/2023 12:00,29225.9,29463.3,29170.1,29213.8,36702.449
4/28/2023 11:00,29249.1,29314.9,29180,29226,12501.702
4/28/2023 10:00,29187.3,29340,29160.4,29249,16741.964
4/28/2023 9:00,29242.9,29287,29123.5,29187.3,19042.306
4/28/2023 8:00,29473.8,29493.7,29110.4,29242.9,38424.581
4/28/2023 7:00,29459,29514,29420.8,29473.9,12597.183
4/28/2023 6:00,29462.8,29507.4,29382.9,29459.1,11572.83
4/28/2023 5:00,29489.8,29560.9,29436.7,29462.9,11513.877
4/28/2023 4:00,29412.8,29535,29399.1,29489.7,13868.847
4/28/2023 3:00,29385.6,29432.6,29314.9,29412.8,16110.567
4/28/2023 2:00,29501.9,29535,29357.8,29385.6,12798.033
4/28/2023 1:00,29539.6,29591.1,29390,29502,25317.213
4/28/2023 0:00,29459,29555.2,29336.5,29539.6,24470.541
4/27/2023 23:00,29375.5,29488.1,29361.4,29459,14995.696
4/27/2023 22:00,29631.1,29658.2,29239.2,29375.6,24503.074
4/27/2023 21:00,29610,29781.7,29523,29631,23839.024
4/27/2023 20:00,29659.9,29743.9,29448.2,29610.1,35239.697
4/27/2023 19:00,29758.8,29853.4,29441.5,29659.9,62579.953
4/27/2023 18:00,29282.6,29898,29215.7,29758.8,82460.267
4/27/2023 17:00,29121.1,29432.6,29079.3,29282.6,36994.468
4/27/2023 16:00,29136.6,29200,29001,29121,22789.441
4/27/2023 15:00,28964.8,29600,28814.4,29136.7,98431.126
4/27/2023 14:00,28920,29092.7,28918.6,28964.8,29705.611
4/27/2023 13:00,28846.6,28948,28836,28920.1,26018.532
4/27/2023 12:00,28921.2,29040,28650,28846.6,52544.212
4/27/2023 11:00,28981.9,29139.2,28863.8,28921.2,31235.263
4/27/2023 10:00,28920.1,29029,28876.8,28981.9,15320.227
4/27/2023 9:00,28941.9,29024.1,28850,28920.1,18488.673
4/27/2023 8:00,28880.1,29088.6,28768,28941.9,33157.249
4/27/2023 7:00,28778.6,28948.6,28688.1,28880,25690.638
4/27/2023 6:00,29071.9,29085.3,28612.7,28778.6,38121.279
4/27/2023 5:00,29079.3,29272.6,29036.3,29071.9,28550.185
4/27/2023 4:00,28876.6,29140,28858.7,29079.3,20097.11
4/27/2023 3:00,29025,29038.9,28817.6,28876.6,22260.071
4/27/2023 2:00,28730.3,29100,28730.2,29025,34108.029
4/27/2023 1:00,29215.2,29333,28532,28730.3,70436.637
4/27/2023 0:00,28396,29480,28365.3,29215.1,105018.277
4/26/2023 23:00,28282.3,28440,28243.8,28395.9,24256.778
4/26/2023 22:00,28669.9,28729.1,28150,28282.2,54225.239
4/26/2023 21:00,28405.4,28700,28068,28670,67112.327
4/26/2023 20:00,27871.9,28412.6,27200,28405.3,187937.55
4/26/2023 19:00,29732.8,29732.8,27644.2,27871.9,224546.43
4/26/2023 18:00,29713.4,29799.7,29700.1,29732.7,17751.993
4/26/2023 17:00,29803.6,29833.8,29646.8,29713.3,20567.301
4/26/2023 16:00,29803.1,29899,29719.8,29803.7,34468.906
4/26/2023 15:00,29687.9,29849.8,29662,29803,31243.297
4/26/2023 14:00,29837.4,29876.6,29504.8,29687.9,59397.248
4/26/2023 13:00,29955.1,30042,29651,29837.4,66399.312
4/26/2023 12:00,28940.7,30048.2,28940.6,29955,149278.955
4/26/2023 11:00,28982.8,29146.4,28890,28940.7,38118.133
4/26/2023 10:00,28849.5,29099,28761,28982.8,57588.723
4/26/2023 9:00,28703.5,28930,28666,28849.5,52727.028
4/26/2023 8:00,28364.9,28777,28357.1,28703.5,65094.541
4/26/2023 7:00,28377.6,28394.1,28300,28365,13664.013
4/26/2023 6:00,28380,28588,28328.1,28377.6,28786.033
4/26/2023 5:00,28315,28407,28315,28379.9,9861.48
4/26/2023 4:00,28296.1,28359,28285.9,28315,10492.196
4/26/2023 3:00,28374.9,28449.6,28290.5,28296.2,14668.482
4/26/2023 2:00,28370.7,28388.1,28330,28375,9111.838
4/26/2023 1:00,28287.1,28373.1,28232.8,28370.6,15030.921
4/26/2023 0:00,28286.7,28473,28250.1,28287,32595.944
4/25/2023 23:00,28219.3,28347,28152,28286.7,20756.383
4/25/2023 22:00,28249.4,28379.9,28190,28219.3,34553.687
4/25/2023 21:00,27961.7,28300,27961.6,28249.3,48703.714
4/25/2023 20:00,27596.2,28053.4,27596.2,27961.6,58161.217
4/25/2023 19:00,27565.4,27649,27462.5,27596.1,23154.43
4/25/2023 18:00,27608.2,27787.5,27540.4,27565.3,41136.804
4/25/2023 17:00,27385.9,27679,27306.2,27608.2,37367.535
4/25/2023 16:00,27329.5,27409.3,27302.4,27385.9,13727.398
4/25/2023 15:00,27280.1,27427.2,27256.5,27329.5,21879.852
4/25/2023 14:00,27332.6,27385.2,27200,27280,23467.997
4/25/2023 13:00,27383.5,27459.9,27305.5,27332.5,17615.47
4/25/2023 12:00,27382.2,27466,27342,27383.5,12001.463
4/25/2023 11:00,27319.5,27428.2,27300,27382.1,16751.182
4/25/2023 10:00,27311.9,27340.8,27275,27319.5,9083.899
4/25/2023 9:00,27418,27428.6,27269.3,27311.9,13802.344
4/25/2023 8:00,27252.4,27430,27176.6,27418,26901.212
4/25/2023 7:00,27347,27395.4,27222.7,27252.3,20050.466
4/25/2023 6:00,27400.8,27439.4,27332.7,27347,7544.229
4/25/2023 5:00,27398.5,27452.8,27301.5,27400.8,9838.269
4/25/2023 4:00,27337.6,27432,27319.7,27398.5,7849.603
4/25/2023 3:00,27391.6,27423,27305.3,27337.6,8398.641
4/25/2023 2:00,27386.5,27416,27310,27391.6,10211.152
4/25/2023 1:00,27447.8,27508,27351.3,27386.5,9999.868
4/25/2023 0:00,27497.4,27583.6,27415,27447.8,15297.7
4/24/2023 23:00,27447.9,27547.1,27428.2,27497.5,10199.561
4/24/2023 22:00,27400,27510.5,27365.1,27447.8,8100.823
4/24/2023 21:00,27446.7,27449.4,27305.2,27400,7521.721
4/24/2023 20:00,27373.8,27473.8,27327.2,27446.7,11490.961
4/24/2023 19:00,27327.1,27407.3,27307.7,27373.8,10818.29
4/24/2023 18:00,27365.2,27577,27275.8,27327.1,33089.81
4/24/2023 17:00,27100.2,27399,26919.3,27365.3,50063.381
4/24/2023 16:00,27255.9,27385.4,27000,27100.2,47593.734
4/24/2023 15:00,27416.7,27417.8,27208,27256,30956.132
4/24/2023 14:00,27611.9,27689.2,27261.3,27416.8,46697.602
4/24/2023 13:00,27431.3,27700,27375.2,27611.9,40227.1
4/24/2023 12:00,27539.9,27571.1,27409.3,27431.4,17315.544
4/24/2023 11:00,27406.8,27544,27368.4,27540,18977.325
4/24/2023 10:00,27300,27428.8,27294.7,27406.8,13924.091
4/24/2023 9:00,27173.8,27363,27150.2,27300,25091.676
4/24/2023 8:00,27440.9,27510,27140,27173.9,43744.68
4/24/2023 7:00,27534,27534.1,27331,27440.8,29520.138
4/24/2023 6:00,27643.4,27692.8,27450,27534,19020.518
4/24/2023 5:00,27689.8,27746.8,27615,27643.3,10513.414
4/24/2023 4:00,27780.1,27782.3,27682,27689.9,6830.321
4/24/2023 3:00,27730.3,27780.2,27665,27780,9850.616
4/24/2023 2:00,27739.8,27819,27655.1,27730.2,13226.648
4/24/2023 1:00,27793.6,28000,27670.4,27739.8,43190.654
4/24/2023 0:00,27575.9,27869.2,27410,27793.7,33303.528
4/23/2023 23:00,27579.7,27642.6,27529.5,27576,9624.863
4/23/2023 22:00,27499.5,27629.8,27409,27579.6,12387.218
4/23/2023 21:00,27492,27543.2,27474,27499.4,5523.787
4/23/2023 20:00,27453.3,27536.2,27388.3,27492,10033.523
4/23/2023 19:00,27443.5,27518.4,27405.2,27453.3,10965.105
4/23/2023 18:00,27500.6,27531.9,27307,27443.5,25669.613
4/23/2023 17:00,27570.1,27617.1,27464.4,27500.7,11729.651
4/23/2023 16:00,27460.2,27679.6,27355.5,27570.1,26455.798
4/23/2023 15:00,27539,27563.7,27279.7,27460.2,33441.59
4/23/2023 14:00,27614.6,27669.9,27481.3,27538.9,13647.181
4/23/2023 13:00,27594.1,27652,27560,27614.6,7627.356
4/23/2023 12:00,27632.8,27729,27573.6,27594,15762.395
4/23/2023 11:00,27517.1,27636.8,27493.7,27632.8,10775.841
4/23/2023 10:00,27618.1,27631.2,27463.4,27517.1,15897.008
4/23/2023 9:00,27695.9,27708.7,27574,27618,10320.098
4/23/2023 8:00,27704.7,27760,27653.7,27695.8,12950.71
4/23/2023 7:00,27575,27738.5,27533,27704.6,15396.412
4/23/2023 6:00,27573.7,27615.9,27550,27574.9,5524.047
4/23/2023 5:00,27592,27610.9,27519.2,27573.8,6634.009
4/23/2023 4:00,27545.2,27621.8,27533.6,27592,5057.393
4/23/2023 3:00,27580.1,27633,27516.8,27545.2,9074.772
4/23/2023 2:00,27539.5,27598.4,27474,27580.1,8986.863
4/23/2023 1:00,27532.7,27649,27457,27539.4,17495.625
4/23/2023 0:00,27807.2,27807.3,27390.3,27532.8,31101.497
4/22/2023 23:00,27837.8,27868.7,27785,27807.2,13837.053
4/22/2023 22:00,27658.8,27888,27636.2,27837.8,22710.393
4/22/2023 21:00,27621.4,27658.8,27554.6,27658.8,7009.362
4/22/2023 20:00,27604.6,27693.2,27604.6,27621.4,8584.462
4/22/2023 19:00,27585.7,27642.8,27569.4,27604.7,8739.959
4/22/2023 18:00,27654.1,27664.3,27512,27585.7,16143.312
4/22/2023 17:00,27567.4,27780,27551.5,27654,24527.415
4/22/2023 16:00,27477.1,27685.5,27470.5,27567.4,37099.119
4/22/2023 15:00,27463.7,27556.1,27369.1,27477.1,32438.621
4/22/2023 14:00,27241.9,27478,27232.1,27463.8,26851.065
4/22/2023 13:00,27325.2,27347.5,27219.5,27241.9,12607.535
4/22/2023 12:00,27276.1,27349,27270.3,27325.1,10306.534
4/22/2023 11:00,27238.6,27310,27226,27276.1,9686.811
4/22/2023 10:00,27229.3,27254.4,27168,27238.6,11791.619
4/22/2023 9:00,27201.1,27262.1,27201,27229.3,8023.102
4/22/2023 8:00,27268.4,27299.9,27166,27201.1,13388.12
4/22/2023 7:00,27334.8,27343,27204.5,27268.4,12290.803
4/22/2023 6:00,27384,27384.1,27289.2,27334.7,8584.799
4/22/2023 5:00,27334,27387.8,27291,27383.9,7263.649
4/22/2023 4:00,27309.9,27357,27290.6,27334.1,7935.817
4/22/2023 3:00,27229.5,27360,27223.5,27309.9,9495.471
4/22/2023 2:00,27285.8,27313.6,27224,27229.5,9208.936
4/22/2023 1:00,27216.8,27306.3,27126,27285.8,16044.007
4/22/2023 0:00,27252.6,27325,27208.1,27216.7,10981.057
4/21/2023 23:00,27259.8,27330,27235.1,27252.5,12230.421
4/21/2023 22:00,27279.1,27342,27100,27259.7,24858.226
4/21/2023 21:00,27263.7,27365.5,27215.9,27279,14789.816
4/21/2023 20:00,27273.6,27400,27160,27263.7,39139.263
4/21/2023 19:00,27776.8,27799.3,27188,27273.6,111192.959
4/21/2023 18:00,27893.4,27988.2,27700,27776.8,30128.06
4/21/2023 17:00,28035,28053.5,27744,27893.4,44203.626
4/21/2023 16:00,28032.8,28086.4,27930,28035,25590.088
4/21/2023 15:00,28048.4,28137.8,27967,28032.8,25198.552
4/21/2023 14:00,28103.9,28213.3,28025,28048.4,34891.087
4/21/2023 13:00,28206.6,28300,28078,28104,37612.201
4/21/2023 12:00,28054.5,28220.8,27954.4,28206.7,28975.923
4/21/2023 11:00,27990,28085.8,27904.4,28054.5,20683.976
4/21/2023 10:00,28048.9,28146.9,27916.9,27990,17176.894
4/21/2023 9:00,28061.4,28103.4,27954.4,28048.8,16432.196
4/21/2023 8:00,28142.4,28225.8,28000.2,28061.4,26538.294
4/21/2023 7:00,27906,28159.9,27829.4,28142.3,40461.721
4/21/2023 6:00,28143.1,28210.9,27800,27906.5,58267.24
4/21/2023 5:00,28225.9,28248.3,28140.8,28143.1,11832.942
4/21/2023 4:00,28309.2,28332.3,28216.5,28225.9,9233.806
4/21/2023 3:00,28240.7,28325,28230.8,28309.1,9916.128
4/21/2023 2:00,28186,28241.8,28122,28240.6,10118.162
4/21/2023 1:00,28279.4,28310.8,28178,28186,10377.287
4/21/2023 0:00,28229.9,28368.9,28076.1,28279.4,27983.965
4/20/2023 23:00,28239,28305,28167,28229.9,10157.267
4/20/2023 22:00,28220.7,28358.4,28162.4,28238.9,17658.298
4/20/2023 21:00,28192.5,28270,28150,28220.8,13328.092
4/20/2023 20:00,28091.2,28319.7,27995.1,28192.6,28489.022
4/20/2023 19:00,28351.5,28353.8,27983,28091.2,62585.416
4/20/2023 18:00,28441.1,28519.6,28265,28351.5,30955.735
4/20/2023 17:00,28428.6,28595.6,28332.5,28441.2,33008.785
4/20/2023 16:00,28492.4,28650,28200,28428.5,59652.936
4/20/2023 15:00,28706.5,28724.3,28414.6,28492.3,39519.46
4/20/2023 14:00,28803.9,28858,28658.4,28706.6,20841.837
4/20/2023 13:00,28876.3,28886.4,28697.5,28803.9,28590.78
4/20/2023 12:00,28601.5,28940,28300,28876.3,75341.034
4/20/2023 11:00,28838.9,28848.5,28575.6,28601.6,29531.148
4/20/2023 10:00,28852.2,28895,28765.4,28838.9,9903.829
4/20/2023 9:00,28819,28898.4,28808.3,28852.2,8886.479
4/20/2023 8:00,28857.7,28938,28707.5,28819,19868.455
4/20/2023 7:00,28911.1,28932.4,28837.2,28857.7,11481.675
4/20/2023 6:00,28884.6,29078,28882.3,28911.2,22915.833
4/20/2023 5:00,28855.2,28932.5,28803.5,28884.6,9724.672
4/20/2023 4:00,28850,28944.9,28832.4,28855.2,14838.404
4/20/2023 3:00,28734.4,28870,28520.2,28850.1,31560.725
4/20/2023 2:00,28919.4,28947.6,28700,28734.4,17495.483
4/20/2023 1:00,28911,28994.4,28826.6,28919.4,15640.44
4/20/2023 0:00,28795,28957,28704.2,28911,27203.481
4/19/2023 23:00,29068,29080,28557.3,28795.1,70479.379
4/19/2023 22:00,29165,29230.5,29017.8,29068,18611.166
4/19/2023 21:00,29223,29231.4,28800,29165,56221.255
4/19/2023 20:00,29210.5,29309.7,29129.5,29222.9,13928.779
4/19/2023 19:00,29260,29334.9,29180,29210.6,10854.441
4/19/2023 18:00,29301.8,29340,29201,29260.1,14002.883
4/19/2023 17:00,29296.4,29309.7,29033,29301.8,22744.332
4/19/2023 16:00,29248,29357.2,29224,29296.4,14018.659
4/19/2023 15:00,29376.6,29414.7,29015,29247.9,34102.521
4/19/2023 14:00,29317.6,29490,29312,29376.5,32860.717
4/19/2023 13:00,29209.9,29329.9,29164.7,29317.7,16602.517
4/19/2023 12:00,29300,29300,29159,29210,14764.175
4/19/2023 11:00,29240,29329.4,29217.4,29299.9,17845.86
4/19/2023 10:00,29185,29261.7,29065.1,29240,23936.527
4/19/2023 9:00,29148.1,29305.8,29017.8,29184.9,44214.546
4/19/2023 8:00,30064.7,30067.1,28800,29148,138714.598
4/19/2023 7:00,29989.9,30107,29960,30064.8,15143.864
4/19/2023 6:00,30254,30263.7,29985.1,29989.8,25044.931
4/19/2023 5:00,30189.9,30326.9,30160.8,30254.1,9333.935
4/19/2023 4:00,30199.9,30229.6,30130,30189.9,8148.181
4/19/2023 3:00,30191,30270.8,30160,30199.9,6141.314
4/19/2023 2:00,30222.6,30250,30107.2,30191.1,14174.906
4/19/2023 1:00,30306.5,30334.5,30206.1,30222.6,9968.084
4/19/2023 0:00,30365.8,30410,30267.4,30306.4,12008.54
4/18/2023 23:00,30357.5,30399.1,30287.5,30365.8,9427.036
4/18/2023 22:00,30365.1,30398.8,30280,30357.5,8236.443
4/18/2023 21:00,30416.6,30438.1,30272.4,30365,13172.304
4/18/2023 20:00,30205.8,30450,30132.9,30416.6,23556.55
4/18/2023 19:00,30135.9,30227,30085.8,30205.8,12123.113
4/18/2023 18:00,30013.4,30269.7,29927.6,30135.8,40411.972
4/18/2023 17:00,30209.7,30246.1,30000.2,30013.5,20534.657
4/18/2023 16:00,30170.1,30250,30138,30209.8,16028.528
4/18/2023 15:00,30230.4,30274.1,30082.8,30170.2,27684.224
4/18/2023 14:00,30362.3,30377.7,30100,30230.3,41887.73
4/18/2023 13:00,30290.9,30425,30268,30362.4,24045.028
4/18/2023 12:00,30369.7,30480,30266.4,30290.8,50173.894
4/18/2023 11:00,29888.1,30378,29874.2,30369.7,64337.033
4/18/2023 10:00,29887,29973.1,29850.1,29888.2,17369.383
4/18/2023 9:00,29689.2,29940,29680.1,29887,22969.089
4/18/2023 8:00,29756.8,29818,29678.2,29689.2,15694.387
4/18/2023 7:00,29703,29790,29655.1,29756.8,15122.754
4/18/2023 6:00,29530.1,29729.7,29530,29702.9,24152.948
4/18/2023 5:00,29480.3,29595,29480.2,29530.1,14547.844
4/18/2023 4:00,29431.6,29496,29426.6,29480.2,6040.384
4/18/2023 3:00,29453.3,29485,29425,29431.7,5771.08
4/18/2023 2:00,29360.6,29477.9,29360.6,29453.2,11947.519
4/18/2023 1:00,29356,29412.3,29078.1,29360.5,34147.742
4/18/2023 0:00,29420.1,29439.8,29250,29356,13807.628
4/17/2023 23:00,29491.7,29497.9,29380,29420,7041.918
4/17/2023 22:00,29438.2,29524,29438.2,29491.7,6328.724
4/17/2023 21:00,29436,29460,29370,29438.3,7208.019
4/17/2023 20:00,29459.6,29484.6,29414.1,29436.1,9262.259
4/17/2023 19:00,29511.4,29565,29441.3,29459.6,10354.836
4/17/2023 18:00,29450,29565,29442.6,29511.4,11501.618
4/17/2023 17:00,29450.7,29522.4,29432.4,29450,11407.819
4/17/2023 16:00,29346.5,29470,29316.3,29450.7,21783.509
4/17/2023 15:00,29425.1,29454,29219.9,29346.5,25944.73
4/17/2023 14:00,29391,29468.9,29340,29425.1,23923.129
4/17/2023 13:00,29520,29529.9,29231,29391.1,50153.908
4/17/2023 12:00,29558.1,29589.4,29428,29520,31833.617
4/17/2023 11:00,29880.7,29885.7,29283.8,29558.1,56406.597
4/17/2023 10:00,29870.9,29888,29750,29880.6,16522.857
4/17/2023 9:00,29907.3,29913.6,29840,29871,6843.89
4/17/2023 8:00,29831.2,29913.5,29781.6,29907.2,14142.63
4/17/2023 7:00,29890.1,29929.9,29822,29831.1,11740.511
4/17/2023 6:00,29983.9,29992.3,29871.7,29890,7670.655
4/17/2023 5:00,29968.6,29994.6,29921,29984,6132.674
4/17/2023 4:00,29966.5,29973.5,29890,29968.6,7732.991
4/17/2023 3:00,30006.3,30029.1,29936.1,29966.5,7775.525
4/17/2023 2:00,29932.6,30092.4,29871.3,30006.3,15319.537
4/17/2023 1:00,29833,29983.9,29714.1,29932.6,26853.169
4/17/2023 0:00,30286.6,30307.4,29763.1,29833,61633.426
4/16/2023 23:00,30314.7,30333,30230.4,30286.6,6359.337
4/16/2023 22:00,30377.2,30399.9,30282.8,30314.7,5914.123
4/16/2023 21:00,30334.4,30383.6,30261.9,30377.3,7576.276
4/16/2023 20:00,30306,30391.7,30170.9,30334.4,21782.812
4/16/2023 19:00,30487.1,30560,30270.6,30306,33150.368
4/16/2023 18:00,30292,30488.4,30288.9,30487.1,9583.748
4/16/2023 17:00,30335,30377.8,30287.9,30292.1,6632.159
4/16/2023 16:00,30324.7,30338.9,30252.3,30334.9,8246.375
4/16/2023 15:00,30304,30363.2,30289.5,30324.7,9471.514
4/16/2023 14:00,30241,30319.5,30231.9,30304,9949.99
4/16/2023 13:00,30250.1,30256.2,30142.5,30241,12816.204
4/16/2023 12:00,30220.1,30273,30212.9,30250.1,7893.37
4/16/2023 11:00,30280,30314.7,30210,30220.1,6832.721
4/16/2023 10:00,30268.6,30282,30246.9,30280,4411.097
4/16/2023 9:00,30322.8,30322.8,30243,30268.7,8573.574
4/16/2023 8:00,30330.8,30345.1,30312.9,30322.7,3220.191
4/16/2023 7:00,30289.2,30397.4,30279.6,30330.8,6851.818
4/16/2023 6:00,30296.7,30340,30289.1,30289.1,3398.005
4/16/2023 5:00,30291.7,30329.8,30276.4,30296.7,6216.931
4/16/2023 4:00,30249,30309.9,30240.5,30291.8,4836.461
4/16/2023 3:00,30258.7,30269.8,30221.6,30249,3177.721
4/16/2023 2:00,30228,30279.5,30215.3,30258.7,4021.159
4/16/2023 1:00,30270.1,30270.2,30102,30228,14981.964
4/16/2023 0:00,30280.4,30311,30258,30270.2,4328.101
4/15/2023 23:00,30334.1,30347.5,30268.1,30280.4,3918.859
4/15/2023 22:00,30251.9,30350,30220.4,30334,8115.101
4/15/2023 21:00,30268.2,30296,30228.3,30251.9,4673.883
4/15/2023 20:00,30318.9,30333,30250,30268.2,5433.955
4/15/2023 19:00,30287.8,30320,30211.2,30318.8,6926.752
4/15/2023 18:00,30234.6,30295,30232,30287.9,4788.082
4/15/2023 17:00,30306.2,30310,30186,30234.5,11872.479
4/15/2023 16:00,30319.9,30333,30240.3,30306.3,15274.342
4/15/2023 15:00,30352.3,30416,30312.2,30319.9,8921.849
4/15/2023 14:00,30320.4,30374.3,30288,30352.2,7859.483
4/15/2023 13:00,30407.4,30430,30270.7,30320.3,11333.953
4/15/2023 12:00,30370.9,30432.1,30359.8,30407.3,4704.784
4/15/2023 11:00,30400,30429,30340.6,30371,7141.161
4/15/2023 10:00,30444.2,30460,30384,30400.1,5360.384
4/15/2023 9:00,30371.2,30456.6,30371.2,30444.2,6165.412
4/15/2023 8:00,30416.6,30449,30348.7,30371.2,6293.655
4/15/2023 7:00,30376.5,30464,30375.6,30416.6,6499.793
4/15/2023 6:00,30410,30423.3,30345.6,30376.4,3698.992
4/15/2023 5:00,30348.1,30415.7,30344.5,30410,4283.05
4/15/2023 4:00,30367,30383.6,30327.4,30348.1,5747.897
4/15/2023 3:00,30366.1,30414.8,30350,30367.1,4253.913
4/15/2023 2:00,30355.8,30430.4,30333,30366,6518.642
4/15/2023 1:00,30361.1,30395.1,30270,30355.7,11512.194
4/15/2023 0:00,30453,30599.9,30359.6,30361.1,18935.467
4/14/2023 23:00,30416.2,30470.8,30348.5,30453.1,9024.818
4/14/2023 22:00,30431.8,30438,30390,30416.2,6205.272
4/14/2023 21:00,30429.8,30493.2,30376.1,30431.8,10242.953
4/14/2023 20:00,30311.1,30500,30260,30429.9,23153.176
4/14/2023 19:00,30260.9,30337.8,30179.6,30311.2,11886.626
4/14/2023 18:00,30260.6,30340.8,30224.8,30260.8,17114.161
4/14/2023 17:00,30132.6,30273.6,30110.2,30260.5,24918.895
4/14/2023 16:00,30226.7,30264.3,29925,30132.5,48314.286
4/14/2023 15:00,30584.6,30618,30080.1,30226.7,75911.918
4/14/2023 14:00,30701.6,30740.3,30433.6,30584.7,39671.712
4/14/2023 13:00,30606.5,30737.9,30600,30701.7,22401.492
4/14/2023 12:00,30789.9,30840,30557.5,30606.5,35891.055
4/14/2023 11:00,30755.4,30799.9,30710,30790,9085.141
4/14/2023 10:00,30779.5,30819.3,30737,30755.4,11084.053
4/14/2023 9:00,30722.7,30783.9,30685,30779.5,11828.968
4/14/2023 8:00,30739.9,30794,30647,30722.7,19820.981
4/14/2023 7:00,30939,30962.2,30730,30739.9,27666.766
4/14/2023 6:00,30786.8,31059,30700,30939,40593.989
4/14/2023 5:00,30700.9,30836.6,30687.8,30786.8,17246.636
4/14/2023 4:00,30684.5,30748,30665.9,30700.9,9545.091
4/14/2023 3:00,30595,30727.2,30548.5,30684.6,13529.9
4/14/2023 2:00,30776.3,30811.7,30516.4,30595,25698.031
4/14/2023 1:00,30741.4,30950,30681,30776.4,42785.518
4/14/2023 0:00,30362.7,30822.8,30293,30741.3,61770.177
4/13/2023 23:00,30287.8,30380,30262,30362.7,7863.663
4/13/2023 22:00,30265,30385.2,30264.9,30287.7,9426.236
4/13/2023 21:00,30233,30314.5,30225.5,30264.9,5611.276
4/13/2023 20:00,30323,30323.1,30185,30233,16141.207
4/13/2023 19:00,30427.4,30427.5,30290.6,30323.1,17788.915
4/13/2023 18:00,30419.9,30539.7,30398,30427.5,18078.807
4/13/2023 17:00,30312.7,30433.5,30266.5,30419.9,17536.245
4/13/2023 16:00,30422.6,30465.7,30242.1,30312.7,23063.596
4/13/2023 15:00,30428.3,30648.9,30285.5,30422.5,45298.733
4/13/2023 14:00,30164.3,30555.9,30157.1,30428.3,51401.088
4/13/2023 13:00,30258.9,30329.3,30150,30164.3,24785.682
4/13/2023 12:00,30149.1,30300,30116.5,30259,25849.841
4/13/2023 11:00,30191,30230.7,30140.2,30149.2,9424.539
4/13/2023 10:00,30192.6,30235.7,30134.4,30191,9823.31
4/13/2023 9:00,30179,30369,30134.2,30192.7,41030.443
4/13/2023 8:00,30054,30267.7,30025.7,30179,31760.645
4/13/2023 7:00,30000.3,30093.7,29989,30054.1,7585.65
4/13/2023 6:00,30091.2,30107.1,29980.1,30000.3,9523.63
4/13/2023 5:00,30038.7,30120,30025.4,30091.2,5904.875
4/13/2023 4:00,30057.2,30097,30029.6,30038.7,5848.16
4/13/2023 3:00,30105.4,30111.7,30023.8,30057.3,9270.205
4/13/2023 2:00,30048.9,30270,29977,30105.4,18654.637
4/13/2023 1:00,29972.9,30069.4,29928,30048.9,10768.469
4/13/2023 0:00,29874.9,30027.4,29836.7,29972.8,13742.642
4/12/2023 23:00,29832.2,29928.8,29808,29875,8801.41
4/12/2023 22:00,29934.7,29966.5,29772,29832.2,12713.241
4/12/2023 21:00,29934.8,29970,29880,29934.7,7938.413
4/12/2023 20:00,29789.5,29950,29761.9,29934.8,11050.974
4/12/2023 19:00,29901.1,29935.4,29736,29789.5,18489.087
4/12/2023 18:00,30007.9,30047.4,29830,29901.1,22496.459
4/12/2023 17:00,29922.2,30087.7,29900,30007.9,18627.942
4/12/2023 16:00,29948,30030,29900,29922.2,17995.668
4/12/2023 15:00,30006.6,30050,29620,29948,69328.1
4/12/2023 14:00,30039.6,30250,30000.1,30006.5,43001.031
4/12/2023 13:00,30132.6,30330,29940,30039.6,55714.336
4/12/2023 12:00,30003.7,30480,29910,30132.7,98315.933
4/12/2023 11:00,29979.7,30010,29930.1,30003.7,7557.46
4/12/2023 10:00,29996.2,30015,29960,29979.8,6824.203
4/12/2023 9:00,29900.7,30000,29881.4,29996.3,11662.371
4/12/2023 8:00,29979.5,30041.2,29900.1,29900.7,11859.644
4/12/2023 7:00,29921,30063,29910.7,29979.4,16499.551
4/12/2023 6:00,29908.1,29953.3,29829.5,29921,12323.691
4/12/2023 5:00,29962.1,29986,29873,29908.2,9471.136
4/12/2023 4:00,29914.8,29983.9,29874.4,29962.1,9494.2
4/12/2023 3:00,29909.5,29979,29838.5,29914.8,15996.497
4/12/2023 2:00,30157.2,30159.6,29811,29909.4,46684.697
4/12/2023 1:00,30213,30279.3,30104,30157.2,14956.938
4/12/2023 0:00,30185.1,30350,30183.9,30213,15865.448
4/11/2023 23:00,30250.9,30267.4,30145.8,30185.1,9692.162
4/11/2023 22:00,30174.1,30269.9,30127.6,30250.9,10632.899
4/11/2023 21:00,30148.5,30236,30110.8,30174.1,10480.166
4/11/2023 20:00,30122,30165.1,29896,30148.4,36305.546
4/11/2023 19:00,30219.8,30564,30085,30121.9,62655.806
4/11/2023 18:00,30194.1,30236.6,30138,30219.7,11525.533
4/11/2023 17:00,30114.4,30209.4,30017.8,30194.1,18484.034
4/11/2023 16:00,30179.5,30258.8,30080.1,30114.3,20274.099
4/11/2023 15:00,30047.8,30246.8,30026.3,30179.4,23017.078
4/11/2023 14:00,30233.5,30280,29938.9,30047.8,41436.704
4/11/2023 13:00,30088.4,30269,30063,30233.4,26411.713
4/11/2023 12:00,30045.1,30235,29990.4,30088.4,26656.767
4/11/2023 11:00,30114.2,30119.2,30040,30045,12021.921
4/11/2023 10:00,30043.9,30132,30000.1,30114.3,13044.07
4/11/2023 9:00,30091.1,30091.2,29966,30043.9,14803.009
4/11/2023 8:00,30095.3,30140,30029.8,30091.1,13334.501
4/11/2023 7:00,30021,30158,30021,30095.3,15972.269
4/11/2023 6:00,29871.6,30085,29864.4,30021.1,18026.994
4/11/2023 5:00,30099.9,30138,29752.1,29871.6,24720.929
4/11/2023 4:00,30105.7,30160,30010,30099.9,16492.576
4/11/2023 3:00,30074.4,30114.2,29931.8,30105.8,27870.904
4/11/2023 2:00,30192,30491,29987.5,30074.5,64304.493
4/11/2023 1:00,29920.7,30390,29736,30191.9,59285.443
4/11/2023 0:00,29623.1,30153.7,29573.9,29920.6,51528.875
4/10/2023 23:00,29580,29771.6,29570.1,29623.1,32860.152
4/10/2023 22:00,29212.8,29840,29212.8,29580.1,73063.225
4/10/2023 21:00,29107.8,29274.9,29077.3,29212.9,16212.868
4/10/2023 20:00,29164.9,29206.6,29058,29107.7,16384.788
4/10/2023 19:00,29264.8,29290,29040.8,29164.9,26592.689
4/10/2023 18:00,29153.9,29290,29104,29264.8,31246.248
4/10/2023 17:00,29033.1,29300,28992,29154,97587.649
4/10/2023 16:00,28427.7,29180,28368.9,29033.1,88827.166
4/10/2023 15:00,28291.2,28590,28291.2,28427.7,48053.686
4/10/2023 14:00,28207.7,28333,28191,28291.2,16283.592
4/10/2023 13:00,28266.2,28285.6,28153.6,28207.7,18550.31
4/10/2023 12:00,28294.3,28310.5,28250,28266.3,9069.463
4/10/2023 11:00,28319.6,28351.5,28275,28294.3,8027.571
4/10/2023 10:00,28297.1,28363.7,28279,28319.6,6756.817
4/10/2023 9:00,28284.3,28335,28258.7,28297.1,6703.802
4/10/2023 8:00,28278.3,28383,28275.9,28284.3,12225.833
4/10/2023 7:00,28251.9,28296.9,28217,28278.2,7063.727
4/10/2023 6:00,28271.7,28279.4,28236,28252,2910.982
4/10/2023 5:00,28228.5,28306.4,28180,28271.7,14066.47
4/10/2023 4:00,28269.8,28308,28200,28228.5,8416.731
4/10/2023 3:00,28280.2,28313.6,28259,28269.8,5630.933
4/10/2023 2:00,28292.7,28343.5,28259,28280.1,7089.746
4/10/2023 1:00,28368.1,28374.1,28230,28292.8,13539.685
4/10/2023 0:00,28309.4,28420,28270.3,28368,12897.792
4/9/2023 23:00,28365.2,28418.9,28275.6,28309.4,14946.491
4/9/2023 22:00,28423.2,28539.1,28350.1,28365.2,31015.358
4/9/2023 21:00,28105,28480,28099.9,28423.2,37213.198
4/9/2023 20:00,28132.4,28149.9,28077.1,28105,8824.745
4/9/2023 19:00,28014.6,28290.6,27980.4,28132.4,46250.9
4/9/2023 18:00,27892.1,28078,27892.1,28014.5,12142.194
4/9/2023 17:00,27884.8,27916,27860.3,27892.1,4362.872
4/9/2023 16:00,27873.6,27935.6,27871.2,27884.8,6374.297
4/9/2023 15:00,27856.2,27904,27817.7,27873.6,7236.39
4/9/2023 14:00,27896.5,27913.1,27777,27856.1,15160.47
4/9/2023 13:00,27915.1,27915.1,27865,27896.4,4282.665
4/9/2023 12:00,27919.3,27960,27900.3,27915,8769.738
4/9/2023 11:00,27883.8,27923.3,27849.1,27919.3,5908.082
4/9/2023 10:00,27888.5,27904.1,27845,27883.8,4862.626
4/9/2023 9:00,27870.7,27927,27863.4,27888.6,8537.144
4/9/2023 8:00,27888.2,27912.4,27762.8,27870.8,12243.72
4/9/2023 7:00,27865.5,27904,27820,27888.2,14779.067
4/9/2023 6:00,27987.8,27987.9,27820,27865.6,24026.065
4/9/2023 5:00,28024.9,28055,27975,27987.8,5493.026
4/9/2023 4:00,28011.9,28030.1,28002.6,28024.9,3351.261
4/9/2023 3:00,28021.8,28038.1,28005,28012,3369.063
4/9/2023 2:00,28065,28074.3,28019.8,28021.8,6285.876
4/9/2023 1:00,28021.1,28073.2,28011.3,28065,7136.351
4/9/2023 0:00,27924.9,28078.1,27907.7,28021.1,13290.281
4/8/2023 23:00,27923.3,27977.1,27907.9,27924.9,7361.143
4/8/2023 22:00,27919.5,27940.5,27866.4,27923.3,4968.144
4/8/2023 21:00,27895.5,27924.5,27882,27919.4,2698.34
4/8/2023 20:00,27909.2,27941.8,27893.9,27895.4,4207.861
4/8/2023 19:00,27892.2,27939.9,27857.5,27909.1,6345.03
4/8/2023 18:00,27926.1,27945,27855,27892.2,11678.142
4/8/2023 17:00,27990.8,28005.1,27885,27926.1,8176.553
4/8/2023 16:00,28004.3,28010.5,27977.5,27990.9,2941.337
4/8/2023 15:00,28010.2,28015,27970,28004.3,3993.74
4/8/2023 14:00,28008.6,28047.9,27995.5,28010.2,5131.39
4/8/2023 13:00,27977.5,28036.9,27950.7,28008.6,6671.201
4/8/2023 12:00,27997.7,28023.2,27925.1,27977.6,7636.112
4/8/2023 11:00,27999,28023.1,27975.5,27997.7,4323.352
4/8/2023 10:00,28019.9,28023.9,27978.8,27998.9,4867.248
4/8/2023 9:00,28012.1,28050,28000,28020,5278.893
4/8/2023 8:00,28073.8,28107.7,28001,28012.1,7952.014
4/8/2023 7:00,28100,28105.9,28050,28073.8,6757.73
4/8/2023 6:00,28131.9,28150,28072.4,28100.1,12004.838
4/8/2023 5:00,27967.3,28153.6,27959.7,28132,14178.878
4/8/2023 4:00,28005.9,28024.7,27954,27967.3,5248.5
4/8/2023 3:00,27940.7,28069.9,27920.6,28005.9,14365.148
4/8/2023 2:00,27892,27947,27886.9,27940.6,3345.752
4/8/2023 1:00,27870.7,27915,27862.6,27892,3369.114
4/8/2023 0:00,27890.7,27907.8,27850.1,27870.7,5629.1
4/7/2023 23:00,27943.7,27965.8,27877.8,27890.7,5863.173
4/7/2023 22:00,27881.2,27975,27851,27943.7,7727.222
4/7/2023 21:00,27852.6,27899,27842.2,27881.1,3694.831
4/7/2023 20:00,27886.3,27913,27822.9,27852.7,4530.371
4/7/2023 19:00,27877.8,27894.8,27851,27886.4,3216.476
4/7/2023 18:00,27900.9,27920,27856.3,27877.8,3939.516
4/7/2023 17:00,27869.8,27931.3,27869.7,27900.9,4502.543
4/7/2023 16:00,27930.2,27940.6,27842.2,27869.8,6970.702
4/7/2023 15:00,27900,27947.1,27891.4,27930.2,5805.508
4/7/2023 14:00,27883.3,27978.6,27878.1,27899.9,12727.533
4/7/2023 13:00,27876.1,27919.4,27818.6,27883.3,9783.998
4/7/2023 12:00,27829.9,27981.1,27776.5,27876,30584.726
4/7/2023 11:00,27918.1,27924,27786.1,27830,11942.235
4/7/2023 10:00,27859.7,27954,27845,27918.1,10667.354
4/7/2023 9:00,27801.3,27886.8,27772.6,27859.7,9889.529
4/7/2023 8:00,27822.1,27924.3,27785,27801.3,15484.516
4/7/2023 7:00,27950.1,27950.1,27755,27822,17974.312
4/7/2023 6:00,27963.6,27973.5,27885,27950.1,8694.838
4/7/2023 5:00,28010,28011.7,27850,27963.6,12072.398
4/7/2023 4:00,28022.2,28052.2,27982.1,28009.9,5224.151
4/7/2023 3:00,27999,28039.9,27961.3,28022.2,5135.494
4/7/2023 2:00,28041.3,28061.3,27911,27999.1,10183.454
4/7/2023 1:00,28086.2,28092.8,28025,28041.3,4934.092
4/7/2023 0:00,28022.9,28096,27981.4,28086.1,7701.206
4/6/2023 23:00,27994.4,28045.9,27994.4,28022.8,5387.865
4/6/2023 22:00,27973.4,27999.9,27873.5,27994.5,10276.741
4/6/2023 21:00,27965,28043.8,27942.6,27973.4,6820.329
4/6/2023 20:00,28005,28112,27952.6,27965.1,11893.184
4/6/2023 19:00,27950.6,28045.9,27931.3,28005,8369.511
4/6/2023 18:00,28027.7,28085,27939,27950.6,11602.659
4/6/2023 17:00,28051,28074.4,28002,28027.7,11134.149
4/6/2023 16:00,28079.3,28156.2,28030.9,28051.4,14366.067
4/6/2023 15:00,27935.4,28175,27925.5,28079.3,30027.07
4/6/2023 14:00,27877,27976.3,27872,27935.3,18525.216
4/6/2023 13:00,27894.7,27969.9,27724,27877.1,27393.606
4/6/2023 12:00,27935,28089.6,27831,27894.7,26467.414
4/6/2023 11:00,27834.8,27939.2,27831,27934.9,11835.456
4/6/2023 10:00,27891.9,27897,27684.2,27834.9,36818.907
4/6/2023 9:00,27940,28024.6,27885,27891.8,10285.335
4/6/2023 8:00,27896.7,27975.9,27825.6,27940.1,20041.777
4/6/2023 7:00,28053.6,28079.9,27889,27896.8,13415.189
4/6/2023 6:00,28023,28061.9,27994.6,28053.5,6629.388
4/6/2023 5:00,28055.1,28071.5,27943.8,28022.9,9238.842
4/6/2023 4:00,28117.4,28117.5,28053.4,28055,7438.312
4/6/2023 3:00,28027.3,28149.5,28009.7,28117.4,9582.034
4/6/2023 2:00,28046.9,28080.8,27960,28027.3,8475.758
4/6/2023 1:00,27982.4,28080.4,27855,28047,16536.224
4/6/2023 0:00,28154,28166.7,27900.1,27982.4,23355.749
4/5/2023 23:00,28160.3,28199.7,28114.8,28154,5383.695
4/5/2023 22:00,28167.1,28226.5,28112.7,28160.2,7301.118
4/5/2023 21:00,28136.6,28206.7,28114.9,28167.1,6697.243
4/5/2023 20:00,28229.2,28290,28110,28136.7,14776.162
4/5/2023 19:00,28017.3,28300,27947.3,28229.1,32215.83
4/5/2023 18:00,28006.1,28047,27918,28017.2,11787.837
4/5/2023 17:00,27933.1,28094.5,27901,28006,19090.471
4/5/2023 16:00,28015,28040.7,27775,27933,36330.61
4/5/2023 15:00,28092.7,28120,27830.1,28014.9,57063.122
4/5/2023 14:00,28391.3,28463.4,28060,28092.7,58203.514
4/5/2023 13:00,28556.4,28580.2,28300,28391.3,34737.323
4/5/2023 12:00,28543.9,28741,28284.9,28556.3,58755.561
4/5/2023 11:00,28499.7,28559.4,28466.1,28544,8813.682
4/5/2023 10:00,28498.9,28522.8,28470,28499.7,7173.851
4/5/2023 9:00,28530.1,28588.1,28489,28498.9,7979.972
4/5/2023 8:00,28515.7,28593,28432.4,28530,13295.789
4/5/2023 7:00,28520,28529.8,28433.4,28515.7,8898.691
4/5/2023 6:00,28571.6,28591.4,28477,28520,7718.91
4/5/2023 5:00,28496.1,28615,28466,28571.7,10622.87
4/5/2023 4:00,28536.1,28572.9,28468,28496.1,10961.535
4/5/2023 3:00,28558.5,28573,28422.6,28536.1,15261.49
4/5/2023 2:00,28560,28800,28507.5,28558.4,24043.608
4/5/2023 1:00,28655.7,28743.1,28537.4,28560,32093.853
4/5/2023 0:00,28155.1,28745,28085.8,28655.7,54506.101
4/4/2023 23:00,28177.7,28200,28061.5,28155.2,10365.073
4/4/2023 22:00,28215.6,28248.3,28166,28177.7,6721.558
4/4/2023 21:00,28236.4,28245.8,28142.9,28215.6,8802.32
4/4/2023 20:00,28171,28300,28157.8,28236.3,14687.281
4/4/2023 19:00,28102.8,28192.8,28049.7,28171.1,11646.379
4/4/2023 18:00,28215.5,28250,28068,28102.8,13424.501
4/4/2023 17:00,28086.1,28225,28061.4,28215.6,16117.787
4/4/2023 16:00,28011.7,28121,27952.8,28086.1,15392.181
4/4/2023 15:00,28111.6,28135,27935.2,28011.7,30902.401
4/4/2023 14:00,28100.1,28245,28068.1,28111.5,24371.813
4/4/2023 13:00,28252.9,28392.5,28056.9,28100.2,33670.34
4/4/2023 12:00,28274.7,28375.3,28188,28252.9,24795.704
4/4/2023 11:00,28205,28450,28144,28274.6,42720.205
4/4/2023 10:00,28181.1,28343.4,28158.5,28205.1,33340.596
4/4/2023 9:00,28087.9,28199,28023.8,28181.2,16618.817
4/4/2023 8:00,28013.2,28128.9,27909.3,28087.9,13545.699
4/4/2023 7:00,28063.1,28130,27950,28013.2,16532.645
4/4/2023 6:00,27875,28141.6,27843.3,28063.1,22573.287
4/4/2023 5:00,27797.7,27930,27797.6,27874.9,10105.662
4/4/2023 4:00,27843.6,27870,27753.2,27797.6,8987.808
4/4/2023 3:00,27840,27950,27831,27843.7,8727.046
4/4/2023 2:00,27799.9,27937.9,27762.9,27840,14209.32
4/4/2023 1:00,27749.5,27888,27672.9,27799.9,16122.169
4/4/2023 0:00,27786.1,27857.9,27650.2,27749.6,17990.02
4/3/2023 23:00,27789.7,27999.9,27711.6,27786.1,23059.776
4/3/2023 22:00,27699.1,27929.6,27648.4,27789.8,30056.744
4/3/2023 21:00,27569.3,27750,27166,27699,52277.525
4/3/2023 20:00,28071.8,28084,27400,27569.3,73320.764
4/3/2023 19:00,28141.1,28220,28017,28071.8,17558.097
4/3/2023 18:00,27973.4,28230,27935.2,28141,36251.053
4/3/2023 17:00,27917.3,28084.9,27863,27973.4,22396.677
4/3/2023 16:00,28034.1,28128,27900,27917.4,23312.805
4/3/2023 15:00,27982.7,28090,27941.6,28032.5,24291.809
4/3/2023 14:00,28247.9,28292,27933,27982.5,44088.688
4/3/2023 13:00,28150,28370,28103,28247.9,37971.06
4/3/2023 12:00,28243.3,28244.7,28050.6,28150.1,35359.785
4/3/2023 11:00,28291.3,28312.2,28197.6,28243.4,26732.816
4/3/2023 10:00,28318.4,28540,28290,28291.3,32956.838
4/3/2023 9:00,28326.2,28394.7,28290,28318.3,24549.941
4/3/2023 8:00,27946.5,28460,27944,28326.3,85676.253
4/3/2023 7:00,27764,27951.9,27755.8,27946.5,24278.966
4/3/2023 6:00,27666,27786,27632.2,27764,11037.265
4/3/2023 5:00,27692.7,27753,27639.6,27665.9,10009.055
4/3/2023 4:00,27738.1,27742.3,27559.2,27692.8,14232.888
4/3/2023 3:00,27706.8,27765.2,27609,27738.1,15703.699
4/3/2023 2:00,27696.7,27798.2,27644.7,27706.8,19751.965
4/3/2023 1:00,28100.7,28133,27552.4,27696.8,47330.085
4/3/2023 0:00,28161.3,28171.3,28050,28100.7,9461.009
4/2/2023 23:00,28093.4,28197.6,28027,28161.2,13529.194
4/2/2023 22:00,27999.2,28114,27825.2,28093.3,22412.397
4/2/2023 21:00,28042.1,28142.8,27970,27999.2,10923.221
4/2/2023 20:00,27933.7,28079.7,27888,28042.2,12356.366
4/2/2023 19:00,28145.4,28160.5,27820,27933.7,26506.373
4/2/2023 18:00,28178.6,28202.3,28135.6,28145.5,8115.27
4/2/2023 17:00,28111.7,28218.2,28092.5,28178.7,17031.597
4/2/2023 16:00,28110.1,28134.4,27900,28111.7,31530.679
4/2/2023 15:00,28258.1,28262.1,28022,28110.2,38732.309
4/2/2023 14:00,28271.9,28343.7,28226.9,28258,9193.486
4/2/2023 13:00,28255.1,28327.2,28114.9,28271.8,27907.078
4/2/2023 12:00,28344.9,28352.5,28223.8,28255.1,16758.851
4/2/2023 11:00,28355.1,28380,28287,28344.9,9771.902
4/2/2023 10:00,28399.4,28406.9,28340,28355.2,6664.115
4/2/2023 9:00,28370.1,28432.9,28354.5,28399.3,6377.35
4/2/2023 8:00,28401.3,28409.3,28350,28370.2,7956.71
4/2/2023 7:00,28445.1,28468.8,28392,28401.3,5359.422
4/2/2023 6:00,28454,28483.7,28397.2,28445.1,4648.376
4/2/2023 5:00,28370,28464.2,28366,28453.9,5999.842
4/2/2023 4:00,28463,28475,28366.5,28370.1,5962.206
4/2/2023 3:00,28391.6,28516.5,28390,28463,8871.642
4/2/2023 2:00,28373.6,28421.5,28357.4,28391.6,4583.197
4/2/2023 1:00,28349,28425.6,28340,28373.7,6183.366
4/2/2023 0:00,28443.7,28487.8,28341.7,28348.9,9283.721
4/1/2023 23:00,28504.3,28549,28422.7,28443.8,6536.714
4/1/2023 22:00,28464.8,28528.8,28463,28504.3,5627.397
4/1/2023 21:00,28435.1,28509.6,28411,28464.7,6485.372
4/1/2023 20:00,28368.4,28575,28365,28435.2,18084.7
4/1/2023 19:00,28366.7,28375,28330,28368.3,3766.099
4/1/2023 18:00,28355.2,28373.2,28319,28366.8,4894.014
4/1/2023 17:00,28312.5,28375,28303.5,28355.1,6325.893
4/1/2023 16:00,28387.2,28430,28259.2,28312.6,13693.314
4/1/2023 15:00,28299.9,28399,28180,28387.2,17024.153
4/1/2023 14:00,28407.5,28410,28255,28300,14077.163
4/1/2023 13:00,28413.1,28430,28361.6,28407.5,6693.618
4/1/2023 12:00,28365.4,28416.4,28300,28413,11867.04
4/1/2023 11:00,28454.9,28470,28350,28365.5,7639.539
4/1/2023 10:00,28411.6,28459.8,28374.6,28454.8,6667.964
4/1/2023 9:00,28426.4,28456.7,28407.4,28411.5,5225.183
4/1/2023 8:00,28416.1,28476.9,28375.5,28426.3,9341.976
4/1/2023 7:00,28474.9,28475,28328,28416.1,13726.77
4/1/2023 6:00,28558.9,28562.5,28333.1,28474.9,19195.716
4/1/2023 5:00,28563.7,28580.4,28518.5,28559,5987.388
4/1/2023 4:00,28532.1,28617.8,28514.6,28563.7,7845.871
4/1/2023 3:00,28570,28592.8,28490,28532,7655.409
4/1/2023 2:00,28601.2,28845.3,28451.2,28569.9,35907.2
4/1/2023 1:00,28430.1,28624.9,28400,28601.2,11245.008
4/1/2023 0:00,28454.8,28543.3,28401,28430.1,10973.721
3/31/2023 23:00,28560.5,28589.8,28454.8,28454.9,8858.776
3/31/2023 22:00,28468.4,28632.5,28425.6,28560.5,15749.336
3/31/2023 21:00,28378.6,28597.1,28347.9,28468.3,12312.629
3/31/2023 20:00,28458.9,28464.9,28322,28378.6,14577.547
3/31/2023 19:00,28307.7,28522,28270,28459,22687.061
3/31/2023 18:00,28326.5,28425,28250.1,28307.6,14350.251
3/31/2023 17:00,28418,28470,28260,28326.4,22424.994
3/31/2023 16:00,28488.6,28533.9,28352,28418,22309.207
3/31/2023 15:00,28510.1,28585,28348.5,28488.5,48391.694
3/31/2023 14:00,28361,28675.3,28311.9,28510.1,50811.738
3/31/2023 13:00,28098,28550,28068,28361.1,73213.931
3/31/2023 12:00,27916,28188,27860.2,28098,44813.376
3/31/2023 11:00,27876.8,27968,27823,27916,15304.743
3/31/2023 10:00,27805.1,27978.3,27783,27876.9,21535.051
3/31/2023 9:00,27785.1,27869.9,27754.4,27805,14640.815
3/31/2023 8:00,27733.3,27843.5,27670,27785,24807.06
3/31/2023 7:00,28067.1,28078,27500,27733.3,64914.453
3/31/2023 6:00,28025.4,28093.1,27998,28067.1,10752.323
3/31/2023 5:00,28165.4,28214.8,27936,28025.4,17206.584
3/31/2023 4:00,28152.2,28197.2,28075,28165.3,9093.475
3/31/2023 3:00,28130.8,28222.6,28092.8,28152.3,9369.755
3/31/2023 2:00,28140.1,28197.3,28065,28130.9,13606.154
3/31/2023 1:00,28229.6,28367.9,28100.2,28140.1,27949.9
3/31/2023 0:00,28015,28333,27900,28229.6,31876.437
3/30/2023 23:00,27888.1,28043.1,27824.2,28015,13743.115
3/30/2023 22:00,28052.4,28129,27762.3,27888.1,23133.234
3/30/2023 21:00,28130.7,28187.7,27994.3,28052.5,12086.87
3/30/2023 20:00,27971.4,28173.6,27880,28130.8,24244.489
3/30/2023 19:00,27891.4,28063,27865.1,27971.3,22983.603
3/30/2023 18:00,27830.6,27927.5,27654.1,27891.5,34960.006
3/30/2023 17:00,28234.7,28266.1,27714.6,27830.6,70139.435
3/30/2023 16:00,28282.8,28285.1,28022,28234.8,48835.728
3/30/2023 15:00,28417.6,28475.2,28146.4,28282.8,39236.769
3/30/2023 14:00,28504.9,28531.6,28233,28417.6,47242.382
3/30/2023 13:00,28630.3,28631.9,28388,28505,27149.324
3/30/2023 12:00,28630,28683.5,28550.2,28630.4,18805.318
3/30/2023 11:00,28592,28685.9,28570,28630.1,14794.334
3/30/2023 10:00,28566.1,28610,28501.2,28592,11285.953
3/30/2023 9:00,28557.2,28589.9,28469,28566.1,20308.292
3/30/2023 8:00,28706.5,28734.2,28550,28557.1,17214.435
3/30/2023 7:00,28605,28760,28567.4,28706.6,23437.537
3/30/2023 6:00,28600.7,28664.9,28550.8,28605,14465.558
3/30/2023 5:00,28567.8,28615.3,28475.6,28600.7,14331.89
3/30/2023 4:00,28470.4,28688,28425,28567.6,27624.682
3/30/2023 3:00,28952.1,28987.5,28066,28470.5,102220.858
3/30/2023 2:00,28334.9,29184.8,28326.8,28952,112391.692
3/30/2023 1:00,28316,28371.1,28235,28334.9,12200.184
3/30/2023 0:00,28338.6,28450,28225,28316.1,18130.412
3/29/2023 23:00,28376.6,28447.7,28300,28338.5,10528.814
3/29/2023 22:00,28281.2,28419.3,28200,28376.5,18697.617
3/29/2023 21:00,28377.9,28500,28272,28281.2,13845.874
3/29/2023 20:00,28406.2,28466.3,28344.7,28378,16278.171
3/29/2023 19:00,28302.6,28444,28270.4,28406.1,17518.077
3/29/2023 18:00,28245.2,28347,28182,28302.6,15812.734
3/29/2023 17:00,28137.7,28328,28130,28245.2,25481.358
3/29/2023 16:00,28426.4,28437.6,28119.5,28137.7,33110.289
3/29/2023 15:00,28282.1,28484.4,28258.5,28426.3,25463.5
3/29/2023 14:00,28415.5,28589.5,28255,28282,51214.832
3/29/2023 13:00,28430.1,28481.8,28312.9,28415.4,27512.355
3/29/2023 12:00,28347.5,28475,28211.5,28430.1,28515.39
3/29/2023 11:00,28371.5,28379.5,28261.5,28347.5,16299.243
3/29/2023 10:00,28311.9,28437.1,28228.2,28371.5,27412.056
3/29/2023 9:00,28498.1,28557.6,28303,28312,37049.381
3/29/2023 8:00,28077.8,28649.9,28025.5,28498.1,89982.086
3/29/2023 7:00,28044.2,28150,27970,28077.7,26700.069
3/29/2023 6:00,27532.7,28210.7,27490.4,28044.2,80182.038
3/29/2023 5:00,27552.5,27640,27510,27532.6,19437.331
3/29/2023 4:00,27354.1,27658.7,27333.7,27552.5,28121.201
3/29/2023 3:00,27385,27396.1,27313,27354.1,7207.433
3/29/2023 2:00,27312.5,27398.1,27281.2,27385,9131.461
3/29/2023 1:00,27257.5,27465.7,27247.9,27312.4,20666.351
3/29/2023 0:00,27249.7,27329.9,27223.6,27257.5,9685.31
3/28/2023 23:00,27209,27312.3,27194.4,27249.7,12843.059
3/28/2023 22:00,27176.7,27224,27120,27209,9422.094
3/28/2023 21:00,27293.9,27319.9,27080,27176.7,13775.292
3/28/2023 20:00,27412.1,27482.5,27227,27293.8,22195.639
3/28/2023 19:00,27333.1,27500,27150,27412.1,47513.258
3/28/2023 18:00,26851.1,27388,26825.4,27333,57017.32
3/28/2023 17:00,26874.4,26922,26720.3,26851.2,29583.531
3/28/2023 16:00,26984.8,27011.8,26837.4,26874.5,17019.712
3/28/2023 15:00,26930,27060,26906.2,26984.9,21173.326
3/28/2023 14:00,26871.3,27011,26835,26930,26303.611
3/28/2023 13:00,26967.3,27016.5,26820.1,26871.2,29814.889
3/28/2023 12:00,27046.8,27200,26840,26967.2,46347.263
3/28/2023 11:00,26733.6,27150,26712.9,27046.7,53140.784
3/28/2023 10:00,26865.1,26925,26610,26733.6,44463.709
3/28/2023 9:00,27000,27036.1,26803.1,26865.1,19132.639
3/28/2023 8:00,26947.3,27024.2,26910,27000,11907.559
3/28/2023 7:00,27055.6,27087.2,26912.2,26947.2,12997.161
3/28/2023 6:00,26962.7,27132,26958.4,27055.7,19263.458
3/28/2023 5:00,26953.4,26989,26864,26962.8,14101.111
3/28/2023 4:00,26955.6,26985.4,26879.2,26953.4,12050.508
3/28/2023 3:00,27025.2,27032.4,26892.3,26955.5,10665.172
3/28/2023 2:00,27057.7,27074.4,26952.1,27025.2,9483.81
3/28/2023 1:00,26952.6,27162.5,26800,27057.8,28958.302
3/28/2023 0:00,27112,27150,26924.8,26952.6,15907.565
3/27/2023 23:00,27084.8,27164.4,27048,27112,9096.468
3/27/2023 22:00,27154.3,27246.9,27060.9,27084.9,13848.584
3/27/2023 21:00,27032.8,27189.7,26997.1,27154.3,12858.338
3/27/2023 20:00,26956.9,27049.7,26860,27032.7,18195.182
3/27/2023 19:00,27078.1,27131.3,26930,26956.8,15356.264
3/27/2023 18:00,26947.2,27170,26936,27078.1,18854.591
3/27/2023 17:00,27133.2,27200,26916,26947.3,34258.477
3/27/2023 16:00,26887.3,27300,26838.8,27133.3,65676.042
3/27/2023 15:00,26933,26999,26480,26887.3,131937.145
3/27/2023 14:00,27677,27724.8,26911,26933,111105.945
3/27/2023 13:00,27738,27834.2,27588,27676.9,39373.959
3/27/2023 12:00,27879.9,27917.4,27684,27738,26282.046
3/27/2023 11:00,27900.3,27986.8,27819.8,27879.9,15862.405
3/27/2023 10:00,27912.3,27932.4,27850,27900.3,10053.623
3/27/2023 9:00,27837.4,27968,27803.8,27912.3,16932.697
3/27/2023 8:00,27794.5,27860,27760.1,27837.4,8390.312
3/27/2023 7:00,27770.9,27849.1,27734.5,27794.5,11368.941
3/27/2023 6:00,27707.1,27786,27650,27770.9,13878.814
3/27/2023 5:00,27894.1,27905.4,27660,27707.1,17785.744
3/27/2023 4:00,27878.4,27929.2,27859.1,27894,6974.115
3/27/2023 3:00,27867.3,27920.7,27811.3,27878.4,7705.444
3/27/2023 2:00,27813.9,27884,27757.4,27867.4,9725.501
3/27/2023 1:00,27982.6,28004.2,27784.5,27813.8,15075.855
3/27/2023 0:00,27954.3,28019.4,27903.3,27982.7,11838.33
3/26/2023 23:00,28027.7,28138.3,27931.5,27954.3,19438.838
3/26/2023 22:00,27823.7,28077.1,27784.4,28027.7,27535.707
3/26/2023 21:00,27761.3,27826.3,27731.1,27823.6,5935.315
3/26/2023 20:00,27814,27888,27655.7,27761.3,14254.657
3/26/2023 19:00,27798.9,27846.4,27767.6,27814.1,5391.828
3/26/2023 18:00,27826,27934.7,27757.4,27799,12963.273
3/26/2023 17:00,27687.7,27847.7,27645.9,27825.9,14622.24
3/26/2023 16:00,27790.1,27875.2,27590.6,27687.6,16070.774
3/26/2023 15:00,27782.1,27866.4,27700,27790.1,22360.94
3/26/2023 14:00,28139.4,28144.9,27677.3,27782.1,56157.067
3/26/2023 13:00,27904.2,28186.9,27867.5,28139.5,35142.845
3/26/2023 12:00,27852,27999,27819.1,27904.3,33061.429
3/26/2023 11:00,27668.6,27991.5,27630.2,27852.1,22682.956
3/26/2023 10:00,27675.6,27710,27620.6,27668.6,8861.725
3/26/2023 9:00,27643.1,27725,27608,27675.6,14217.517
3/26/2023 8:00,27492.4,27763.9,27460.9,27643.1,27456.515
3/26/2023 7:00,27482.9,27523.2,27466,27492.4,4641.134
3/26/2023 6:00,27531.7,27560,27458.4,27482.9,6432.527
3/26/2023 5:00,27506,27545,27456,27531.7,7438.034
3/26/2023 4:00,27517.2,27523.3,27444.7,27506,6564.254
3/26/2023 3:00,27576.8,27607,27483.7,27517.3,9779.831
3/26/2023 2:00,27581,27599.8,27548.8,27576.8,5201.639
3/26/2023 1:00,27519.1,27640,27501.7,27581,9429.899
3/26/2023 0:00,27447.2,27625,27400,27519.2,14116.041
3/25/2023 23:00,27434.4,27475,27392.4,27447.3,5077.839
3/25/2023 22:00,27394.2,27522,27374.2,27434.4,12664.275
3/25/2023 21:00,27341.4,27447,27331.5,27394.1,9394.421
3/25/2023 20:00,27179.4,27418,27139.7,27341.4,19042.327
3/25/2023 19:00,27430.2,27430.2,27131.8,27179.5,36961.465
3/25/2023 18:00,27468,27524.9,27412,27430.2,9393.077
3/25/2023 17:00,27611.7,27634.9,27363,27468,23613.021
3/25/2023 16:00,27631.4,27721,27606.3,27611.8,13935.616
3/25/2023 15:00,27511.7,27788,27465.8,27631.4,29424.661
3/25/2023 14:00,27550.1,27641.5,27502.2,27511.8,15359.408
3/25/2023 13:00,27438.6,27618.4,27340,27550.1,21491.292
3/25/2023 12:00,27445.7,27471.8,27355,27438.6,8626.799
3/25/2023 11:00,27460.7,27519,27408.2,27445.6,7819.007
3/25/2023 10:00,27469.9,27524.7,27381.5,27460.6,11415.02
3/25/2023 9:00,27412.8,27513.9,27302,27469.9,16373.566
3/25/2023 8:00,27473.5,27500.3,27310,27412.7,13550.682
3/25/2023 7:00,27480.9,27569.5,27459.2,27473.5,8278.295
3/25/2023 6:00,27449.5,27524.3,27384.9,27481,10575.465
3/25/2023 5:00,27524.9,27534.6,27360,27449.6,11832.108
3/25/2023 4:00,27568.6,27598,27472.3,27525,8332.153
3/25/2023 3:00,27585.6,27632.4,27529,27568.6,7157.886
3/25/2023 2:00,27485.1,27648.4,27444,27585.5,12268.673
3/25/2023 1:00,27538,27549.7,27400,27485.1,10431.08
3/25/2023 0:00,27439,27571.8,27409.9,27538,12655.919
3/24/2023 23:00,27279.4,27504,27263.1,27438.9,15010.686
3/24/2023 22:00,27315,27427.3,27255.1,27279.4,18013.618
3/24/2023 21:00,27577,27618.2,26960,27315.1,65393.412
3/24/2023 20:00,27811.4,27854.4,27464.2,27577,26459.97
3/24/2023 19:00,27728.1,27871,27672.4,27811.3,20372.019
3/24/2023 18:00,27602.7,27814.4,27552.5,27728.1,27788.273
3/24/2023 17:00,27817.3,27903.3,27501,27602.8,57711.485
3/24/2023 16:00,27997.2,28040,27811.7,27817.3,22566.803
3/24/2023 15:00,27976.6,28069.7,27827.7,27997.2,34310.012
3/24/2023 14:00,27963.9,28260,27801.7,27976.6,69288.19
3/24/2023 13:00,27965.6,27999.9,27639,27963.9,46614.649
3/24/2023 12:00,27558.4,28167,27523,27965.7,58456.469
3/24/2023 11:00,28028.2,28082.8,27312.5,27558.4,59220.835
3/24/2023 10:00,28028.6,28077.8,27925.1,28028.1,22426.177
3/24/2023 9:00,28022.4,28180.8,27979.1,28028.7,24266.162
3/24/2023 8:00,28270,28289.1,27920.6,28022.5,38118.437
3/24/2023 7:00,28250,28310,28142.4,28269.9,14115.245
3/24/2023 6:00,28272.3,28334,28220,28249.9,9535.578
3/24/2023 5:00,28119.9,28295.8,28116.2,28272.4,11163.187
3/24/2023 4:00,28211.3,28248.6,28078.4,28119.8,10259.271
3/24/2023 3:00,28175.1,28231.5,28146.5,28211.3,7795.326
3/24/2023 2:00,28243.7,28307.7,28123,28175.1,9834.129
3/24/2023 1:00,28187.7,28314,28120,28243.8,12207.804
3/24/2023 0:00,28284,28369.1,28167,28187.8,15147.633
3/23/2023 23:00,28205.7,28439,28173.6,28284.1,22648.82
3/23/2023 22:00,28161.9,28266,28072.9,28205.8,13425.154
3/23/2023 21:00,28276.9,28279.1,27945.8,28161.9,22441.258
3/23/2023 20:00,28362.5,28363.4,28080.9,28277.3,30971.782
3/23/2023 19:00,27893.2,28444.5,27757.1,28362.5,70906.788
3/23/2023 18:00,28291.7,28386.9,27780,27893.3,53453.663
3/23/2023 17:00,28460.2,28503,28116,28291.7,49756.752
3/23/2023 16:00,28574.6,28645.2,28353.2,28460.1,48183.358
3/23/2023 15:00,28043.6,28777,27968,28574.5,154914.344
3/23/2023 14:00,27354.7,28158.4,27283.4,28043.6,62228.048
3/23/2023 13:00,27462.4,27490.3,27267,27354.8,41674.563
3/23/2023 12:00,27573.5,27638,27439,27462.6,22138.446
3/23/2023 11:00,27597.3,27628.7,27420,27573.4,26363.514
3/23/2023 10:00,27610.8,27656.7,27573.2,27597.3,10639.402
3/23/2023 9:00,27621.4,27631,27557.4,27610.8,10867.605
3/23/2023 8:00,27616.3,27735,27543.6,27621.4,19176.719
3/23/2023 7:00,27633,27660.6,27518.8,27616.4,15381.825
3/23/2023 6:00,27608,27675.4,27540,27632.9,20009.877
3/23/2023 5:00,27262.5,27680,27262.1,27608,35976.002
3/23/2023 4:00,27343.7,27411,27231.3,27262.4,13170.433
3/23/2023 3:00,27336.6,27415,27282.1,27343.7,13425.824
3/23/2023 2:00,27138,27338.3,27130.5,27336.7,11407.743
3/23/2023 1:00,27305.5,27309.2,27101,27137.9,15997.838
3/23/2023 0:00,27233.8,27421.8,27178,27305.6,23014.289
3/22/2023 23:00,27189.2,27333,27169.1,27233.8,18277.151
3/22/2023 22:00,27065.3,27224,26956.3,27189.2,26901.703
3/22/2023 21:00,27294.9,27425.3,27056.4,27065.3,40658.496
3/22/2023 20:00,26653.3,27372,26590,27295,82764.427
3/22/2023 19:00,28018.9,28020.3,26620,26654.1,215182.357
3/22/2023 18:00,28500.4,28881,27769,28017.8,208685.849
3/22/2023 17:00,28636.7,28639.1,28283.5,28500,57523.283
3/22/2023 16:00,28586.1,28696.3,28469.1,28636.6,30881.951
3/22/2023 15:00,28545.9,28731,28423,28586.2,65870.581
3/22/2023 14:00,28269.7,28758.1,28264.6,28546,97107.311
3/22/2023 13:00,28207,28390,28150.5,28269.7,38841.696
3/22/2023 12:00,28113.5,28241,28090.4,28207.1,19141.998
3/22/2023 11:00,28138.8,28197.9,28101.8,28113.5,10376.928
3/22/2023 10:00,28086.7,28178.6,28049.1,28138.8,13991.948
3/22/2023 9:00,28071.6,28120.7,27962.1,28086.7,18862.109
3/22/2023 8:00,28088.2,28213.7,28036,28071.7,18427.464
3/22/2023 7:00,28188.9,28226.7,28002.6,28088.2,20732.155
3/22/2023 6:00,28184,28208.3,28132.1,28188.8,9964.575
3/22/2023 5:00,28188,28280,28169.4,28184,12388.519
3/22/2023 4:00,28137.6,28215.1,28111,28188,11276.217
3/22/2023 3:00,28036.5,28286.3,28004,28137.7,26020.742
3/22/2023 2:00,28077,28135.7,28030,28036.5,10002.912
3/22/2023 1:00,28015,28080,27960,28077.1,12398.913
3/22/2023 0:00,28091.1,28099.7,27930,28015,14113.985
3/21/2023 23:00,28019.2,28137,27970,28091.1,10417.92
3/21/2023 22:00,27990,28053,27910,28019.1,10237.152
3/21/2023 21:00,28058,28085,27902,27990,15159.448
3/21/2023 20:00,28111.2,28200,28020,28058,14765.408
3/21/2023 19:00,28118.9,28217,28071.1,28111.3,15047.394
3/21/2023 18:00,27979.8,28149,27921.5,28119.3,29461.273
3/21/2023 17:00,28335,28412.4,27944,27979.9,56073.654
3/21/2023 16:00,28028.7,28460,27998,28334.9,64811.513
3/21/2023 15:00,27870.5,28091.6,27838.2,28028.7,25473.391
3/21/2023 14:00,28019.2,28108.5,27706,27870.5,49027.562
3/21/2023 13:00,28167.6,28200,27872.1,28019.1,45961.945
3/21/2023 12:00,28026.1,28252.5,27907,28167.7,45890.77
3/21/2023 11:00,27952.2,28060,27855.2,28026.1,24149.555
3/21/2023 10:00,27916.5,28172.5,27884.1,27952.2,40706.006
3/21/2023 9:00,27633.2,28096.9,27588.8,27916.6,48036.412
3/21/2023 8:00,27490.9,27678,27382.5,27633.2,30618.035
3/21/2023 7:00,27621.2,27666.3,27288,27490.9,50646.028
3/21/2023 6:00,27787.4,27787.5,27588.8,27621.3,23043.338
3/21/2023 5:00,27894.6,27899.7,27717,27787.4,15754.353
3/21/2023 4:00,27773.1,27960.7,27771,27894.7,16249.507
3/21/2023 3:00,27766.9,27823.9,27712,27773,9062.529
3/21/2023 2:00,27863.2,27893,27760.1,27767,9794.778
3/21/2023 1:00,27834,27918.8,27691.4,27863.3,14872.108
3/21/2023 0:00,27704.1,27940,27653.7,27833.9,20227.635
3/20/2023 23:00,27937.1,28001.4,27566.8,27704.1,33235.261
3/20/2023 22:00,27983,28047.1,27844.5,27937.2,15141.955
3/20/2023 21:00,27988.9,28180.8,27903.9,27983,22845.784
3/20/2023 20:00,27769.6,28023.8,27736.8,27988.8,24148.337
3/20/2023 19:00,27968.4,27999.9,27621.5,27769.5,30567.11
3/20/2023 18:00,27609.5,28031,27564.1,27968.4,38470.916
3/20/2023 17:00,27539.4,27790,27475.6,27609.5,30495.542
3/20/2023 16:00,27679.7,27768.8,27445,27539.5,60145.216
3/20/2023 15:00,28041.4,28115.4,27570,27679.7,40174.996
3/20/2023 14:00,27807.8,28159.2,27804.1,28041.4,59773.203
3/20/2023 13:00,28214.9,28215,27713.7,27807.8,64447.267
3/20/2023 12:00,28176.8,28254.3,28068.5,28214.9,21384.499
3/20/2023 11:00,28092.6,28256.2,28022.5,28176.8,30145.059
3/20/2023 10:00,28190.6,28247.5,27881.2,28092.7,41424.366
3/20/2023 9:00,28303.3,28483.2,28003.5,28190.5,54756.584
3/20/2023 8:00,28168.5,28455,27990,28303.2,75981.199
3/20/2023 7:00,27617.2,28261.9,27614.1,28168.5,68600.904
3/20/2023 6:00,27510.1,27724.5,27451.3,27617.1,30291.274
3/20/2023 5:00,27422.3,27530,27320.4,27510.1,16080.611
3/20/2023 4:00,27264.3,27449.8,27140,27422.4,24417.753
3/20/2023 3:00,27423.2,27484.2,27120.6,27264.3,42947.147
3/20/2023 2:00,27667.4,27734.3,27192,27423.2,45790.367
3/20/2023 1:00,27815,27868.5,27539,27667.4,35126.716
3/20/2023 0:00,27955.8,28048,27766.2,27815,30831.382
3/19/2023 23:00,28100.4,28290.6,27872,27955.7,30427.785
3/19/2023 22:00,27965,28153,27866.8,28100.4,22666.332
3/19/2023 21:00,27879.6,28200,27860.6,27964.9,32895.358
3/19/2023 20:00,28245.4,28397,27722.4,27879.6,60630.961
3/19/2023 19:00,28307,28383.6,28150.1,28245.3,42638.15
3/19/2023 18:00,27887,28324.3,27820.1,28307,44624.869
3/19/2023 17:00,27915,28070.4,27705,27887.1,58390.739
3/19/2023 16:00,27533.7,28188,27456,27914.9,115682.107
3/19/2023 15:00,27316.5,27799.9,27300,27534.3,79767.651
3/19/2023 14:00,27166.8,27350,27166.8,27316.6,22795.713
3/19/2023 13:00,27232,27277,27090,27166.9,22433.593
3/19/2023 12:00,27152.2,27386.9,27119.7,27232,39951.176
3/19/2023 11:00,27044.8,27192,26920.1,27152.2,23481.941
3/19/2023 10:00,27039.9,27103.8,26976,27044.9,12114.795
3/19/2023 9:00,26971.8,27039.9,26906.8,27039.9,12033.661
3/19/2023 8:00,26963.4,27087,26868.7,26971.7,21900
3/19/2023 7:00,26926.2,26998.8,26815.9,26963.4,19803.686
3/19/2023 6:00,27050,27075.9,26876.9,26926.2,19927.358
3/19/2023 5:00,27135,27191.9,27027,27050,10826.674
3/19/2023 4:00,27194.8,27282.7,27112.1,27135,11662.06
3/19/2023 3:00,27108.9,27269.1,27075.1,27194.7,9114.164
3/19/2023 2:00,27100.1,27185,27048,27108.9,9546.514
3/19/2023 1:00,27074.7,27189,27028.3,27100.1,13543.854
3/19/2023 0:00,26907,27129.7,26901.6,27074.7,22507.937
3/18/2023 23:00,26902,27066,26790,26907,39664.402
3/18/2023 22:00,27188.3,27235.6,26854,26901.9,29937.84
3/18/2023 21:00,27313,27337.1,27132.5,27188.3,11726.652
3/18/2023 20:00,27322.8,27453.3,27234.8,27313,14421.672
3/18/2023 19:00,27315.9,27431.6,27263.5,27322.9,14446.526
3/18/2023 18:00,27305.8,27374.5,27223.4,27316,16755.446
3/18/2023 17:00,27343,27490,26899.7,27305.9,59127.533
3/18/2023 16:00,27218.9,27475.2,26555.5,27343,106222.637
3/18/2023 15:00,27522.8,27539.8,27037,27218.9,61785.648
3/18/2023 14:00,27404.5,27615,27390.5,27522.8,26040.022
3/18/2023 13:00,27493.1,27524,27337.3,27404.5,23937.103
3/18/2023 12:00,27439.9,27658.4,27270,27493.1,35326.633
3/18/2023 11:00,27456.2,27470.1,27305,27440,15601.884
3/18/2023 10:00,27390.8,27500,27350.3,27456.3,16056.121
3/18/2023 9:00,27213,27436,27118.2,27390.8,22134.389
3/18/2023 8:00,27351.9,27356,27050,27213.1,34090.833
3/18/2023 7:00,27494.7,27499.9,27258,27351.9,16533.841
3/18/2023 6:00,27565.7,27596.2,27427.2,27494.6,15774.024
3/18/2023 5:00,27316.3,27600,27282.1,27565.7,21528.755
3/18/2023 4:00,27293.4,27390,27205,27316.3,13511.801
3/18/2023 3:00,27280,27344.4,27150,27293.3,19870.421
3/18/2023 2:00,27321.8,27475,27200,27280,28725.696
3/18/2023 1:00,27614,27726.4,27225.2,27321.8,41016.917
3/18/2023 0:00,27383.9,27655.5,27050,27613.4,55995.52
3/17/2023 23:00,27511.6,27696.3,27250,27384,55009.624
3/17/2023 22:00,27089.5,27763.4,26962.5,27511.6,118427.238
3/17/2023 21:00,26761.8,27240,26712.5,27089.4,64955.214
3/17/2023 20:00,26830,26870,26571.2,26762.4,32838.816
3/17/2023 19:00,26605.8,26850,26554.4,26830,54954.438
3/17/2023 18:00,26482,26610,26250,26605.8,35433.098
3/17/2023 17:00,26384.9,26666.6,26375.4,26481.9,40928.475
3/17/2023 16:00,26412.7,26570,26350.2,26384.9,35215.935
3/17/2023 15:00,26280,26519.9,26230.3,26412.6,52278.389
3/17/2023 14:00,26453.2,26622.5,26120,26280,79309.714
3/17/2023 13:00,26631,26754.5,26380,26453.2,50857.98
3/17/2023 12:00,26914.1,26930,26355,26631.1,82296.678
3/17/2023 11:00,26694.8,26980,26560.2,26914.1,77670.257
3/17/2023 10:00,26231.3,26795.2,26221.5,26694.9,117664.159
3/17/2023 9:00,25986.3,26365.5,25986.3,26231.3,42155.747
3/17/2023 8:00,26046.9,26211,25912.5,25986.4,39047.086
3/17/2023 7:00,26134.7,26160,25870.2,26046.9,45403.699
3/17/2023 6:00,25754.6,26200,25743,26134.7,72580.362
3/17/2023 5:00,25710.1,25754.6,25638.8,25754.6,17317.494
3/17/2023 4:00,25769.9,25875,25682.8,25710,23856.83
3/17/2023 3:00,25570,25777,25550,25769.9,26607.719
3/17/2023 2:00,25654.5,25896.5,25480,25570,75061.422
3/17/2023 1:00,24904.7,25739.8,24900.1,25654.4,86181.415
3/17/2023 0:00,24990.5,24990.5,24875.3,24904.6,15107.275
3/16/2023 23:00,24968.9,25067.3,24908.4,24990.4,17158.018
3/16/2023 22:00,24899.7,24994.1,24821.8,24969,15142.736
3/16/2023 21:00,24680.5,25097.8,24640,24899.6,29194.726
3/16/2023 20:00,24945.9,24946,24602.5,24680.6,30177.991
3/16/2023 19:00,24782.6,25167.9,24780.1,24945.9,55861.896
3/16/2023 18:00,24673.3,24832.2,24590.9,24782.6,18679.147
3/16/2023 17:00,24775.1,24803,24605,24673.4,21059.205
3/16/2023 16:00,24880.7,24909.9,24668,24775.1,33030.473
3/16/2023 15:00,24843.5,24934.9,24745.1,24880.6,34989.643
3/16/2023 14:00,24828.4,25030,24677.1,24843.4,45693.608
3/16/2023 13:00,24721.6,24850,24516,24828.4,54000.017
3/16/2023 12:00,24821.4,24920,24650.1,24721.5,48111.224
3/16/2023 11:00,24931.4,24937,24714,24821.4,33930.53
3/16/2023 10:00,24655.8,25060,24565.9,24931.5,67413.437
3/16/2023 9:00,24577.9,24854,24370,24655.4,58140.257
3/16/2023 8:00,24614.5,24659.9,24553.4,24578,16300.406
3/16/2023 7:00,24569.4,24694.9,24530.6,24614.5,26305.065
3/16/2023 6:00,24345.1,24600,24343,24569.3,28992.454
3/16/2023 5:00,24267,24470.5,24234.6,24345,20961.356
3/16/2023 4:00,24271.9,24317.4,24178,24267,11751.588
3/16/2023 3:00,24365.5,24386.2,24233.7,24271.9,12049.388
3/16/2023 2:00,24328.4,24440,24304.8,24365.6,11535.536
3/16/2023 1:00,24206.1,24344.2,24120.5,24328.4,20066.607
3/16/2023 0:00,24287.9,24383.9,24148.1,24206.2,24901.638
3/15/2023 23:00,24362.7,24441,24222.6,24288,18523.387
3/15/2023 22:00,24427,24645.4,24273.3,24362.7,29914.057
3/15/2023 21:00,24326.2,24450,24293.3,24426.9,10842.939
3/15/2023 20:00,24379.8,24438.2,24240.3,24326.1,19303.651
3/15/2023 19:00,24418.5,24489.4,24161.3,24379.8,39510.822
3/15/2023 18:00,24290.3,24533.7,24150.5,24418.5,54012.653
3/15/2023 17:00,24117,24373.9,23888,24290.3,83760.254
3/15/2023 16:00,24480,24534.4,24070,24117,101993.013
3/15/2023 15:00,24723.9,24833.5,24364.7,24480.1,67987.815
3/15/2023 14:00,24799.9,24975.4,24444,24723.9,83379.633
3/15/2023 13:00,24831.9,25160,24737.2,24800,89418.53
3/15/2023 12:00,24782.6,25200,24413.2,24831.9,136165.679
3/15/2023 11:00,24566.4,24850,24266,24782.6,75351.119
3/15/2023 10:00,24528.5,24677.4,24400,24566.4,42792.601
3/15/2023 9:00,24768.8,24799.5,24451.7,24528.4,36575.304
3/15/2023 8:00,24892,24937.7,24765,24768.8,18972.785
3/15/2023 7:00,24800,24940,24730,24892,15469.007
3/15/2023 6:00,24715.6,24869,24609.4,24799.9,22997.945
3/15/2023 5:00,24814.9,24890.1,24684,24715.7,15699.793
3/15/2023 4:00,24741.6,24840,24690.4,24815,12612.434
3/15/2023 3:00,24841.5,24869.7,24667.5,24741.6,16887.149
3/15/2023 2:00,24919.7,24987.2,24812.5,24841.4,12863.197
3/15/2023 1:00,24742.6,25088,24672.4,24919.6,50167.002
3/15/2023 0:00,24682.5,24759.2,24318,24742.6,46855.66
3/14/2023 23:00,24725.7,24799,24618.8,24682.5,24130.733
3/14/2023 22:00,24544.9,24810.6,24393.6,24725.9,37276.464
3/14/2023 21:00,24583.1,24642.4,23951,24544.8,93859.846
3/14/2023 20:00,25066.4,25184,24500,24583.1,84808.967
3/14/2023 19:00,25007.2,25158.7,24222,25065.5,150380.541
3/14/2023 18:00,25651.3,25674.5,24858,25007.3,107454.598
3/14/2023 17:00,25888,25910.1,25617.1,25651.3,40400.986
3/14/2023 16:00,25911.3,26025.7,25712,25887.9,46365.072
3/14/2023 15:00,25844.3,25989.6,25780,25911.3,39598.252
3/14/2023 14:00,25794.3,26128.9,25667.5,25844.3,73947.214
3/14/2023 13:00,25870,26489.9,25600,25794.3,198787.282
3/14/2023 12:00,24747.4,26093,24405,25870,260349.489
3/14/2023 11:00,24571.2,24844.4,24450,24747.3,78465.512
3/14/2023 10:00,24280.7,24636.8,24247.7,24571.5,38110.362
3/14/2023 9:00,24235.1,24285,24147.2,24280.8,17693.09
3/14/2023 8:00,24252.3,24295.2,24121.7,24235,22241.412
3/14/2023 7:00,24332.6,24410,24148,24251.9,30463.439
3/14/2023 6:00,24324.1,24444,24289,24332.7,20872.102
3/14/2023 5:00,24417.9,24850,24230,24324.1,88416.848
3/14/2023 4:00,24379.9,24439.8,24325,24417.9,15131.236
3/14/2023 3:00,24276.2,24414.4,24220,24379.9,14827.318
3/14/2023 2:00,24407.2,24507,24252,24276.2,28494.433
3/14/2023 1:00,24172.6,24450,24117.3,24407.3,31165.132
3/14/2023 0:00,24119.5,24250,23990,24172.6,29322.307
3/13/2023 23:00,24216.1,24230,23935.7,24119.5,27945.154
3/13/2023 22:00,24096.6,24249.8,24096.5,24216.1,16787.326
3/13/2023 21:00,24160.4,24245,24055.5,24096.6,15602.681
3/13/2023 20:00,24314.6,24350,24076.8,24160.4,28298.284
3/13/2023 19:00,24291.3,24437.9,24127.4,24314.6,47632.619
3/13/2023 18:00,24135.8,24350,24004.5,24291.3,44142.299
3/13/2023 17:00,23982,24194.8,23838.4,24135.7,46152.506
3/13/2023 16:00,24009,24233.7,23777,23982.9,90624.042
3/13/2023 15:00,23472.9,24517.2,23453.7,24009,248290.02
3/13/2023 14:00,22467.2,23560,22390.1,23472.9,232054.3
3/13/2023 13:00,22123,22588,22118.4,22467.2,152047.057
3/13/2023 12:00,22092.6,22149.9,21945,22123,44961.764
3/13/2023 11:00,22113.1,22230,22006.7,22092.6,33923.797
3/13/2023 10:00,21956.1,22170,21805.2,22113,54101.297
3/13/2023 9:00,22185.3,22258,21804,21956,77549.678
3/13/2023 8:00,22451.5,22542,22168,22185.3,47190.661
3/13/2023 7:00,22372.9,22488.4,22307.6,22451.6,32626.652
3/13/2023 6:00,22387.4,22500,22240,22372.8,26179.395
3/13/2023 5:00,22309.1,22393.1,22276.5,22387.4,14268.911
3/13/2023 4:00,22221.8,22448,22213.8,22309.1,34475.933
3/13/2023 3:00,22174.5,22276.3,22105,22221.7,21347.932
3/13/2023 2:00,22280.8,22350,22061.1,22174.5,41271.344
3/13/2023 1:00,22436.7,22470,22236.2,22280.9,43966.562
3/13/2023 0:00,21986.2,22598,21856,22436.7,113541.962
3/12/2023 23:00,21694.5,22184,21600,21986.2,85852.957
3/12/2023 22:00,21262.9,22000,21088.2,21694.4,129794.24
3/12/2023 21:00,21249,21284,21125.2,21262.8,31831.065
3/12/2023 20:00,20770.6,21350,20750.8,21249,79866.545
3/12/2023 19:00,21068.1,21217.8,20720,20770.5,75965.093
3/12/2023 18:00,20774.9,21350,20680.5,21068,137170.225
3/12/2023 17:00,20380,20878,20361.3,20774.8,95736.276
3/12/2023 16:00,20347.8,20412.9,20332.5,20380.1,11551.803
3/12/2023 15:00,20331.3,20407.8,20270,20347.9,22233.205
3/12/2023 14:00,20371.6,20396,20318.3,20331.4,14369.709
3/12/2023 13:00,20373.5,20452.3,20359,20371.6,13634.9
3/12/2023 12:00,20434.9,20436.2,20307,20373.5,23022.655
3/12/2023 11:00,20415.1,20488.5,20406.7,20435,17099.52
3/12/2023 10:00,20374.5,20440,20355.4,20415,9482.052
3/12/2023 9:00,20367.8,20427.2,20352.3,20374.5,14493.658
3/12/2023 8:00,20335.6,20388,20326.8,20367.7,10487.859
3/12/2023 7:00,20320.8,20365.8,20262.2,20335.6,11769.676
3/12/2023 6:00,20343.5,20373.3,20310.3,20320.8,8653.895
3/12/2023 5:00,20378.3,20429.7,20340,20343.5,10123.626
3/12/2023 4:00,20367.7,20393.4,20313,20378.3,8802.171
3/12/2023 3:00,20367.7,20465,20342.5,20367.4,13624.382
3/12/2023 2:00,20408.5,20421,20298.3,20367.8,16186.884
3/12/2023 1:00,20444.5,20476.5,20370.9,20408.5,14032.501
3/12/2023 0:00,20447.3,20490,20328,20444.6,25737.505
3/11/2023 23:00,20323.3,20531,20323.3,20447.3,24197.959
3/11/2023 22:00,20347.3,20446.3,20289.6,20323.3,18025.026
3/11/2023 21:00,20338.5,20355,20269.9,20347.2,15972.17
3/11/2023 20:00,20209.9,20454.7,20206.7,20338.5,30458.38
3/11/2023 19:00,20214.6,20240,20127.3,20210,15432.636
3/11/2023 18:00,20236.9,20312.1,20186.5,20214.6,24499.82
3/11/2023 17:00,20081.5,20348.3,20056.2,20236.6,34409.798
3/11/2023 16:00,20052.3,20094.4,19968.3,20081.5,22369.483
3/11/2023 15:00,20102,20137,20029.1,20052.3,17054.665
3/11/2023 14:00,20070,20195,20064.5,20101.9,21055.385
3/11/2023 13:00,20020.2,20135.7,20020,20070.1,16583.408
3/11/2023 12:00,20077.5,20119.4,20017.3,20020.3,15515.092
3/11/2023 11:00,20022.6,20097.7,19963.3,20077.6,18933.049
3/11/2023 10:00,20080.6,20148.8,19979.6,20022.6,22179.953
3/11/2023 9:00,20060.5,20140,19946,20080.5,34376.103
3/11/2023 8:00,19844.4,20200,19752.5,20060.4,74710.923
3/11/2023 7:00,20275.2,20308.3,19812.2,19844.3,73856.95
3/11/2023 6:00,20380,20395,20188,20275.2,27480.421
3/11/2023 5:00,20330.1,20424.7,20300,20380.1,14046.452
3/11/2023 4:00,20381.3,20400,20260,20330,24348.394
3/11/2023 3:00,20479.9,20487.3,20309.5,20381.2,31678.759
3/11/2023 2:00,20571.7,20629,20365,20479.9,52126.45
3/11/2023 1:00,20206.9,20674.5,20206.9,20571.7,92195.639
3/11/2023 0:00,20140.3,20295.9,20124.8,20206.9,31972.643
3/10/2023 23:00,20087,20232.5,20076,20140.3,28700.601
3/10/2023 22:00,20069.2,20157.9,20015,20086.9,26809.294
3/10/2023 21:00,19958.2,20120.7,19835,20069.2,29539.213
3/10/2023 20:00,20014.5,20057.9,19931,19958.2,19548.971
3/10/2023 19:00,19838.5,20062.5,19836,20015.3,29144.908
3/10/2023 18:00,19921.6,19996.1,19815.6,19838.5,29355.182
3/10/2023 17:00,20005.7,20079.9,19815.6,19921.6,60207.668
3/10/2023 16:00,19995,20298,19917,20005.8,74914.582
3/10/2023 15:00,19806.7,20027.1,19754.1,19995,66837.698
3/10/2023 14:00,20173,20179.1,19650,19806.6,134890.248
3/10/2023 13:00,19920.6,20293,19876,20173,122904.322
3/10/2023 12:00,19749.9,19990,19718.4,19920.7,52978.102
3/10/2023 11:00,19614.1,19791,19558,19750,50556.242
3/10/2023 10:00,19843.6,19914.3,19521.6,19614.2,93614.554
3/10/2023 9:00,19947.7,19956.1,19818,19843.6,23797.498
3/10/2023 8:00,19943,19967.6,19866.8,19947.7,21744.046
3/10/2023 7:00,19867.4,20029.8,19757,19942.9,52916.374
3/10/2023 6:00,19978.4,20013.9,19825.4,19867.3,25254.851
3/10/2023 5:00,19865.8,20039.6,19846,19978.3,26711.175
3/10/2023 4:00,20042.1,20052,19824.4,19865.7,39307.472
3/10/2023 3:00,20028.6,20123.5,19957,20042.1,19342.525
3/10/2023 2:00,20100.4,20133,20016.8,20028.6,23318.191
3/10/2023 1:00,20108.8,20150,19752,20100.4,117987.747
3/10/2023 0:00,20348.4,20351.8,20000.1,20108.8,67753.801
3/9/2023 23:00,20328.5,20365,20262.7,20348.3,20690.602
3/9/2023 22:00,20203.9,20487.4,20202.6,20328.5,39628.258
3/9/2023 21:00,20098,20399.9,20096.9,20204,86841.537
3/9/2023 20:00,20845.6,20858.4,20003.5,20098,189370.427
3/9/2023 19:00,21001.3,21009.5,20750,20845.6,90945.766
3/9/2023 18:00,21462.9,21483.6,20940.4,21001.3,119106.996
3/9/2023 17:00,21470,21515,21362.3,21462.9,38256.692
3/9/2023 16:00,21637.4,21666.4,21400,21470,69362.587
3/9/2023 15:00,21716,21803.2,21625.4,21637.4,30060.258
3/9/2023 14:00,21698.7,21823,21681.7,21715.9,45900.763
3/9/2023 13:00,21603.6,21741,21550,21698.6,41880.517
3/9/2023 12:00,21664.4,21666.5,21593.1,21603.7,11083.736
3/9/2023 11:00,21639.8,21666,21614.1,21664.4,12143.647
3/9/2023 10:00,21631,21677,21511.1,21639.9,26557.657
3/9/2023 9:00,21674,21694.5,21567,21631,18050.208
3/9/2023 8:00,21680.9,21690,21582,21674,28185.078
3/9/2023 7:00,21734.9,21734.9,21660,21680.9,8811.764
3/9/2023 6:00,21729.3,21737.2,21678.1,21734.8,9182.08
3/9/2023 5:00,21729.9,21754,21721.1,21729.3,5065.109
3/9/2023 4:00,21762.6,21766,21711.1,21729.8,7169.793
3/9/2023 3:00,21761.7,21798,21736.1,21762.6,8378.229
3/9/2023 2:00,21694.2,21785.5,21692.9,21761.7,11883.924
3/9/2023 1:00,21711.2,21752,21616.5,21694.2,15446.867
3/9/2023 0:00,21695.3,21756.2,21668.6,21711.3,17900.865
3/8/2023 23:00,21792.7,21829,21540.5,21695.4,50788.806
3/8/2023 22:00,22004.9,22010,21582.1,21792.7,36439.263
3/8/2023 21:00,22095.2,22107.8,21900,22005,19965.159
3/8/2023 20:00,21993.8,22127.4,21963.2,22095.2,17100.504
3/8/2023 19:00,22014.7,22054.2,21983.1,21993.7,10372.989
3/8/2023 18:00,22026.3,22055,21936,22014.8,22965.6
3/8/2023 17:00,22131.8,22140.1,22020,22026.4,15408.059
3/8/2023 16:00,22129.6,22209.2,22050.1,22131.8,28709.629
3/8/2023 15:00,21963,22222,21880,22129.5,80699.18
3/8/2023 14:00,21981.8,22020,21920,21962.9,26169.671
3/8/2023 13:00,22007.1,22050,21934.4,21981.8,25129.779
3/8/2023 12:00,22061.1,22100,21990,22007.1,16585.829
3/8/2023 11:00,22099.4,22123,22050,22061.2,11554.948
3/8/2023 10:00,22003,22135,21991.9,22099.5,24110.46
3/8/2023 9:00,21980,22018.8,21965,22003,8434.036
3/8/2023 8:00,21962.2,22021.9,21932.8,21980.1,12748.873
3/8/2023 7:00,22015,22028.4,21951.3,21962.2,10448.074
3/8/2023 6:00,21944.2,22042.6,21920.4,22015.1,19720.481
3/8/2023 5:00,22133,22137.9,21800,21944.3,52640.227
3/8/2023 4:00,22141.8,22155.5,22095.8,22133,6726.929
3/8/2023 3:00,22165,22181,22073.3,22141.8,13658.86
3/8/2023 2:00,22162.6,22197.8,22150.6,22165,7554.637
3/8/2023 1:00,22234.3,22244.4,22124.4,22162.5,12383.521
3/8/2023 0:00,22187.1,22276.4,22177,22234.3,17552.453
3/7/2023 23:00,22098,22223.4,22068.1,22187.1,16809.479
3/7/2023 22:00,22046,22112.2,21970.7,22098,15101.939
3/7/2023 21:00,22047.4,22109.3,21929,22046.1,25288.86
3/7/2023 20:00,22118.5,22136.4,21972,22047.4,38282.355
3/7/2023 19:00,22191.1,22239.4,22039,22118.6,21652.874
3/7/2023 18:00,22296.2,22319,22150,22191,21572.885
3/7/2023 17:00,22227.7,22351,22213.1,22296.2,22282.994
3/7/2023 16:00,22307.6,22387.6,22180.1,22227.7,46438.706
3/7/2023 15:00,22296.1,22482.6,21908,22307.5,182213.884
3/7/2023 14:00,22351.8,22373.1,22181,22296.1,42654.998
3/7/2023 13:00,22388.4,22400,22344.1,22351.8,6972.358
3/7/2023 12:00,22339.8,22399.6,22325.1,22388.5,9559.136
3/7/2023 11:00,22362.4,22386.9,22303.3,22339.8,13129.729
3/7/2023 10:00,22370.9,22419.7,22354,22362.4,8767.961
3/7/2023 9:00,22410,22414.7,22337.9,22370.8,14719.063
3/7/2023 8:00,22408.5,22414.6,22384,22410,6327.152
3/7/2023 7:00,22426.1,22442.5,22403.1,22408.4,5236.465
3/7/2023 6:00,22448.5,22448.6,22402.5,22426.2,6248.205
3/7/2023 5:00,22463.5,22466.5,22431.1,22448.6,3307.997
3/7/2023 4:00,22449.1,22467.8,22445.6,22463.5,3235.187
3/7/2023 3:00,22488.9,22550,22435,22449.1,11493.916
3/7/2023 2:00,22474.5,22497.7,22442.7,22488.9,6169.281
3/7/2023 1:00,22402.9,22499.7,22402.9,22474.6,14578.338
3/7/2023 0:00,22397.1,22417.5,22364.2,22402.7,6450.337
3/6/2023 23:00,22425.9,22433,22378.4,22397.1,5897.57
3/6/2023 22:00,22399.1,22437.5,22399,22425.9,5129.304
3/6/2023 21:00,22340.9,22429.6,22307.9,22399.1,9391.153
3/6/2023 20:00,22382.9,22403.9,22310,22340.8,13725.063
3/6/2023 19:00,22494.1,22500.8,22350,22382.8,31005.174
3/6/2023 18:00,22470.7,22530,22460.1,22494.2,8520.918
3/6/2023 17:00,22515.4,22526.7,22463,22470.7,8348.548
3/6/2023 16:00,22543.6,22576.1,22457.9,22515.4,24846.287
3/6/2023 15:00,22439.2,22594.5,22420,22543.6,32647.248
3/6/2023 14:00,22430.8,22472.9,22391,22439.2,15245.271
3/6/2023 13:00,22390.1,22480.6,22376.1,22430.8,15939.691
3/6/2023 12:00,22369.9,22404,22348,22390,6093.386
3/6/2023 11:00,22391.1,22391.2,22350.1,22370,6350.83
3/6/2023 10:00,22393.2,22403.3,22360,22391.1,5783.025
3/6/2023 9:00,22406.1,22410.7,22350.2,22393.2,6685.874
3/6/2023 8:00,22380.9,22443.9,22345.3,22406,10209.977
3/6/2023 7:00,22397.8,22423,22375.5,22380.9,5976.9
3/6/2023 6:00,22358.6,22429.6,22358.2,22397.9,7800.72
3/6/2023 5:00,22333.9,22360.9,22306,22358.6,6500.853
3/6/2023 4:00,22378,22387.7,22323.2,22334,7325.758
3/6/2023 3:00,22380.4,22407.3,22361.5,22378,5862.072
3/6/2023 2:00,22368.8,22396.3,22240.1,22380.4,23962.476
3/6/2023 1:00,22434.9,22499.4,22300.3,22368.9,25558.957
3/6/2023 0:00,22419.3,22458.5,22356,22435,10169.342
3/5/2023 23:00,22422.3,22449,22350,22419.4,11026.717
3/5/2023 22:00,22473.6,22473.7,22367.7,22422.3,9400.276
3/5/2023 21:00,22397.5,22555,22310,22473.7,29165.915
3/5/2023 20:00,22394,22414.3,22386,22397.6,4173.732
3/5/2023 19:00,22421.1,22439.8,22357,22394,9609.992
3/5/2023 18:00,22417.3,22438.9,22413.3,22421,3023.357
3/5/2023 17:00,22433.4,22444.2,22410,22417.4,3412.813
3/5/2023 16:00,22424.5,22450.6,22413.1,22433.3,5139.221
3/5/2023 15:00,22419.9,22460,22412.1,22424.4,5223.453
3/5/2023 14:00,22454.9,22467.4,22406,22419.9,7629.325
3/5/2023 13:00,22410.2,22480,22409.1,22454.9,13563.655
3/5/2023 12:00,22380.1,22435.3,22380.1,22410.1,5681.058
3/5/2023 11:00,22401,22413,22368,22380.1,5462.575
3/5/2023 10:00,22358.1,22439.6,22353.4,22401,9430.959
3/5/2023 9:00,22331.2,22386,22302,22358.1,8386.112
3/5/2023 8:00,22365.2,22386,22316,22331.2,8312.354
3/5/2023 7:00,22405.6,22406.9,22354.2,22365.2,7156.386
3/5/2023 6:00,22407.7,22412.2,22390.3,22405.6,4835.364
3/5/2023 5:00,22428.6,22431.7,22379.2,22407.7,5983.597
3/5/2023 4:00,22374.2,22461.8,22367.5,22428.6,12165.167
3/5/2023 3:00,22348,22427.8,22348,22374.2,12780.476
3/5/2023 2:00,22582.7,22600,22174.9,22347.9,43347.179
3/5/2023 1:00,22370.1,22650,22337,22582.7,47983.426
3/5/2023 0:00,22335.8,22380,22304.7,22370.2,9368.636
3/4/2023 23:00,22295,22345.4,22280.3,22335.7,6195.348
3/4/2023 22:00,22204.3,22358.5,22190,22295,15568.537
3/4/2023 21:00,22243.2,22243.2,22147.5,22204.2,13405.111
3/4/2023 20:00,22238.7,22253.5,22165,22243.1,16459.213
3/4/2023 19:00,22311.4,22313.6,22204,22238.7,10122.629
3/4/2023 18:00,22296.8,22321.6,22231.3,22311.5,8609.755
3/4/2023 17:00,22314.6,22323.2,22290.6,22296.7,3992.288
3/4/2023 16:00,22306.2,22335.5,22280.4,22314.7,6786.936
3/4/2023 15:00,22334.1,22342.1,22292.9,22306.3,5822.956
3/4/2023 14:00,22344.5,22357.8,22319.5,22334,5777.723
3/4/2023 13:00,22376,22376,22343.8,22344.6,3930.653
3/4/2023 12:00,22338,22390,22330.5,22375.9,6997.426
3/4/2023 11:00,22321.7,22347,22320.2,22338.1,3648.319
3/4/2023 10:00,22340,22347.9,22311,22321.6,4599.386
3/4/2023 9:00,22330.9,22367.4,22330.8,22339.9,5017.438
3/4/2023 8:00,22346.6,22349.4,22322.7,22330.9,4367.144
3/4/2023 7:00,22355,22365.8,22342.2,22346.6,4088.818
3/4/2023 6:00,22316,22400,22305,22355,12037.489
3/4/2023 5:00,22334.3,22335.7,22262.2,22316,8721.566
3/4/2023 4:00,22339.4,22359,22319.4,22334.3,5082.261
3/4/2023 3:00,22329.6,22341.9,22312.1,22339.4,4474.319
3/4/2023 2:00,22329.8,22348.2,22323.3,22329.5,3581.557
3/4/2023 1:00,22356.5,22378.9,22324.4,22329.7,6987.362
3/4/2023 0:00,22342.8,22379.2,22320.5,22356.5,9034.977
3/3/2023 23:00,22308.9,22364,22301.2,22342.8,9814.854
3/3/2023 22:00,22228.6,22327.4,22213.7,22308.9,9035.485
3/3/2023 21:00,22295,22302.1,22126,22228.6,30225.503
3/3/2023 20:00,22348.3,22366,22262.5,22295,9970.97
3/3/2023 19:00,22303.5,22386,22281.1,22348.3,12215.901
3/3/2023 18:00,22402,22409.5,22217.2,22303.5,26652.103
3/3/2023 17:00,22365,22437.9,22363.4,22401.9,14555.391
3/3/2023 16:00,22324,22370,22310,22365.1,11502.651
3/3/2023 15:00,22363.3,22408.4,22213,22323.9,32935.901
3/3/2023 14:00,22391.4,22495.2,22351,22363.3,29621.586
3/3/2023 13:00,22341.6,22419.6,22120.1,22391.4,41253.832
3/3/2023 12:00,22333.9,22359.2,22312.4,22341.6,7653.11
3/3/2023 11:00,22339.7,22355.6,22300,22333.9,12147.199
3/3/2023 10:00,22357.9,22381.7,22327.2,22339.7,8474.984
3/3/2023 9:00,22419.5,22474,22332.9,22357.9,16007.729
3/3/2023 8:00,22347.8,22440,22344.4,22419.4,12283.654
3/3/2023 7:00,22365.1,22394.7,22320.1,22347.8,12619.39
3/3/2023 6:00,22330.4,22392,22317.2,22365,12124.524
3/3/2023 5:00,22363.8,22399,22321.2,22330.5,13254.241
3/3/2023 4:00,22306.4,22378.9,22234,22363.9,20372.314
3/3/2023 3:00,22335.6,22386,22263.2,22306.3,26834.194
3/3/2023 2:00,22137.2,22453.2,22088,22335.6,61546.934
3/3/2023 1:00,23406.8,23411.6,21883.2,22137.5,168787.172
3/3/2023 0:00,23457.1,23468.5,23390,23406.8,8628.515
3/2/2023 23:00,23449.9,23493,23416.9,23457.1,8350.599
3/2/2023 22:00,23400.1,23549,23399,23450,12307.089
3/2/2023 21:00,23455.3,23462.8,23372.2,23400,9638.603
3/2/2023 20:00,23456.7,23560,23415.6,23455.4,22254.41
3/2/2023 19:00,23435.1,23497,23380,23456.6,24125.089
3/2/2023 18:00,23262.6,23456,23249.4,23435.1,22504.095
3/2/2023 17:00,23271.9,23309.9,23222.1,23262.7,13770.377
3/2/2023 16:00,23350.3,23378.2,23240.1,23271.8,16777.335
3/2/2023 15:00,23298,23372.8,23260.5,23350.3,27247.185
3/2/2023 14:00,23299.9,23337.7,23183,23298.1,39938.862
3/2/2023 13:00,23346.8,23407.8,23214,23299.8,40317.627
3/2/2023 12:00,23405.7,23422.8,23304.8,23346.8,16899.539
3/2/2023 11:00,23367.6,23419.5,23350.5,23405.6,10824.135
3/2/2023 10:00,23387.6,23410,23326.3,23367.5,12508.739
3/2/2023 9:00,23436.1,23460,23377,23387.7,9077.626
3/2/2023 8:00,23381.8,23456.3,23340,23436.1,16540.258
3/2/2023 7:00,23426.9,23436,23325,23381.9,19488.002
3/2/2023 6:00,23437.1,23463.5,23366,23426.8,13257.813
3/2/2023 5:00,23528.8,23533.4,23400,23437,10464.756
3/2/2023 4:00,23487.1,23535.9,23461.6,23528.9,6460.925
3/2/2023 3:00,23487.6,23505.2,23414.1,23487.1,9742.944
3/2/2023 2:00,23502.8,23534.5,23440,23487.6,11141.155
3/2/2023 1:00,23596,23627.3,23436,23502.8,20640.527
3/2/2023 0:00,23619.8,23790.5,23587.2,23595.9,24978.911
3/1/2023 23:00,23524.6,23667.5,23490.3,23619.8,15181.932
3/1/2023 22:00,23544.8,23567,23430.3,23524.6,12898.361
3/1/2023 21:00,23406.6,23579.6,23359.2,23544.9,22710.69
3/1/2023 20:00,23342.8,23460,23281.6,23406.6,28757.867
3/1/2023 19:00,23687.3,23689.3,23316.3,23342.9,42897.658
3/1/2023 18:00,23698.7,23718.9,23639.7,23687.3,9118.321
3/1/2023 17:00,23686.3,23738.2,23662.7,23698.6,12629.784
3/1/2023 16:00,23702.9,23739,23543.8,23686.2,32991.596
3/1/2023 15:00,23671.9,23765,23560,23702.8,45828.341
3/1/2023 14:00,23686.4,23880,23558,23671.9,53575.763
3/1/2023 13:00,23719,23729,23610,23686.5,22960.02
3/1/2023 12:00,23736.9,23819.5,23694.6,23719,15088.391
3/1/2023 11:00,23773.8,23782.6,23696.5,23736.8,10380.667
3/1/2023 10:00,23749.3,23784.3,23670.3,23773.8,15304.239
3/1/2023 9:00,23862.4,23905.5,23718.9,23749.3,25834.704
3/1/2023 8:00,23709.6,24022.7,23680,23862.4,36477.708
3/1/2023 7:00,23747.5,23768.6,23685.1,23709.6,16064.827
3/1/2023 6:00,23686.1,23800,23660.7,23747.4,21583.63
3/1/2023 5:00,23788.2,23824,23628.1,23686.1,32377.102
3/1/2023 4:00,23431.6,23852.6,23414.8,23788.2,49719.278
3/1/2023 3:00,23318.9,23488.2,23292.3,23431.6,38590.226
3/1/2023 2:00,23236.3,23324,23221.7,23318.9,11669.677
3/1/2023 1:00,23090.2,23288,23063.2,23236.3,20834.415
3/1/2023 0:00,23129.7,23209.6,23008.4,23090.3,23775.114
2/28/2023 23:00,23149.7,23186.8,23086,23129.6,13698.681
2/28/2023 22:00,23126.7,23227.7,23086.1,23149.7,16665.436
2/28/2023 21:00,23259.9,23266.1,23010,23126.8,43367.468
2/28/2023 20:00,23251.1,23333.4,23155,23259.9,26359.717
2/28/2023 19:00,23470,23478.3,23195.1,23251,36451.268
2/28/2023 18:00,23517.6,23540,23426.2,23470,13546.803
2/28/2023 17:00,23446.7,23548,23438.7,23517.7,14743.866
2/28/2023 16:00,23511.1,23592.8,23415.8,23446.8,25720.719
2/28/2023 15:00,23411,23540,23392.6,23511.2,35788.147
2/28/2023 14:00,23394.6,23571.1,23300.5,23410.9,49013.111
2/28/2023 13:00,23445.6,23477.6,23361,23394.6,19223.703
2/28/2023 12:00,23381.5,23497.7,23376,23445.6,22273.95
2/28/2023 11:00,23351.1,23420,23324.5,23381.6,13526.604
2/28/2023 10:00,23257.9,23380,23242.6,23351,13136.119
2/28/2023 9:00,23253.5,23311,23233.2,23257.8,9456.989
2/28/2023 8:00,23223.4,23291.3,23190.2,23253.4,15788.658
2/28/2023 7:00,23380.2,23384.7,23210,23223.3,21543.994
2/28/2023 6:00,23365.3,23404,23351.6,23380.2,5714.982
2/28/2023 5:00,23402,23436.9,23354.5,23365.3,8236.853
2/28/2023 4:00,23454.3,23456.2,23380,23402.1,8578.538
2/28/2023 3:00,23432,23515,23429.5,23454.3,7806.382
2/28/2023 2:00,23420.9,23464.9,23376.4,23431.9,7901.436
2/28/2023 1:00,23411.1,23448.7,23336,23420.9,13293.924
2/28/2023 0:00,23480,23539,23403.4,23411,15082.49
2/27/2023 23:00,23470.2,23573.5,23437.5,23480,14721.256
2/27/2023 22:00,23371.5,23580,23351,23470.2,20151.288
2/27/2023 21:00,23310.6,23395.1,23289.2,23371.5,12915.463
2/27/2023 20:00,23262.5,23319,23088,23310.6,29032.156
2/27/2023 19:00,23276.7,23349.4,23206,23262.5,22704.916
2/27/2023 18:00,23320.9,23364,23143.4,23276.7,31818.847
2/27/2023 17:00,23380.3,23410,23255.5,23321,23757.937
2/27/2023 16:00,23546.5,23603.9,23140,23380.3,88386.063
2/27/2023 15:00,23790.1,23888,23452.2,23546.5,67991.914
2/27/2023 14:00,23696.2,23859.3,23663.2,23790.1,43190.779
2/27/2023 13:00,23394.5,23798,23392.2,23696.1,65460.867
2/27/2023 12:00,23419.9,23430,23369.1,23394.5,8344.188
2/27/2023 11:00,23370.2,23439.8,23360.2,23420,8431.421
2/27/2023 10:00,23378.9,23414.1,23340.4,23370.2,9687.774
2/27/2023 9:00,23348.4,23430,23320,23379,11850.415
2/27/2023 8:00,23411.1,23445.9,23330,23348.4,16852.893
2/27/2023 7:00,23393.2,23444.5,23390.9,23411.1,7982.704
2/27/2023 6:00,23377.8,23421.6,23356.6,23393.1,10199.609
2/27/2023 5:00,23480.3,23494.9,23331,23377.8,22419.768
2/27/2023 4:00,23541,23547,23450.4,23480.2,13176.417
2/27/2023 3:00,23547.9,23633,23530.8,23541,12874.595
2/27/2023 2:00,23544,23634.9,23515,23547.9,12286.699
2/27/2023 1:00,23482.3,23555.1,23424.4,23544,10613.185
2/27/2023 0:00,23545.2,23553.4,23441.6,23482.3,11903.812
2/26/2023 23:00,23469.2,23627.6,23444.1,23545.3,23373.776
2/26/2023 22:00,23548.3,23586.8,23310,23469.2,30706.958
2/26/2023 21:00,23627,23640,23537.2,23548.3,13570.169
2/26/2023 20:00,23491,23675,23451.3,23627.1,34463.327
2/26/2023 19:00,23480.8,23533,23361,23491,26706.425
2/26/2023 18:00,23232,23533,23212,23480.8,47700.924
2/26/2023 17:00,23175.6,23237.6,23130,23232,9396.277
2/26/2023 16:00,23239.8,23246.4,23154,23175.6,9938.656
2/26/2023 15:00,23182.9,23241,23168,23239.7,10201.894
2/26/2023 14:00,23203.6,23332.4,23170.4,23182.8,27893.996
2/26/2023 13:00,23152,23208,23125.3,23203.5,8064.607
2/26/2023 12:00,23244.2,23273.4,23115.4,23151.9,17342.345
2/26/2023 11:00,23227,23250,23189.1,23244.2,6855.289
2/26/2023 10:00,23268.2,23269.5,23200.3,23227,8599.829
2/26/2023 9:00,23142.8,23286.5,23142.7,23268.3,20544.685
2/26/2023 8:00,23142.8,23163,23102.8,23142.7,6192.398
2/26/2023 7:00,23158.7,23199,23127.5,23142.7,7691.557
2/26/2023 6:00,23114,23163.3,23077.2,23158.7,8484.054
2/26/2023 5:00,23180.2,23190.1,23114,23114,6458.951
2/26/2023 4:00,23201.8,23217.8,23140,23180.3,8856.617
2/26/2023 3:00,23226.4,23243.2,23170.5,23201.8,10854.468
2/26/2023 2:00,23103.5,23238,23050,23226.4,13828.708
2/26/2023 1:00,23088.1,23115.6,23055.5,23103.5,5364.819
2/26/2023 0:00,23146.2,23151.3,23070,23088.1,8304.327
2/25/2023 23:00,23109.9,23176.1,23089.5,23146.2,11800.6
2/25/2023 22:00,22927.2,23165.4,22897.1,23109.9,20686.539
2/25/2023 21:00,22916.3,22953.8,22837.1,22927.1,15626.103
2/25/2023 20:00,22975.7,22986.9,22700,22916.3,35273.604
2/25/2023 19:00,22969.9,23009,22905,22975.7,15041.341
2/25/2023 18:00,23034.2,23041,22959.1,22969.9,10398.225
2/25/2023 17:00,23002.2,23041.5,22992.6,23034.2,7722.452
2/25/2023 16:00,22996.4,23078.7,22983.2,23002.2,13497.523
2/25/2023 15:00,22990.4,23023,22960.1,22996.4,7341.288
2/25/2023 14:00,22991.6,23038.4,22963.6,22990.5,10251.143
2/25/2023 13:00,23007.3,23075,22980,22991.7,17877.964
2/25/2023 12:00,22973.9,23013.3,22845.6,23007.2,25804.591
2/25/2023 11:00,22915,23003.7,22897.4,22974,15385.075
2/25/2023 10:00,23045.9,23053.2,22912,22915,18953.367
2/25/2023 9:00,23086.8,23110,22978.5,23046,16466.382
2/25/2023 8:00,23108.7,23147.6,23083.8,23086.7,9142.426
2/25/2023 7:00,23079.9,23112.3,23058.1,23108.7,5413.811
2/25/2023 6:00,23030.2,23089.6,23030.2,23079.9,5393.597
2/25/2023 5:00,23117.7,23118.1,23010.1,23030.2,9792.078
2/25/2023 4:00,23064.9,23119.1,23045.4,23117.8,6314.689
2/25/2023 3:00,23075.5,23119,23032,23064.9,7393.447
2/25/2023 2:00,23171.4,23210.5,23038.7,23075.5,11525.777
2/25/2023 1:00,23158.6,23196,23122.7,23171.4,5193.307
2/25/2023 0:00,23175.5,23191.8,23100,23158.7,8500.319
2/24/2023 23:00,23110,23197.7,23018.1,23175.6,11994.995
2/24/2023 22:00,23092.3,23163.9,22966,23110,17347.597
2/24/2023 21:00,23205.2,23228.3,23055.7,23092.3,13782.865
2/24/2023 20:00,23172.3,23333,23138.8,23205.2,46456.836
2/24/2023 19:00,23074.5,23179.7,22800,23172.3,53013.457
2/24/2023 18:00,23052.9,23136.6,22996.7,23074.5,22716.214
2/24/2023 17:00,23179.9,23181,23005.7,23052.9,31015.913
2/24/2023 16:00,23337.1,23339.3,22915,23179.8,128342.388
2/24/2023 15:00,23800,23831.5,23310.5,23337.2,112428.931
2/24/2023 14:00,23770.1,23850,23668.8,23800.1,35523.603
2/24/2023 13:00,23875.9,23984.1,23650.9,23770,56281.321
2/24/2023 12:00,23876.3,24029.3,23851,23875.9,27487.412
2/24/2023 11:00,23853.2,23888.7,23823.6,23876.4,9015.902
2/24/2023 10:00,23820.4,23875.3,23770,23853.2,11094.648
2/24/2023 9:00,23891.4,23924.4,23795.8,23820.5,11876.295
2/24/2023 8:00,23821.6,23970,23741.5,23891.3,28296.404
2/24/2023 7:00,23880.8,23891.5,23755.5,23821.5,14780.009
2/24/2023 6:00,23887.7,23900.9,23754,23880.8,21422.575
2/24/2023 5:00,23928.6,23934,23837.2,23887.6,13404.399
2/24/2023 4:00,23945.1,23974.6,23908.8,23928.5,5793.763
2/24/2023 3:00,23932,23984.1,23915,23945.1,6007.755
2/24/2023 2:00,23992.7,24017.8,23894.8,23932,13868.404
2/24/2023 1:00,23946.3,24138.6,23946.2,23992.7,23679.035
2/24/2023 0:00,23928.7,24017.2,23879,23946.2,15947.221
2/23/2023 23:00,23853.4,23946.6,23810.4,23928.8,12522.557
2/23/2023 22:00,23859.8,23891.9,23750,23853.4,19317.701
2/23/2023 21:00,23933.2,24006.6,23852,23859.8,10366.318
2/23/2023 20:00,23962.3,24061.6,23890,23933.3,17992.447
2/23/2023 19:00,23848.4,24047.4,23826.5,23962.2,26712.509
2/23/2023 18:00,23827.6,23892.9,23711.5,23848.4,25639.129
2/23/2023 17:00,23749.2,23974,23730,23827.7,40004.337
2/23/2023 16:00,23940,23998.4,23736,23749.2,34095.905
2/23/2023 15:00,23997.4,24058.1,23850,23940,38918.948
2/23/2023 14:00,24001.3,24150,23901.1,23997.3,50991.813
2/23/2023 13:00,23900.4,24215,23830,24001.2,95865.554
2/23/2023 12:00,23767.6,23994.5,23590,23900.5,60877.353
2/23/2023 11:00,24245.1,24259.1,23630,23767.6,103548.73
2/23/2023 10:00,24274.6,24300,24193,24245.1,23036.565
2/23/2023 9:00,24398.6,24459.9,24257,24274.6,16865.989
2/23/2023 8:00,24365.2,24483,24356.2,24398.7,16303.345
2/23/2023 7:00,24377.5,24421,24352.4,24365.3,10766.884
2/23/2023 6:00,24383.1,24404,24301.1,24377.5,12034.259
2/23/2023 5:00,24510.2,24513.4,24339,24383.1,17589.158
2/23/2023 4:00,24444.3,24516,24411.1,24510.3,12743.069
2/23/2023 3:00,24520,24588,24422.1,24444.3,24760.862
2/23/2023 2:00,24180.9,24587.9,24154.1,24520.1,53559.723
2/23/2023 1:00,24117.9,24198.8,24117.9,24180.9,9269.025
2/23/2023 0:00,24171.3,24240,24115,24118,17557.234
2/22/2023 23:00,24093,24209.6,24072.1,24171.3,29212.935
2/22/2023 22:00,23795.4,24098.4,23772.8,24092.9,25705.499
2/22/2023 21:00,23792.8,23838,23730,23795.3,10973.692
2/22/2023 20:00,23781.7,23869.9,23730,23792.8,16115.83
2/22/2023 19:00,23728.7,23970,23640,23781.7,70282.307
2/22/2023 18:00,23738.3,23826.9,23712.6,23728.7,19015.316
2/22/2023 17:00,23627.9,23776.6,23580.4,23738.3,25653.132
2/22/2023 16:00,23707.5,23755.3,23572,23627.9,42308.043
2/22/2023 15:00,23927.8,23998.8,23621,23707.8,94676.616
2/22/2023 14:00,24104.2,24109.9,23900,23927.7,39653.35
2/22/2023 13:00,24128.4,24144.2,23947.7,24104.3,32578.11
2/22/2023 12:00,24156.4,24231.7,24083,24128.3,18123.939
2/22/2023 11:00,24178.2,24215.9,24040.4,24156.4,19569.37
2/22/2023 10:00,24105.5,24195,24078.9,24178.1,15744.293
2/22/2023 9:00,23963,24167.9,23940.5,24105.6,28119.914
2/22/2023 8:00,24059.5,24067,23855.3,23963,29815.251
2/22/2023 7:00,23948.4,24100,23927.9,24059.6,23373.465
2/22/2023 6:00,24104.2,24126,23925.5,23948.1,21557.81
2/22/2023 5:00,24155.4,24167.2,23985,24104.4,18729.791
2/22/2023 4:00,24198.7,24220.2,24022.9,24155.7,20880.582
2/22/2023 3:00,24165,24262.7,24116,24198.8,20073.476
2/22/2023 2:00,24173.1,24190,23851.5,24164.9,63528.091
2/22/2023 1:00,24410,24434.5,24088,24173.1,27178.416
2/22/2023 0:00,24443.3,24468.5,24259.2,24410,17544.873
2/21/2023 23:00,24379,24445,24330,24443.4,10826.358
2/21/2023 22:00,24195.3,24419.8,24150.2,24378.9,20568.505
2/21/2023 21:00,24468.1,24538.4,24150,24195.2,53760.091
2/21/2023 20:00,24607.7,24640.2,24426,24468.1,20532.736
2/21/2023 19:00,24685.7,24697.7,24550,24607.7,18313.474
2/21/2023 18:00,24656.3,24745,24561.4,24685.7,39920.084
2/21/2023 17:00,24396.8,24663.7,24366.2,24656.3,27396.532
2/21/2023 16:00,24554,24585.6,24267.2,24396.7,55118.796
2/21/2023 15:00,24686.3,24724.6,24388,24554,46178.865
2/21/2023 14:00,24568.6,24786.6,24550.2,24686.4,36095.214
2/21/2023 13:00,24634.1,24699,24505.6,24568.6,23145.117
2/21/2023 12:00,24572.6,24663,24474.8,24634.1,36152.341
2/21/2023 11:00,24699.6,24756.4,24555,24572.6,24155.301
2/21/2023 10:00,24797.4,24804.3,24670.2,24699.6,18658.016
2/21/2023 9:00,24684.4,24833.2,24525,24797.5,52480.37
2/21/2023 8:00,25004.6,25347.6,24619,24684.3,122550.777
2/21/2023 7:00,25038.6,25053.9,24938.7,25004.6,16531.263
2/21/2023 6:00,24948.8,25050,24926.5,25038.6,13902.933
2/21/2023 5:00,24902.7,24966.8,24872.1,24948.9,7098.326
2/21/2023 4:00,24926.2,24946.6,24855.2,24902.6,9225.609
2/21/2023 3:00,24917.6,25019,24853,24926.2,18542.148
2/21/2023 2:00,24869.9,25120,24861.3,24917.7,34401.375
2/21/2023 1:00,24860.9,24940,24805.8,24870,10728.981
2/21/2023 0:00,24849.9,24951.3,24787.2,24860.9,13007.363
2/20/2023 23:00,24704.7,24857.7,24699.1,24849.9,9802.148
2/20/2023 22:00,24770,24784.4,24651.2,24704.7,11933.338
2/20/2023 21:00,24807.3,24833.7,24754,24769.9,7211.139
2/20/2023 20:00,24878.4,24891.5,24774,24807.3,9932.556
2/20/2023 19:00,24822,24887.7,24805,24878.5,9614.253
2/20/2023 18:00,24812.7,24844.5,24745.1,24822,12029.825
2/20/2023 17:00,24889.9,24913.9,24760,24812.6,21075.04
2/20/2023 16:00,24944.7,24955.1,24585.1,24889.9,59535.156
2/20/2023 15:00,24974.2,25112.1,24850.3,24944.6,45941.695
2/20/2023 14:00,24856.8,25140,24774.5,24974.3,78303.793
2/20/2023 13:00,24819.2,24935.4,24804.2,24856.7,18238.048
2/20/2023 12:00,24896,24926,24720.2,24819.2,24861.816
2/20/2023 11:00,24918.8,24966.1,24703,24895.9,34939.365
2/20/2023 10:00,24884.7,24990,24766.1,24918.8,51752.986
2/20/2023 9:00,24455.6,24953.1,24361.2,24884.7,56511.114
2/20/2023 8:00,24500.1,24570,24400,24455.6,16235.42
2/20/2023 7:00,24500.2,24539.8,24449.9,24500.1,11051.595
2/20/2023 6:00,24491.8,24535,24422,24500.1,13200.099
2/20/2023 5:00,24482.3,24506.3,24420,24491.8,9224.836
2/20/2023 4:00,24414.9,24555.5,24398.7,24482.4,17022.034
2/20/2023 3:00,24341.5,24471.1,24310.1,24414.9,15420.776
2/20/2023 2:00,24231,24380.4,24156,24341.6,21582.616
2/20/2023 1:00,24208,24290.4,23827,24231,64217.327
2/20/2023 0:00,24265.9,24409.7,24136.8,24208.1,26764.097
2/19/2023 23:00,24488.5,24488.5,24179.4,24265.9,24179.782
2/19/2023 22:00,24536.8,24559.9,24442.5,24488.4,7985.217
2/19/2023 21:00,24516.6,24578.4,24474.4,24536.7,12992.33
2/19/2023 20:00,24512.5,24525.8,24242.4,24516.7,36502.199
2/19/2023 19:00,24459,24562.4,24451.2,24512.5,18549.442
2/19/2023 18:00,24353.6,24527.4,24259.2,24459,36566.395
2/19/2023 17:00,24781.1,24811.9,24310,24353.4,89531.559
2/19/2023 16:00,24929.7,25200,24650,24781.1,90883.079
2/19/2023 15:00,24755.6,25073.5,24737.8,24929.7,68526.061
2/19/2023 14:00,24666.1,24810.6,24665.9,24755.5,18647.029
2/19/2023 13:00,24700.4,24718.7,24666,24666,8059.609
2/19/2023 12:00,24665.3,24708.6,24655.7,24700.5,8051.567
2/19/2023 11:00,24654.2,24710.4,24646.7,24665.4,7774.409
2/19/2023 10:00,24598.2,24687.4,24578.3,24654.2,11720.542
2/19/2023 9:00,24565.5,24627.6,24565.4,24598.2,7205.971
2/19/2023 8:00,24576.6,24626.7,24556.9,24565.5,8263.419
2/19/2023 7:00,24629.9,24663.4,24553.6,24576.7,14447.556
2/19/2023 6:00,24766.2,24767.5,24608,24629.8,15992.185
2/19/2023 5:00,24720.3,24867.6,24712.1,24766.2,23153.679
2/19/2023 4:00,24687,24738,24678.9,24720.2,5468.547
2/19/2023 3:00,24690.1,24714.4,24662.6,24687,3556.775
2/19/2023 2:00,24714,24738.7,24672.6,24690.1,5008.905
2/19/2023 1:00,24743.8,24774.9,24639.5,24714.1,10913.619
2/19/2023 0:00,24636.8,24777,24626.5,24743.9,9526.752
2/18/2023 23:00,24630.4,24669.8,24621.7,24636.9,3338.463
2/18/2023 22:00,24621.7,24673.4,24601.6,24630.5,4658.925
2/18/2023 21:00,24597.5,24645,24586.4,24621.7,4449.696
2/18/2023 20:00,24610,24629.8,24516.7,24597.5,10289.634
2/18/2023 19:00,24713.7,24736.8,24564,24610.1,10710.068
2/18/2023 18:00,24694.1,24887.5,24645.3,24713.8,28775.055
2/18/2023 17:00,24650.5,24720,24573.5,24694.1,13114.325
2/18/2023 16:00,24670,24699.7,24641.4,24650.5,8694.094
2/18/2023 15:00,24699.1,24731.9,24632.8,24670,14687.34
2/18/2023 14:00,24587.9,24750,24538.2,24699,17200.155
2/18/2023 13:00,24624.6,24648.4,24560.4,24587.8,8746.658
2/18/2023 12:00,24525.7,24657.2,24494.4,24624.5,14899.982
2/18/2023 11:00,24462.8,24560.1,24436.4,24525.6,10328.892
2/18/2023 10:00,24560.1,24569.2,24458.5,24462.8,9467.741
2/18/2023 9:00,24591.3,24598.6,24546,24560,5342.565
2/18/2023 8:00,24522.7,24614,24463.5,24591.3,11746.931
2/18/2023 7:00,24630,24630,24430.6,24522.8,16230.639
2/18/2023 6:00,24649.8,24684.8,24613.3,24630,6261.321
2/18/2023 5:00,24632.4,24652,24600.1,24649.8,4890.977
2/18/2023 4:00,24619.9,24663.9,24600.8,24632.4,6962.988
2/18/2023 3:00,24562.9,24649.9,24537,24619.9,9402.625
2/18/2023 2:00,24669.4,24681.5,24502.6,24562.9,9987.134
2/18/2023 1:00,24638.1,24697.4,24580.8,24669.3,11756.038
2/18/2023 0:00,24581.3,24799.2,24546.7,24638.1,19613.31
2/17/2023 23:00,24683.3,24749.9,24520,24581.5,25482.307
2/17/2023 22:00,24483.7,24750,24031.1,24683.3,79286.671
2/17/2023 21:00,24835.2,24849.2,24424.4,24485.1,32405.434
2/17/2023 20:00,24526.8,25043.2,24518.5,24835.2,88644.087
2/17/2023 19:00,24362.7,24562.9,24240,24526.7,30813.384
2/17/2023 18:00,24301.2,24419.6,24201,24362.7,26974.341
2/17/2023 17:00,24090.7,24530,24085.1,24301.3,79243.015
2/17/2023 16:00,24131.3,24330,23916,24090.7,68039.446
2/17/2023 15:00,23865.5,24293.6,23847,24131.4,85127.348
2/17/2023 14:00,23781.4,24255,23701.1,23865.5,105732.277
2/17/2023 13:00,23869.6,23887.1,23752.4,23781.4,17198.306
2/17/2023 12:00,23792.6,23915.6,23772,23869.6,17760.535
2/17/2023 11:00,23757.1,23846.8,23741,23792.6,13812.592
2/17/2023 10:00,23749.1,23790,23675.2,23757,14009.25
2/17/2023 9:00,23804.7,23870,23716.5,23749,22094.261
2/17/2023 8:00,23635.9,23824.7,23520,23804.7,30751.229
2/17/2023 7:00,23673,23792.1,23629.2,23636,18247.062
2/17/2023 6:00,23709.5,23756,23612,23673.1,14246.487
2/17/2023 5:00,23804.9,23812.8,23685.4,23709.5,11243.311
2/17/2023 4:00,23839,23885.7,23718.5,23804.8,15939.175
2/17/2023 3:00,23778.1,23924.7,23762.8,23839.1,13851.455
2/17/2023 2:00,23852.2,23857.8,23755.2,23778.1,16409.142
2/17/2023 1:00,23718.5,23858,23652.2,23852.2,20079.87
2/17/2023 0:00,23526.6,23787.3,23350,23718.5,75326.163
2/16/2023 23:00,24012.8,24113.6,23518,23526.6,93058.355
2/16/2023 22:00,24554,24569.5,24000,24012.8,54634.097
2/16/2023 21:00,24581.5,24590.4,24372.9,24554,28693.148
2/16/2023 20:00,24879.1,24884.1,24450,24581.5,61317.096
2/16/2023 19:00,24976.4,25005.3,24832,24879,17009.822
2/16/2023 18:00,24896.4,25044,24861.1,24976.4,24140.088
2/16/2023 17:00,24905.4,24969.6,24766.9,24896.4,33713.016
2/16/2023 16:00,25090.2,25290,24620,24905.4,149453.087
2/16/2023 15:00,24448.2,25104.8,24405.4,25090.2,91046.449
2/16/2023 14:00,24465.1,24534.6,24312,24448.2,51268.553
2/16/2023 13:00,24607.2,24694,24361,24465,54062.576
2/16/2023 12:00,24580,24630,24468.8,24607.1,17900.741
2/16/2023 11:00,24634.5,24638.5,24520.9,24580,17425.66
2/16/2023 10:00,24662.8,24678,24622.5,24634.5,8445.833
2/16/2023 9:00,24592.6,24670,24571.6,24662.8,10580.787
2/16/2023 8:00,24630.8,24673.7,24583.9,24592.6,12090.868
2/16/2023 7:00,24597.9,24652,24427,24630.8,38570.696
2/16/2023 6:00,24694.4,24752.4,24578,24597.9,19096.117
2/16/2023 5:00,24647.9,24730.7,24613.1,24694.4,12513.208
2/16/2023 4:00,24741,24764.6,24647.9,24647.9,14936.436
2/16/2023 3:00,24697.9,24771,24680,24741,10822.901
2/16/2023 2:00,24649.2,24765,24624.6,24697.8,15685.866
2/16/2023 1:00,24609.9,24709.9,24582.2,24649.2,21884.823
2/16/2023 0:00,24332.7,24934.1,24287,24609.9,101112.936
2/15/2023 23:00,24155.6,24356.7,24154.5,24332.6,28456.672
2/15/2023 22:00,24181,24420,24120,24155.7,49934.42
2/15/2023 21:00,24144.8,24300,24011,24181,55406.516
2/15/2023 20:00,23310.6,24357,23285.9,24144.8,173137.88
2/15/2023 19:00,22963.1,23345.7,22934.1,23310.6,78875.576
2/15/2023 18:00,22793.5,23066,22760,22963,37376.49
2/15/2023 17:00,22751,22825,22733.2,22793.4,11929.68
2/15/2023 16:00,22798,22939,22730.1,22751.1,36857.47
2/15/2023 15:00,22677.3,22880,22652.7,22798.1,36944.05
2/15/2023 14:00,22687.1,22787.8,22610.9,22677.3,37571.029
2/15/2023 13:00,22763.6,22775.3,22662,22687.1,36160.876
2/15/2023 12:00,22433,22924.9,22432.9,22763.6,96483.152
2/15/2023 11:00,22222.7,22500,22212.9,22433,54449.598
2/15/2023 10:00,22161.9,22244,22136.5,22222.6,15307.304
2/15/2023 9:00,22080.8,22191.2,22075.9,22161.9,8711.57
2/15/2023 8:00,22097.4,22120,22077,22080.8,7597.855
2/15/2023 7:00,22107.1,22164.4,22085.1,22097.5,8340.454
2/15/2023 6:00,22125.9,22148,22095.8,22107.1,5068.649
2/15/2023 5:00,22074.3,22137.1,22074.2,22125.9,6020.52
2/15/2023 4:00,22088.9,22110,22061.2,22074.3,4466.55
2/15/2023 3:00,22063,22123.1,22059.6,22088.9,8163.079
2/15/2023 2:00,22100.7,22120,22038.5,22063,8879.042
2/15/2023 1:00,22137,22157.1,22080.6,22100.6,6950.562
2/15/2023 0:00,22187.4,22190.8,22098.6,22137.1,11587.477
2/14/2023 23:00,22176.8,22248.2,22156.7,22187.4,8472.457
2/14/2023 22:00,22230.6,22238,22143.5,22176.7,6987.456
2/14/2023 21:00,22243.4,22275,22110.4,22230.6,18663.036
2/14/2023 20:00,22196.8,22251.4,22157,22243.4,14951.678
2/14/2023 19:00,22106.1,22230.8,22054.3,22196.7,26268.9
2/14/2023 18:00,22041.2,22174.3,22035.2,22106,28032.05
2/14/2023 17:00,22001.3,22075,21986.8,22041.2,21540.62
2/14/2023 16:00,22033.4,22124,21910.2,22001.3,45439.921
2/14/2023 15:00,22240,22320,21843.6,22033.3,108640.67
2/14/2023 14:00,21711.3,22250,21560,22239.9,109984.903
2/14/2023 13:00,21850,21887.2,21485.2,21711.3,92791.301
2/14/2023 12:00,21798.9,21894.1,21785.4,21850,14004.451
2/14/2023 11:00,21799.9,21808.2,21764.1,21798.9,6214.779
2/14/2023 10:00,21808.7,21830,21775.5,21799.9,11654.05
2/14/2023 9:00,21685.4,21880,21675.3,21808.7,18570.378
2/14/2023 8:00,21760,21765,21659.1,21685.5,10995.374
2/14/2023 7:00,21736.7,21780,21731,21759.9,6401.292
2/14/2023 6:00,21717.3,21758,21710.4,21736.7,7092.453
2/14/2023 5:00,21696.1,21726.1,21689.6,21717.3,4568.873
2/14/2023 4:00,21691.8,21730,21676.5,21696.1,6111.674
2/14/2023 3:00,21705.9,21739.9,21681.6,21691.8,6148.213
2/14/2023 2:00,21698.7,21731,21689.5,21705.8,5578.589
2/14/2023 1:00,21727.7,21753.3,21670.8,21698.7,7944.819
2/14/2023 0:00,21766.1,21806.5,21722.3,21727.6,11733.572
2/13/2023 23:00,21628.6,21840,21626.8,21766.2,29344.002
2/13/2023 22:00,21604.1,21670,21593.4,21628.6,6166.264
2/13/2023 21:00,21655,21667.9,21573.4,21604.1,7650.166
2/13/2023 20:00,21597.9,21660,21552.5,21654.9,11803.663
2/13/2023 19:00,21628.7,21650,21526.6,21597.8,17152.465
2/13/2023 18:00,21453,21668,21441.1,21628.6,28790.38
2/13/2023 17:00,21497,21538.1,21338,21453,37048.792
2/13/2023 16:00,21553.3,21638.9,21359,21496.9,51855.034
2/13/2023 15:00,21662.7,21670.5,21544.8,21553.3,19826.531
2/13/2023 14:00,21564.6,21679,21551.1,21662.7,24402.582
2/13/2023 13:00,21650,21659.6,21561,21564.5,15020.733
2/13/2023 12:00,21595.9,21688,21580,21649.9,17007.951
2/13/2023 11:00,21587,21632,21560.9,21595.9,16237.12
2/13/2023 10:00,21572.3,21640.1,21410,21587,36842.954
2/13/2023 9:00,21711.4,21745,21470.4,21572.4,64333.355
2/13/2023 8:00,21857.1,21865.1,21689,21711.4,23518.726
2/13/2023 7:00,21814.6,21888,21781.5,21857.2,13726.066
2/13/2023 6:00,21820.5,21841.9,21792.3,21814.6,5210.162
2/13/2023 5:00,21828,21859.4,21808.9,21820.6,6166.767
2/13/2023 4:00,21800.9,21857,21787.1,21828,12357.873
2/13/2023 3:00,21750.1,21814.2,21740,21800.9,8810.172
2/13/2023 2:00,21696.9,21754.8,21606,21750.2,16888.313
2/13/2023 1:00,21800,21822.1,21641,21697,20813.65
2/13/2023 0:00,21771,21865.4,21680,21800,20621.972
2/12/2023 23:00,21782.2,21823.7,21715.2,21771.1,14353.317
2/12/2023 22:00,21728,21812.2,21618,21782.3,26628.479
2/12/2023 21:00,21955.1,21967.2,21694.7,21728,29555.654
2/12/2023 20:00,21983.1,22018.5,21938.2,21955,5769.234
2/12/2023 19:00,21960,22019.9,21911,21983.1,7855.541
2/12/2023 18:00,21978.1,21982.4,21932,21959.9,6953.569
2/12/2023 17:00,21991.3,22041.8,21955,21978,12589.739
2/12/2023 16:00,21931.4,22080.9,21901,21991.4,30145.08
2/12/2023 15:00,21913.8,21969,21873,21931.4,14675.516
2/12/2023 14:00,21807.8,22000.5,21800,21913.8,24236.101
2/12/2023 13:00,21806.6,21824.4,21750,21807.8,15745.816
2/12/2023 12:00,21877.6,21886.3,21801,21806.6,11766.039
2/12/2023 11:00,21869,21882.1,21850,21877.6,4777.236
2/12/2023 10:00,21896.5,21911,21830.7,21868.9,10994.456
2/12/2023 9:00,21794.9,21959,21791.3,21896.4,17424.821
2/12/2023 8:00,21788.2,21842.6,21788.1,21794.8,5620.255
2/12/2023 7:00,21803,21805.4,21787.6,21788.2,2475.438
2/12/2023 6:00,21791.2,21806.9,21785,21802.9,3723.303
2/12/2023 5:00,21775.1,21793.8,21764.1,21791.2,3509.602
2/12/2023 4:00,21772.1,21779,21754,21775.1,4101.376
2/12/2023 3:00,21806.3,21811.4,21769.1,21772.1,3730.51
2/12/2023 2:00,21797.3,21811.9,21752.9,21806.2,6325.88
2/12/2023 1:00,21805,21834.5,21778,21797.4,5387.886
2/12/2023 0:00,21851.2,21874.7,21792,21805.1,8442.245
2/11/2023 23:00,21812.7,21891.9,21796.9,21851.3,10953.359
2/11/2023 22:00,21815.7,21867.8,21770.5,21812.7,11223.391
2/11/2023 21:00,21661.4,21850.7,21651,21815.6,16632.999
2/11/2023 20:00,21652.6,21718.6,21635.5,21661.3,9227.098
2/11/2023 19:00,21644.3,21665,21635.4,21652.6,6846.152
2/11/2023 18:00,21690.6,21722.9,21600,21644.3,15146.025
2/11/2023 17:00,21684.4,21691.4,21652.8,21690.5,6040.514
2/11/2023 16:00,21726.9,21728.7,21669.9,21684.4,6844.11
2/11/2023 15:00,21741.6,21748,21708.5,21727,4824.333
2/11/2023 14:00,21738.3,21745.9,21704,21741.6,6245.939
2/11/2023 13:00,21702.2,21756,21687,21738.2,8002.958
2/11/2023 12:00,21689.2,21770,21651.1,21702.1,18378.803
2/11/2023 11:00,21661.9,21693,21658.4,21689.2,3092.062
2/11/2023 10:00,21693.7,21694,21646.6,21661.8,5047.697
2/11/2023 9:00,21678.3,21693.7,21664.1,21693.6,3400.768
2/11/2023 8:00,21681.9,21696.2,21670,21678.3,5135.841
2/11/2023 7:00,21658,21704.9,21630.6,21681.9,6221.622
2/11/2023 6:00,21663.3,21668.7,21643.5,21658,4062.787
2/11/2023 5:00,21680.4,21700,21659.4,21663.3,3483.023
2/11/2023 4:00,21668.8,21685.5,21655.8,21680.3,3891.071
2/11/2023 3:00,21645.7,21718.8,21643.5,21668.8,8017.296
2/11/2023 2:00,21629.8,21664.6,21613.5,21645.8,5544.859
2/11/2023 1:00,21652.3,21694,21605.2,21629.8,9503.984
2/11/2023 0:00,21618.6,21684.9,21594.4,21652.4,11482.976
2/10/2023 23:00,21560.5,21649.6,21542.7,21618.6,9306.092
2/10/2023 22:00,21521.5,21633.1,21505.3,21560.5,15344.602
2/10/2023 21:00,21716,21719,21405,21521.4,38020.355
2/10/2023 20:00,21764,21785.4,21706,21715.9,7211.955
2/10/2023 19:00,21696.2,21794.4,21655,21764,15437.139
2/10/2023 18:00,21684.1,21729.7,21663.2,21696.2,13946.979
2/10/2023 17:00,21602.1,21689,21550.1,21684,20169.816
2/10/2023 16:00,21648.9,21740,21566.6,21602.1,37181.746
2/10/2023 15:00,21835.9,21897,21484,21649,60485.451
2/10/2023 14:00,21760.3,21883.2,21747.9,21835.9,23598.642
2/10/2023 13:00,21711.8,21820,21707.8,21760.2,18032.269
2/10/2023 12:00,21726.7,21784.4,21675,21711.8,18464.665
2/10/2023 11:00,21841.7,21841.7,21707.2,21726.6,19865.536
2/10/2023 10:00,21810,21846.3,21791,21841.7,9013.633
2/10/2023 9:00,21882.2,21897,21804,21810.1,9868.299
2/10/2023 8:00,21902,21917.8,21854.9,21882.1,9635.426
2/10/2023 7:00,21870.9,21914,21821.5,21901.9,12736.088
2/10/2023 6:00,21790.7,21872.8,21769.5,21871,10141.286
2/10/2023 5:00,21781.1,21837.4,21595.8,21790.7,28748.969
2/10/2023 4:00,21817.5,21823,21697.2,21781.1,16903.923
2/10/2023 3:00,21912.4,21922,21811.9,21817.5,8602.077
2/10/2023 2:00,21890.4,21933.8,21848,21912.4,9708.212
2/10/2023 1:00,21819.2,21892.7,21792.1,21890.4,10975.644
2/10/2023 0:00,21793.3,21877.6,21751.1,21819.2,16587.693
2/9/2023 23:00,21762.8,21846.6,21737,21793.4,17052.121
2/9/2023 22:00,21849.3,21949.9,21684.7,21762.7,31791.203
2/9/2023 21:00,21989.5,22001.5,21689,21849.2,60974.492
2/9/2023 20:00,22027.3,22074.5,21817.5,21989.5,55980.087
2/9/2023 19:00,22512,22526.2,21862.1,22027.3,126897.186
2/9/2023 18:00,22533.7,22595.2,22462.3,22512.1,19983.799
2/9/2023 17:00,22503,22591.9,22447.3,22533.8,26927.419
2/9/2023 16:00,22603.8,22614.7,22441.5,22503,38983.488
2/9/2023 15:00,22685.9,22705.3,22550,22603.8,32787.176
2/9/2023 14:00,22740,22840,22665.4,22685.8,29402.726
2/9/2023 13:00,22700.7,22763,22677.4,22740,16781.23
2/9/2023 12:00,22677.5,22786,22550,22700.8,33772.892
2/9/2023 11:00,22690.9,22730,22648.1,22677.4,9993.294
2/9/2023 10:00,22731.1,22732.8,22662,22690.9,8940.996
2/9/2023 9:00,22712,22738,22675.8,22731.2,9497.865
2/9/2023 8:00,22668.8,22766,22660,22711.9,13736.472
2/9/2023 7:00,22710.4,22731.8,22638.4,22668.7,11641.922
2/9/2023 6:00,22595.5,22730,22568.3,22710.3,18990.497
2/9/2023 5:00,22563.9,22635,22528.1,22595.6,14460.954
2/9/2023 4:00,22511.6,22611.6,22341.1,22563.9,38897.34
2/9/2023 3:00,22795,22804.5,22407.5,22511.6,84167.683
2/9/2023 2:00,22937.3,22947.9,22787.2,22794.9,12421.502
2/9/2023 1:00,22972.4,22987.8,22926.3,22937.2,6594.503
2/9/2023 0:00,22955.9,23007.8,22921.8,22972.3,11618.503
2/8/2023 23:00,22923,22964.2,22866,22955.9,10440.926
2/8/2023 22:00,22948.2,22969.3,22907,22922.9,5351.531
2/8/2023 21:00,22823.8,22977,22813.7,22948.3,9460.536
2/8/2023 20:00,22867.4,22905,22766.4,22823.8,16787.015
2/8/2023 19:00,22887.6,22921.8,22812.9,22867.3,13308.432
2/8/2023 18:00,22995.5,23029.9,22822.8,22887.6,22294.082
2/8/2023 17:00,22957.7,23017,22900.7,22995.4,25271.026
2/8/2023 16:00,22862.4,22960,22662.9,22957.8,71042.197
2/8/2023 15:00,23042.4,23042.5,22849.9,22862.4,41522.842
2/8/2023 14:00,23104,23123.3,22976.9,23042.4,28710.053
2/8/2023 13:00,23118.1,23134.8,23040.9,23104,19461.677
2/8/2023 12:00,23152.8,23194.3,23071,23118.1,13382.996
2/8/2023 11:00,23154,23177.6,23128.8,23152.8,7281.574
2/8/2023 10:00,23197.2,23199.1,23123.1,23154,9715.26
2/8/2023 9:00,23202.1,23216.9,23170.9,23197.3,5638.913
2/8/2023 8:00,23227,23232.2,23156.5,23202.1,9970.292
2/8/2023 7:00,23192.4,23233.6,23173.7,23226.9,6118.563
2/8/2023 6:00,23217.2,23228.7,23180,23192.4,6408.076
2/8/2023 5:00,23238.3,23249.7,23180,23217.2,7834.059
2/8/2023 4:00,23250.5,23283.5,23233,23238.2,4321.786
2/8/2023 3:00,23239.9,23271.7,23220.3,23250.6,6166.53
2/8/2023 2:00,23280,23302.5,23228,23240,7963.401
2/8/2023 1:00,23319.9,23450,23274.4,23279.9,19753.984
2/8/2023 0:00,23234.1,23357.5,23222.6,23320,15259.73
2/7/2023 23:00,23223.9,23288.7,23223.6,23234.1,8947.692
2/7/2023 22:00,23189.5,23300,23132,23223.9,14462.296
2/7/2023 21:00,23189.9,23263.8,23165.5,23189.6,14995.32
2/7/2023 20:00,23086.1,23246.7,23024.3,23189.8,30449.922
2/7/2023 19:00,22926.2,23128,22918.5,23086.1,36582.574
2/7/2023 18:00,23277.9,23348,22762,22926.1,93654.747
2/7/2023 17:00,22971,23368.6,22881.6,23278,60507.158
2/7/2023 16:00,22898.9,23023,22860.1,22971,18994.666
2/7/2023 15:00,22968.3,22970.5,22869,22898.8,18191.18
2/7/2023 14:00,22973.5,23013.9,22925,22968.3,14559.867
2/7/2023 13:00,23015.1,23032.1,22930,22973.4,11795.693
2/7/2023 12:00,22970.4,23029.9,22955.8,23015.1,8108.535
2/7/2023 11:00,22976.8,23016,22961.4,22970.4,7229.639
2/7/2023 10:00,23001.6,23061,22967.1,22976.9,13125.205
2/7/2023 9:00,22869.4,23033,22869.3,23001.6,18359.641
2/7/2023 8:00,22905.5,22913.5,22854.8,22869.4,9940.544
2/7/2023 7:00,22916.6,22952.4,22880.4,22905.6,6669.694
2/7/2023 6:00,22928,22977.8,22913.2,22916.5,7244.705
2/7/2023 5:00,22863.1,22944.9,22854.8,22928.1,8480.062
2/7/2023 4:00,22870.9,22924.2,22855,22863.1,8262.465
2/7/2023 3:00,22877.6,22897.2,22848,22870.9,8215.453
2/7/2023 2:00,22842.5,22885,22801,22877.6,8177.781
2/7/2023 1:00,22789.5,22859.7,22788.4,22842.4,7412.549
2/7/2023 0:00,22757.8,22820,22742.4,22789.5,12906.106
2/6/2023 23:00,22879.2,22892.2,22622.1,22757.7,36821.062
2/6/2023 22:00,22915.1,22922.3,22835.2,22879.3,13421.523
2/6/2023 21:00,23001.4,23004.8,22900,22915.1,9804.428
2/6/2023 20:00,23026.3,23026.3,22960,23001.5,7388.142
2/6/2023 19:00,23015,23121.1,22977,23026.2,15669.951
2/6/2023 18:00,23031.3,23073.4,22954,23015,14158.237
2/6/2023 17:00,22997.1,23064.5,22947,23031.3,18974.482
2/6/2023 16:00,23040.5,23159.4,22922.2,22997.1,56875.956
2/6/2023 15:00,22839,23054.9,22735,23040.5,40491.307
2/6/2023 14:00,22825.6,22896.2,22775,22839,24242.698
2/6/2023 13:00,22882.4,22918.6,22806,22825.7,11480.472
2/6/2023 12:00,22876.1,22932,22826.7,22882.5,18462.803
2/6/2023 11:00,22841.2,22893.8,22733.9,22876.1,20072.601
2/6/2023 10:00,22833.9,22867,22800.7,22841.2,6898.077
2/6/2023 9:00,22858.2,22880,22811.7,22834,7903.116
2/6/2023 8:00,22873.1,22935,22830,22858.1,13751.518
2/6/2023 7:00,22776.1,22883.7,22750.9,22873,11999.156
2/6/2023 6:00,22771.6,22797.8,22716.7,22776.1,9964.595
2/6/2023 5:00,22865.6,22883.3,22600,22771.6,31843.815
2/6/2023 4:00,22892,22924,22864.9,22865.7,5641.851
2/6/2023 3:00,22874.4,22921.6,22817.1,22891.9,10115.362
2/6/2023 2:00,22974.9,22998.6,22862.4,22874.5,8739.48
2/6/2023 1:00,23050,23060.9,22960,22974.8,8276.468
2/6/2023 0:00,22929.3,23094,22910.6,23050,14163.043
2/5/2023 23:00,22977.4,22999.4,22894,22929.2,12042.897
2/5/2023 22:00,22896.8,23025,22889.4,22977.4,14954.608
2/5/2023 21:00,22884.1,22897.1,22787.8,22896.8,10111.577
2/5/2023 20:00,22889.6,22940,22850,22884.1,10078.177
2/5/2023 19:00,22840.1,22914.1,22741,22889.5,21817.409
2/5/2023 18:00,22848.5,22932,22810,22840.1,21663.896
2/5/2023 17:00,23073,23108.3,22802.2,22848.6,58910.68
2/5/2023 16:00,23094.2,23155.5,22982,23073,29022.757
2/5/2023 15:00,23159.9,23198.9,23060,23094.2,19768.963
2/5/2023 14:00,23164.2,23209.6,23138,23159.8,13499.364
2/5/2023 13:00,23160.1,23215,23064.3,23164.3,33726.98
2/5/2023 12:00,23354.2,23373.6,23000,23160.2,36069.184
2/5/2023 11:00,23395,23402,23344.6,23354.1,6908.713
2/5/2023 10:00,23361.5,23406,23361.5,23395,4542.625
2/5/2023 9:00,23391.7,23398.3,23352.7,23361.5,4376.309
2/5/2023 8:00,23377,23418.7,23367.1,23391.7,4726.657
2/5/2023 7:00,23390.8,23403.2,23362,23377,3495.735
2/5/2023 6:00,23374.3,23436,23341.3,23390.7,7990.894
2/5/2023 5:00,23364.1,23390,23359.6,23374.3,3971.195
2/5/2023 4:00,23343.3,23377.6,23327.5,23364,4638.537
2/5/2023 3:00,23288.2,23343.4,23285.5,23343.4,4970.52
2/5/2023 2:00,23317.2,23345,23288.1,23288.2,4553.384
2/5/2023 1:00,23287.5,23329.7,23260.8,23317.2,7043.711
2/5/2023 0:00,23322.6,23367.5,23211,23287.4,17780.262
2/4/2023 23:00,23401.4,23422.5,23258,23322.6,14535.182
2/4/2023 22:00,23414.7,23450,23387,23401.4,3937.007
2/4/2023 21:00,23411.6,23418.2,23367,23414.6,3913.779
2/4/2023 20:00,23427.4,23441.2,23388,23411.6,4729.85
2/4/2023 19:00,23446.2,23454.5,23415,23427.3,3245.193
2/4/2023 18:00,23439.1,23474.4,23402.8,23446.2,5876.663
2/4/2023 17:00,23411.1,23464.4,23389.4,23439.1,7377.079
2/4/2023 16:00,23420.1,23457,23355,23411,9225.113
2/4/2023 15:00,23462.5,23471.6,23383.4,23420.1,8590.685
2/4/2023 14:00,23503.1,23509,23386.9,23462.5,13594.955
2/4/2023 13:00,23405.3,23591.4,23404.4,23503,39263.442
2/4/2023 12:00,23359.2,23415,23335.4,23405.2,8583.782
2/4/2023 11:00,23332.1,23376.8,23329.1,23359.2,4661.675
2/4/2023 10:00,23338.1,23364.7,23328.4,23332.2,5408.959
2/4/2023 9:00,23293.1,23349.4,23288.3,23338,4717.185
2/4/2023 8:00,23322.4,23343.9,23293,23293,4971.939
2/4/2023 7:00,23335.8,23354.4,23286,23322.4,9145.847
2/4/2023 6:00,23314.2,23343.9,23250,23335.8,6611.143
2/4/2023 5:00,23336.5,23336.8,23263.5,23314.1,7530.833
2/4/2023 4:00,23340.8,23358.2,23310.1,23336.4,5013.365
2/4/2023 3:00,23387.1,23393.6,23330.1,23340.8,4901.546
2/4/2023 2:00,23370.8,23400,23342,23387.2,5288.655
2/4/2023 1:00,23408.5,23439,23358.3,23370.9,6279.936
2/4/2023 0:00,23424.7,23464,23378.4,23408.5,9714.58
2/3/2023 23:00,23417.3,23465.4,23397.1,23424.7,8144.814
2/3/2023 22:00,23377.6,23436.9,23370.5,23417.2,9317.751
2/3/2023 21:00,23336.6,23395.3,23300,23377.6,7385.957
2/3/2023 20:00,23308.2,23403.6,23201,23336.6,26949.87
2/3/2023 19:00,23418.8,23440.9,23296.4,23308.2,18633.868
2/3/2023 18:00,23504.1,23522.4,23363.2,23418.8,27125.42
2/3/2023 17:00,23514.3,23661,23496,23504.1,19543.561
2/3/2023 16:00,23601.1,23719.9,23512.5,23514.3,26630.952
2/3/2023 15:00,23516.9,23712.7,23410.4,23601.1,59132.011
2/3/2023 14:00,23348.8,23598,23222,23516.3,54912.098
2/3/2023 13:00,23527,23544.5,23232.9,23348.9,63211.167
2/3/2023 12:00,23532.9,23572.9,23488,23527.1,12614.746
2/3/2023 11:00,23437.1,23540,23420,23532.9,15955.882
2/3/2023 10:00,23423,23447,23355,23437.1,9749.318
2/3/2023 9:00,23428,23449.3,23403,23423.1,8231.104
2/3/2023 8:00,23457.1,23474.9,23328.8,23427.9,23848.592
2/3/2023 7:00,23513.6,23547.4,23450,23457.1,10862.397
2/3/2023 6:00,23526.8,23554,23507.9,23513.6,4154.9
2/3/2023 5:00,23516,23551.5,23502.5,23527.1,4395.101
2/3/2023 4:00,23535,23568.5,23509.4,23516,6158.682
2/3/2023 3:00,23477.8,23541.7,23413.7,23534.9,11558.754
2/3/2023 2:00,23555,23578.2,23412,23477.8,14289.484
2/3/2023 1:00,23556.5,23592,23524,23555,9023.746
2/3/2023 0:00,23493,23582,23439.5,23556.4,19001.263
2/2/2023 23:00,23559.1,23598,23423.2,23493.1,17829.402
2/2/2023 22:00,23456.2,23618.1,23365,23559,27827.582
2/2/2023 21:00,23875,23933.5,23400,23456,49496.052
2/2/2023 20:00,23804.8,23878.4,23751.6,23874.9,16136.45
2/2/2023 19:00,24058.6,24072,23723.5,23804.9,45605.939
2/2/2023 18:00,23896.8,24149,23894.1,24058.7,43947.656
2/2/2023 17:00,23790.7,23940.8,23781.7,23896.7,14637.636
2/2/2023 16:00,23843.4,23903,23772.2,23790.8,27388.501
2/2/2023 15:00,23612.1,23934,23559.2,23843.3,54881.71
2/2/2023 14:00,23773.5,23950,23520,23611.8,72555.741
2/2/2023 13:00,23807.4,23819.7,23716,23773.5,16612.651
2/2/2023 12:00,23827,23836.5,23763.6,23807.5,8742.542
2/2/2023 11:00,23785,23859.6,23778.4,23827,8425.973
2/2/2023 10:00,23839.8,23842.4,23772.8,23785.1,5521.421
2/2/2023 9:00,23803.6,23845.9,23750.4,23839.7,9031.178
2/2/2023 8:00,23787,23860,23773.5,23803.7,11308.314
2/2/2023 7:00,23793.9,23836.8,23744,23787,10256.822
2/2/2023 6:00,23809.9,23836.8,23660,23793.9,20885.449
2/2/2023 5:00,23885.9,23927.5,23803.6,23809.9,9142.4
2/2/2023 4:00,23852.1,23912.8,23843.4,23885.9,8657.824
2/2/2023 3:00,23892.9,23941.5,23852.1,23852.2,10781.579
2/2/2023 2:00,23958.6,23997.7,23836.8,23892.9,18974.669
2/2/2023 1:00,24194.4,24216.3,23950.9,23958.6,32060.462
2/2/2023 0:00,23730.1,24281.4,23694.5,24194.4,75032.385
2/1/2023 23:00,23718.4,23789.7,23678,23730,14468.801
2/1/2023 22:00,23684.8,23852.4,23655.1,23718.5,22461.894
2/1/2023 21:00,23572.7,23799.9,23529,23684.7,50865.832
2/1/2023 20:00,23379.8,23650,23320,23572.8,72262.626
2/1/2023 19:00,23073.3,23495,22747,23379.9,162722.152
2/1/2023 18:00,22989.2,23131.6,22940.1,23073.2,25687.718
2/1/2023 17:00,23000.7,23041.1,22924.5,22989.1,12000.744
2/1/2023 16:00,22975.6,23033.8,22907.5,23000.8,15057.754
2/1/2023 15:00,23098.1,23114.8,22935.3,22975.7,28459.163
2/1/2023 14:00,23082.5,23142.5,23029.4,23098,16613.275
2/1/2023 13:00,23058.3,23143.6,23015.1,23082.4,17941.875
2/1/2023 12:00,23076.1,23109.2,23046,23058.4,8245.023
2/1/2023 11:00,22994,23100,22985.3,23076.1,13872.491
2/1/2023 10:00,22992.3,23009.4,22940,22994,7260.358
2/1/2023 9:00,22981.1,23015.4,22911.3,22992.3,11387.059
2/1/2023 8:00,23070.9,23081.8,22933.8,22981.1,18037.462
2/1/2023 7:00,23060,23110.6,23011.5,23071,10500.569
2/1/2023 6:00,23113.4,23124.9,23045.7,23059.9,9296.545
2/1/2023 5:00,23130,23160.4,23105,23113.4,6626.579
2/1/2023 4:00,23127.4,23151.8,23101.8,23130,6644.816
2/1/2023 3:00,23102.3,23130.1,23028,23127.3,6600.906
2/1/2023 2:00,23118.7,23125.3,23073.6,23102.2,6215.444
2/1/2023 1:00,23076.3,23177.7,23051,23118.7,11087.478
2/1/2023 0:00,23119.5,23161.4,22988,23076.2,17113.147
1/31/2023 23:00,23178.5,23180,23076.2,23119.4,18130.506
1/31/2023 22:00,22944,23330,22865.5,23178.6,33465.629
1/31/2023 21:00,23090.4,23115.3,22804,22944,39906.589
1/31/2023 20:00,23154.6,23163.7,23035,23090.5,14050.821
1/31/2023 19:00,23158.4,23189.8,23082,23154.6,10977.734
1/31/2023 18:00,23143.3,23179.3,23110.1,23158.4,7047.225
1/31/2023 17:00,23101.3,23175.7,23076.3,23143.3,10447.725
1/31/2023 16:00,23114,23221.6,23072.8,23101.3,20936.177
1/31/2023 15:00,23110,23200,23069,23113.9,21030.486
1/31/2023 14:00,23112.5,23183.9,23041.8,23110.1,37004.693
1/31/2023 13:00,22887.7,23116.4,22875.8,23112.4,44972.31
1/31/2023 12:00,22857,22917.7,22843.4,22887.7,10347.096
1/31/2023 11:00,22821,22872.9,22806.5,22856.9,8850.857
1/31/2023 10:00,22883.8,22902,22803,22821.1,11027.839
1/31/2023 9:00,22904.7,22931.9,22875,22883.8,7131.006
1/31/2023 8:00,22967.7,22986.8,22828.5,22904.7,19050.398
1/31/2023 7:00,22805.9,22980,22803.4,22967.7,16251.794
1/31/2023 6:00,22748.2,22862.4,22735.5,22805.9,12409.231
1/31/2023 5:00,22856.9,22865.2,22745.4,22748.1,8209.713
1/31/2023 4:00,22826.6,22859.1,22790.6,22856.9,6561.251
1/31/2023 3:00,22851,22862.3,22807.6,22826.7,5588.008
1/31/2023 2:00,22828.3,22913.6,22812.9,22851,9962.741
1/31/2023 1:00,22825,22862.7,22752.1,22828.3,10054.422
1/31/2023 0:00,22819.9,22873.9,22715.3,22825.1,20312.715
1/30/2023 23:00,22729,22837,22700,22819.9,15688.996
1/30/2023 22:00,22743.7,22768.2,22484.2,22729.1,20742.793
1/30/2023 21:00,22694,22790,22677.3,22743.6,14016.504
1/30/2023 20:00,22783.6,22809.8,22550,22694,32147.117
1/30/2023 19:00,23137,23140,22600,22783.7,66573.099
1/30/2023 18:00,23110.1,23184,23068,23136.9,13167.03
1/30/2023 17:00,23170.3,23235,23088,23110.2,12747.123
1/30/2023 16:00,23178.6,23247,23110,23170.2,18182.013
1/30/2023 15:00,23281.7,23295.8,23046,23178.6,28638.612
1/30/2023 14:00,23055.2,23282,23025.5,23281.6,31306.035
1/30/2023 13:00,23075.2,23129.1,23046.8,23055.3,14726.501
1/30/2023 12:00,23075.2,23149.5,22930,23075.1,39696.579
1/30/2023 11:00,23245.2,23273.1,23001,23075.2,40392.871
1/30/2023 10:00,23192.9,23304.6,23100,23245.2,29779.375
1/30/2023 9:00,23554.2,23554.2,23110,23192.9,85945.035
1/30/2023 8:00,23648,23678.6,23500.8,23554.1,22346.183
1/30/2023 7:00,23697.4,23708.9,23600,23648.1,11741.882
1/30/2023 6:00,23733.7,23748.2,23658,23697.4,7622.479
1/30/2023 5:00,23716.3,23735.1,23663.6,23733.7,7101.206
1/30/2023 4:00,23700.8,23767,23695.3,23716.4,9352.129
1/30/2023 3:00,23649.3,23704,23625.7,23700.8,6562.498
1/30/2023 2:00,23672.7,23673.1,23568,23649.3,13481.968
1/30/2023 1:00,23752.7,23768.9,23619.4,23672.8,14471.221
1/30/2023 0:00,23740.2,23804.6,23685,23752.7,16108.158
1/29/2023 23:00,23773.4,23881.9,23728.5,23740.3,16233.507
1/29/2023 22:00,23795.8,23825,23724,23773.4,7229.655
1/29/2023 21:00,23701,23832.1,23656,23795.8,14590.904
1/29/2023 20:00,23896.5,23910.1,23600,23701,33792.411
1/29/2023 19:00,23681.8,23962.7,23661.8,23896.6,59644.41
1/29/2023 18:00,23590.6,23770.2,23536,23681.9,35358.894
1/29/2023 17:00,23585.8,23644.7,23548.2,23590.6,15031.506
1/29/2023 16:00,23522.7,23650,23473.7,23585.8,24488.15
1/29/2023 15:00,23540.5,23549.3,23471,23522.7,9458.796
1/29/2023 14:00,23538,23596.3,23417.1,23540.5,21765.455
1/29/2023 13:00,23481.7,23675.8,23463,23538.1,34795.59
1/29/2023 12:00,23430,23545.6,23351.6,23481.8,22595.491
1/29/2023 11:00,23446.9,23680,23266.8,23430,42759.586
1/29/2023 10:00,23293,23500,23293,23446.9,40569.887
1/29/2023 9:00,23169.6,23372,23157.5,23293,26086.193
1/29/2023 8:00,23200.4,23222,23151,23169.5,5262.963
1/29/2023 7:00,23196.2,23218.4,23173.4,23200.4,4714.308
1/29/2023 6:00,23244.7,23266,23181.7,23196.2,7336.098
1/29/2023 5:00,23228.3,23250,23187.6,23244.6,5966.615
1/29/2023 4:00,23190,23239.5,23143.1,23228.4,8806.627
1/29/2023 3:00,23141.9,23196.5,23102.4,23190,7679.026
1/29/2023 2:00,23232.1,23278.6,23052.6,23142,30758.584
1/29/2023 1:00,23105.2,23520,23105.1,23232,69605.837
1/29/2023 0:00,23016,23141.9,22961.5,23105.1,17497.738
1/28/2023 23:00,22969.9,23027,22953.2,23015.9,4516.561
1/28/2023 22:00,22993.9,23010.4,22966.4,22969.9,3790.895
1/28/2023 21:00,22959.1,23005.2,22935.1,22993.9,5507.164
1/28/2023 20:00,23033.2,23036.2,22949.2,22959.2,6586.898
1/28/2023 19:00,22991.2,23037.8,22985,23033.1,4251.428
1/28/2023 18:00,23012.9,23026,22971.4,22991.2,3667.309
1/28/2023 17:00,23009.7,23024,22968.1,23012.8,5710.409
1/28/2023 16:00,23004.6,23050.6,23000,23009.6,6142.402
1/28/2023 15:00,22941.5,23038,22927.2,23004.7,15772.811
1/28/2023 14:00,22963.8,22977,22939.2,22941.6,5531.343
1/28/2023 13:00,22950.4,22967.5,22870.8,22963.9,17715.6
1/28/2023 12:00,22973.4,22974.4,22907.5,22950.4,10457.474
1/28/2023 11:00,22968.9,22995.7,22932.1,22973.4,6921.863
1/28/2023 10:00,22993,23009.2,22932,22968.9,8420.747
1/28/2023 9:00,22972.7,23011.4,22880,22993,12980.432
1/28/2023 8:00,22984.3,23011.2,22943,22972.8,8328.134
1/28/2023 7:00,23031.8,23034.4,22942.9,22984.3,11344.473
1/28/2023 6:00,23057.3,23072.6,23000.8,23031.9,6783.881
1/28/2023 5:00,23083.9,23102.1,23019.2,23057.3,7158.925
1/28/2023 4:00,23108.9,23124.3,23071.2,23083.9,4205.118
1/28/2023 3:00,23076.5,23133.6,23070,23109,4568.875
1/28/2023 2:00,23082.2,23119.7,23060.1,23076.5,5747.059
1/28/2023 1:00,23145.6,23164.8,23065.4,23082.2,7353.719
1/28/2023 0:00,23068.1,23185,23033.9,23145.6,12937.423
1/27/2023 23:00,23000.7,23075.3,23000.4,23068,7369.045
1/27/2023 22:00,23077.9,23094.6,22940,23000.7,18466.364
1/27/2023 21:00,23104.6,23191.7,23044,23077.9,17053.135
1/27/2023 20:00,23246.8,23500,23006,23104.7,78126.418
1/27/2023 19:00,23173.2,23280.2,23150.1,23246.7,11110.56
1/27/2023 18:00,23197.6,23248,23123.3,23173.1,16462.238
1/27/2023 17:00,23126.7,23238.9,23076.9,23197.5,31532.1
1/27/2023 16:00,22928.8,23139.7,22919,23126.7,24992.019
1/27/2023 15:00,22958.3,23145.3,22924.3,22928.8,47916.122
1/27/2023 14:00,22896.3,23048.6,22830,22958.4,27941.31
1/27/2023 13:00,22926.6,23020.5,22850,22896.3,31193.783
1/27/2023 12:00,22964.4,22979.9,22851,22926.5,14019.746
1/27/2023 11:00,22942.9,22969.1,22910,22964.5,6547.156
1/27/2023 10:00,22942.7,22984.9,22901,22942.9,7023.797
1/27/2023 9:00,22959.8,22976,22902,22942.7,8621.665
1/27/2023 8:00,23068.1,23080,22900.1,22959.8,16652.278
1/27/2023 7:00,22992.5,23074.8,22927,23068.1,15211.883
1/27/2023 6:00,23028.7,23046.7,22962.8,22992.5,12009.316
1/27/2023 5:00,22790.1,23098,22785.7,23028.6,24269.172
1/27/2023 4:00,22762.2,22845.9,22750,22790.1,7346.303
1/27/2023 3:00,22772.5,22831.8,22750,22762.2,8435.712
1/27/2023 2:00,22639.9,22805,22595.6,22772.6,16637.67
1/27/2023 1:00,22918.6,22963.2,22516.6,22640,45579.676
1/27/2023 0:00,23001.9,23068.7,22889.8,22918.7,15402.839
1/26/2023 23:00,22997.9,23026.5,22958.2,23001.9,7098.765
1/26/2023 22:00,23073.5,23154,22982.4,22998,9929.681
1/26/2023 21:00,23105.9,23111.9,22955,23073.5,12305.607
1/26/2023 20:00,23063.4,23161,23031.6,23105.8,12933.008
1/26/2023 19:00,23031.6,23083.3,22971.6,23063.4,9034.232
1/26/2023 18:00,22975,23099.1,22955.7,23031.6,13755.143
1/26/2023 17:00,23000.5,23056.5,22951,22974.9,11519.143
1/26/2023 16:00,22947.2,23023,22850,23000.5,29860.946
1/26/2023 15:00,23028.6,23174,22890,22947.3,37923.916
1/26/2023 14:00,23121.2,23241.9,22916.6,23028.6,53966.139
1/26/2023 13:00,23115.7,23147.1,22856,23121.2,42138.355
1/26/2023 12:00,22985.4,23145,22958.1,23115.8,21452.639
1/26/2023 11:00,22932.3,22988,22889.9,22985.4,9417.159
1/26/2023 10:00,22964.2,22988,22843.8,22932.3,18792.104
1/26/2023 9:00,22997.4,23029.9,22900,22964.2,13101.057
1/26/2023 8:00,22961.3,23041.1,22918,22997.4,12806.204
1/26/2023 7:00,23084.4,23089.7,22941.7,22961.3,12380.213
1/26/2023 6:00,23142.6,23160,22885.7,23084.5,24964.002
1/26/2023 5:00,23172.1,23185.9,23125,23142.7,5069.785
1/26/2023 4:00,23129.5,23189.3,23099.2,23172.2,8151.793
1/26/2023 3:00,23175,23225.8,23097.6,23129.4,11426.82
1/26/2023 2:00,23158.6,23258.6,23131.5,23175,10604.804
1/26/2023 1:00,23236,23242.5,23129.6,23158.6,15164.766
1/26/2023 0:00,23060.6,23278.7,23040.1,23236.1,23964.505
1/25/2023 23:00,22930.1,23211.7,22883,23060.6,43615.79
1/25/2023 22:00,23593.3,23837.4,22810,22930.1,110732.74
1/25/2023 21:00,22932.6,23740,22824.8,23593.3,111732.584
1/25/2023 20:00,22743.4,22950,22743.4,22932.6,43582.363
1/25/2023 19:00,22720.8,22757,22653.7,22743.4,16874.482
1/25/2023 18:00,22567.9,22722.6,22552.2,22720.8,13764.555
1/25/2023 17:00,22627.7,22651.7,22508.1,22567.9,12766.904
1/25/2023 16:00,22573.4,22691.4,22516.2,22627.7,21506.497
1/25/2023 15:00,22432.6,22610,22327.2,22573.3,46455.312
1/25/2023 14:00,22591.6,22622.7,22404.9,22432.6,41090.532
1/25/2023 13:00,22692,22725,22564,22591.6,16672.469
1/25/2023 12:00,22595.8,22747.1,22589.9,22691.9,23695.671
1/25/2023 11:00,22607,22623.6,22556.6,22595.9,7597.903
1/25/2023 10:00,22601.7,22625.9,22460.8,22607,23607.666
1/25/2023 9:00,22653.5,22706.4,22565,22601.8,16755.528
1/25/2023 8:00,22703.9,22730,22651,22653.4,9598.524
1/25/2023 7:00,22707.2,22766.7,22691.8,22703.9,8706.745
1/25/2023 6:00,22665.4,22734.6,22629.9,22707.2,10193.422
1/25/2023 5:00,22620,22731.9,22600,22665.3,10165.797
1/25/2023 4:00,22641.1,22656.2,22615.5,22619.9,5772.157
1/25/2023 3:00,22546,22644.9,22534.3,22641,12004.663
1/25/2023 2:00,22487.4,22588.8,22480,22546,12734.443
1/25/2023 1:00,22647.9,22662.5,22310.5,22487.5,42314.219
1/25/2023 0:00,22627.5,22699,22489,22647.9,30845.641
1/24/2023 23:00,22750.7,22776.1,22450,22627.4,58303.442
1/24/2023 22:00,22896.2,22919.4,22650.1,22750.6,36652.951
1/24/2023 21:00,23004.2,23073.6,22800,22896.2,25879.561
1/24/2023 20:00,23015.1,23036.3,22870,23004.3,21035.549
1/24/2023 19:00,22992.8,23085.1,22956.8,23015,14775.795
1/24/2023 18:00,22906,23054,22870.7,22992.8,22057.833
1/24/2023 17:00,22869.9,22922.6,22782,22905.9,17372.613
1/24/2023 16:00,22924,22943.5,22836.3,22869.9,13064.602
1/24/2023 15:00,22854,22952.7,22749.2,22924,30993.804
1/24/2023 14:00,22856,22957.2,22677.9,22854,51417.336
1/24/2023 13:00,22958.6,23011.9,22781.7,22856.1,27297.456
1/24/2023 12:00,22912.1,23036,22875,22958.6,16731.999
1/24/2023 11:00,22897,22929.1,22855.2,22912,9081
1/24/2023 10:00,22845.2,22935,22840.4,22897.1,14053.185
1/24/2023 9:00,23047,23052.4,22760,22845.2,50781.92
1/24/2023 8:00,23052.3,23086.4,23030.2,23046.9,6682.999
1/24/2023 7:00,23092.1,23123.9,23000,23052.3,9584.201
1/24/2023 6:00,23118.2,23153,23056.7,23092.1,8605.974
1/24/2023 5:00,23070.2,23158.7,23024.7,23118.2,13153.987
1/24/2023 4:00,23078.2,23119,23060.2,23070.2,6231.638
1/24/2023 3:00,23036.9,23080.8,23001,23078.2,8339.677
1/24/2023 2:00,23087.7,23142,23036.9,23036.9,15224.004
1/24/2023 1:00,22980.4,23105.5,22928.8,23087.7,15393.695
1/24/2023 0:00,22913.3,23007.8,22863.3,22980.4,12900.595
1/23/2023 23:00,22924.1,22957.3,22869,22913.1,7982.975
1/23/2023 22:00,22992.7,23034.3,22852.2,22924.1,10746.722
1/23/2023 21:00,23021.4,23043.9,22931.7,22992.6,13513.797
1/23/2023 20:00,22789.6,23037.8,22756.1,23021.5,20866.775
1/23/2023 19:00,22937.8,22970,22653,22789.6,47628.779
1/23/2023 18:00,23070.6,23193.1,22855.7,22937.7,44785.448
1/23/2023 17:00,22913.3,23072.2,22852.2,23070.6,20251.344
1/23/2023 16:00,22852.1,22935,22770,22913.3,22975.194
1/23/2023 15:00,22635.8,22920,22587.5,22852,53641.435
1/23/2023 14:00,22797.1,23160,22500,22635.7,75342.355
1/23/2023 13:00,22909.9,22937.4,22665.4,22797,31780.411
1/23/2023 12:00,22906.4,22987,22809.6,22909.8,23175.067
1/23/2023 11:00,22909,22927.6,22824,22906.5,19499.609
1/23/2023 10:00,22785.3,22960,22766.6,22909,29508.966
1/23/2023 9:00,22718,22789.3,22701.7,22785.2,9337.862
1/23/2023 8:00,22692.4,22768.2,22661.9,22718,10479.67
1/23/2023 7:00,22773.4,22781.5,22596.8,22692.4,15646.394
1/23/2023 6:00,22721.4,22793.3,22690,22773.4,7646.038
1/23/2023 5:00,22756,22767.7,22706.7,22721.4,5941.672
1/23/2023 4:00,22657.6,22756,22657.6,22755.9,7479.225
1/23/2023 3:00,22753.4,22773.2,22645.6,22657.6,11224.54
1/23/2023 2:00,22694.7,22754.7,22688.8,22753.4,7076.568
1/23/2023 1:00,22743.1,22825.9,22687.9,22694.7,10672.62
1/23/2023 0:00,22704.7,22817.9,22660,22743,18599.374
1/22/2023 23:00,22674.1,22770,22638.8,22704.6,17166.044
1/22/2023 22:00,22584.3,22705,22537,22674.3,13802.651
1/22/2023 21:00,22464.3,22640,22317.4,22584.4,37054.852
1/22/2023 20:00,22720,22732.4,22287,22463.7,71672.302
1/22/2023 19:00,22836.1,22856.2,22681,22720,16720.596
1/22/2023 18:00,22924.4,22937.7,22814.2,22836.2,11615.632
1/22/2023 17:00,22814.5,22962.8,22772,22924.4,23343.617
1/22/2023 16:00,22793,22860,22686,22814.4,21030.821
1/22/2023 15:00,22993.2,23080.2,22631.1,22792.9,54925.338
1/22/2023 14:00,22898.9,23056,22866.9,22993.2,19420.158
1/22/2023 13:00,22873.9,22930,22853.3,22899,13143.995
1/22/2023 12:00,22785.6,22874.9,22704.3,22873.9,18868.917
1/22/2023 11:00,22872.5,22883.4,22733,22785.5,17564.598
1/22/2023 10:00,22855.9,22905.4,22840.3,22872.5,7651.827
1/22/2023 9:00,22911.7,22934.1,22831,22855.9,9231.225
1/22/2023 8:00,22893.2,22921.3,22812.3,22911.8,10591.294
1/22/2023 7:00,22921.3,22960,22875,22893.2,10219.319
1/22/2023 6:00,22879.4,22967,22865.2,22921.3,10855.432
1/22/2023 5:00,22849.8,22896.7,22837.8,22879.4,8955.31
1/22/2023 4:00,22766,22873,22720,22849.7,11621.66
1/22/2023 3:00,22711.7,22779.4,22673.2,22766.1,10581.163
1/22/2023 2:00,22797,22837.1,22600.2,22711.8,19891.149
1/22/2023 1:00,22878,22897.5,22698.2,22797.2,22805.128
1/22/2023 0:00,22781.8,22974.3,22708.4,22878,23796.783
1/21/2023 23:00,22739.6,22958,22670,22781.9,39699.69
1/21/2023 22:00,23198.7,23203.4,22700,22739.6,22202.156
1/21/2023 21:00,23086.4,23217.9,23000,23197.7,15699.937
1/21/2023 20:00,23271.9,23298.2,23073.6,23086.5,20405.336
1/21/2023 19:00,23246.6,23309,23172.5,23271.9,15425.576
1/21/2023 18:00,23221.7,23267.4,23051.1,23246.6,23767.525
1/21/2023 17:00,23193,23390,23122.4,23221.6,51999.546
1/21/2023 16:00,22996.2,23270,22980,23193,39514.482
1/21/2023 15:00,22953,23288,22932.7,22996.2,63226.221
1/21/2023 14:00,22927.2,23019,22872.4,22953.1,17344.837
1/21/2023 13:00,23036.8,23044.8,22847.8,22927.2,26305.854
1/21/2023 12:00,22903.5,23074,22884.9,23036.8,38833.25
1/21/2023 11:00,22776.8,22950,22646.1,22903.5,37925.249
1/21/2023 10:00,23027.6,23330,22555,22776.8,141980.323
1/21/2023 9:00,22693.5,23120,22679.9,23027.6,62113.934
1/21/2023 8:00,22631.6,22775.6,22619.2,22693.6,24310.676
1/21/2023 7:00,22617.7,22678.6,22596.6,22631.5,10250.687
1/21/2023 6:00,22570.5,22620,22553.7,22617.8,7093.752
1/21/2023 5:00,22593.1,22617.8,22560.5,22570.6,5067.551
1/21/2023 4:00,22541.8,22642,22511.2,22593,10411.987
1/21/2023 3:00,22543.8,22568,22487,22541.7,8249.778
1/21/2023 2:00,22558.1,22620,22500.5,22543.9,11788.286
1/21/2023 1:00,22571.4,22614.9,22547.5,22558,10238.221
1/21/2023 0:00,22661,22812.4,22422,22571.5,60826.246
1/20/2023 23:00,22590.5,22750,22566.5,22661.1,32649.954
1/20/2023 22:00,22309.9,22750,22309.9,22590.6,72581.678
1/20/2023 21:00,22287.2,22442.4,22204.6,22309.9,56889.188
1/20/2023 20:00,21494.1,22414.9,21493.8,22287.2,164068.553
1/20/2023 19:00,21380,21535,21352.9,21494.2,33024.147
1/20/2023 18:00,21348.9,21439.7,21283.8,21380,30938.378
1/20/2023 17:00,21312,21411.7,21281.4,21348.9,34692.008
1/20/2023 16:00,21139.7,21425,21136.1,21312,58569.772
1/20/2023 15:00,21148,21250,21102.7,21139.7,33693.625
1/20/2023 14:00,21053,21170,21006.7,21148,28405.348
1/20/2023 13:00,21085.2,21145,21035,21052.9,19161.301
1/20/2023 12:00,20957.5,21120,20952.2,21085.2,22389.15
1/20/2023 11:00,20958.8,20981.5,20931.9,20957.6,6477.306
1/20/2023 10:00,20956.7,20965.9,20910.3,20958.9,7654.959
1/20/2023 9:00,20943.8,20991.9,20903.7,20956.7,9420.399
1/20/2023 8:00,20954.1,20972.6,20895.4,20943.7,9582.607
1/20/2023 7:00,20939.1,20985.5,20856.4,20954.2,15454.837
1/20/2023 6:00,20979.3,20996.3,20921.1,20939.2,10063.082
1/20/2023 5:00,20990.5,21034.7,20950,20979.4,13249.325
1/20/2023 4:00,21086.2,21125,20966.2,20990.6,15261.925
1/20/2023 3:00,21077.1,21114.3,21058.1,21086.2,7422.205
1/20/2023 2:00,21115.8,21223.2,21077.1,21077.1,18618.007
1/20/2023 1:00,21052.5,21148.9,21011.4,21115.9,10777.269
1/20/2023 0:00,21068.3,21118.4,21024.6,21052.6,12600.177
1/19/2023 23:00,21062.4,21124.6,21013,21068.3,10069.942
1/19/2023 22:00,20929.8,21083.9,20926,21062.4,12541.697
1/19/2023 21:00,21099,21110,20913.4,20929.9,18576.239
1/19/2023 20:00,21090.1,21183.9,21033.8,21099,25464.823
1/19/2023 19:00,20977.1,21140,20946.2,21090,31309.301
1/19/2023 18:00,20838.2,21028.4,20830,20977.1,21865.317
1/19/2023 17:00,20873.5,20942.3,20786.8,20838.3,17670.876
1/19/2023 16:00,20870.8,20926.5,20825,20873.5,15491.191
1/19/2023 15:00,20800.8,20962.7,20787.2,20870.7,35411.221
1/19/2023 14:00,20776.2,20881.5,20721.4,20800.9,29925.449
1/19/2023 13:00,20728.1,20817,20661,20776.3,27275.802
1/19/2023 12:00,20741.3,20777.3,20677,20728.1,15426.491
1/19/2023 11:00,20797.6,20801.2,20707.4,20741.3,11532.53
1/19/2023 10:00,20797.2,20802.7,20754.4,20797.5,6768.322
1/19/2023 9:00,20770,20810.9,20729,20797.2,10379.604
1/19/2023 8:00,20818.2,20848,20761,20770,10763.063
1/19/2023 7:00,20828.6,20845.7,20803.7,20818.2,6277.561
1/19/2023 6:00,20814.8,20857.6,20799.9,20828.5,7066.373
1/19/2023 5:00,20812.5,20852.1,20796,20814.9,5207.862
1/19/2023 4:00,20748.9,20882,20745.1,20812.5,12698.898
1/19/2023 3:00,20766.3,20822,20743,20748.9,10793.257
1/19/2023 2:00,20719.9,20780,20659.9,20766.4,9909.905
1/19/2023 1:00,20699.1,20780.1,20681,20719.9,8607.484
1/19/2023 0:00,20680.1,20773.2,20666.2,20699.1,13700.409
1/18/2023 23:00,20811.8,20820,20648,20680,23849.096
1/18/2023 22:00,20780.7,20818.1,20621.1,20811.8,18525.756
1/18/2023 21:00,20732.7,20839.9,20713.4,20780.7,15238.485
1/18/2023 20:00,20905,20937.8,20665,20732.7,35915.367
1/18/2023 19:00,20933.3,20978.8,20881,20905.1,15601.987
1/18/2023 18:00,20889.5,21063.7,20840.3,20933.2,40090.389
1/18/2023 17:00,20851.2,21138,20747.3,20889.6,101734.085
1/18/2023 16:00,21035.5,21040,20386,20851.3,163484.258
1/18/2023 15:00,21419.9,21568,20810,21035.5,102049.689
1/18/2023 14:00,21401.2,21672,21310.9,21420,92320.532
1/18/2023 13:00,21257.9,21479.2,21200,21401.2,64787.936
1/18/2023 12:00,21201.7,21295.9,21201.6,21257.9,10313.855
1/18/2023 11:00,21180.1,21236,21170.5,21201.6,7200.477
1/18/2023 10:00,21227.5,21253,21162.6,21180.1,8751.941
1/18/2023 9:00,21246,21280.1,21132.1,21227.5,16884.213
1/18/2023 8:00,21307.8,21318.1,21206.9,21245.9,12262.095
1/18/2023 7:00,21257.1,21309.8,21244.1,21307.7,7062.78
1/18/2023 6:00,21307.5,21313.1,21245,21257.2,6121.051
1/18/2023 5:00,21279.7,21317.9,21252.6,21307.5,5814.013
1/18/2023 4:00,21254.1,21298.4,21226.6,21279.7,7299.88
1/18/2023 3:00,21292.5,21376.3,21254.1,21254.1,14942.925
1/18/2023 2:00,21243.9,21351.6,21151,21292.9,20575.565
1/18/2023 1:00,21201.1,21264.6,21175,21243.8,9082.971
1/18/2023 0:00,21130.8,21240,21103.6,21201,13876.171
1/17/2023 23:00,21229.9,21272.3,21123.1,21130.9,19346.477
1/17/2023 22:00,21307.7,21338.2,21205,21229.9,9147.384
1/17/2023 21:00,21393.6,21410.8,21273.1,21307.8,10748.249
1/17/2023 20:00,21337.3,21400,21260.5,21393.6,16892.684
1/17/2023 19:00,21361.9,21383.6,21285,21337.2,17636.796
1/17/2023 18:00,21221.2,21426,21186.7,21361.9,27522.862
1/17/2023 17:00,21160,21245,21080.3,21221.1,16285.81
1/17/2023 16:00,21175.7,21252.3,21082.3,21160.1,24916.975
1/17/2023 15:00,21283.4,21394.1,21024.3,21175.6,58684.482
1/17/2023 14:00,21232,21640,21055,21283.4,131822.697
1/17/2023 13:00,21254,21270.3,21177,21231.9,12472.216
1/17/2023 12:00,21218.6,21354,21190,21254.1,30140.039
1/17/2023 11:00,21127.1,21238,21100,21218.6,11181.214
1/17/2023 10:00,21174.3,21178.5,21077.7,21127.1,12357.845
1/17/2023 9:00,21199.9,21252,21142.6,21174.5,12547.459
1/17/2023 8:00,21134.8,21218.2,21130.4,21199.9,13624.573
1/17/2023 7:00,21077.7,21181.9,21062.1,21134.7,13518.875
1/17/2023 6:00,21153.7,21157.8,21063,21077.7,8362.739
1/17/2023 5:00,21160.1,21187.1,21131.9,21153.6,6175.988
1/17/2023 4:00,21129.6,21237,21109.2,21160.1,12336.025
1/17/2023 3:00,21108.2,21181.5,21067.5,21129.6,8750.135
1/17/2023 2:00,21043.9,21114.6,20989.5,21108.3,8875.438
1/17/2023 1:00,21110.3,21149,20827.8,21043.9,30764.557
1/17/2023 0:00,21188.2,21308.9,21067.2,21110.3,33279.074
1/16/2023 23:00,21192.6,21232.9,21102.3,21188.3,11080.89
1/16/2023 22:00,21137.6,21230,21134.6,21192.6,10389.768
1/16/2023 21:00,21294.8,21296.3,21056,21137.6,29710.234
1/16/2023 20:00,21314.5,21498,21221.6,21294.4,34076.43
1/16/2023 19:00,21286.7,21431,21230.9,21314.4,50231.762
1/16/2023 18:00,21110.7,21300,21058,21286.8,27314.757
1/16/2023 17:00,21004.3,21200,20991,21110.6,30539.689
1/16/2023 16:00,21000.6,21060.6,20921,21004.4,25444.591
1/16/2023 15:00,20862.8,21079.9,20606.6,21000.6,70619.105
1/16/2023 14:00,20836.3,20899.3,20758.1,20862.8,18741.253
1/16/2023 13:00,20793.1,20880,20774,20836.3,13627.095
1/16/2023 12:00,20821.8,20875,20783.2,20793.2,11407.658
1/16/2023 11:00,20859.8,20869.9,20790,20821.7,10464.659
1/16/2023 10:00,20834.9,20915,20806.6,20859.7,14282.209
1/16/2023 9:00,20757,20850,20724.9,20834.8,17804.59
1/16/2023 8:00,21116,21121.7,20619,20757.1,59181.183
1/16/2023 7:00,21158.1,21164.7,21073.2,21116,12282.149
1/16/2023 6:00,21195.5,21276,21112.4,21158.1,18750.518
1/16/2023 5:00,21160.2,21226.3,21128.1,21195.5,11312.469
1/16/2023 4:00,21084.3,21177.5,21048,21160.2,13613.471
1/16/2023 3:00,21217.3,21242.5,21036.6,21084.3,26803.506
1/16/2023 2:00,21193,21449.3,21129.9,21217.2,48246.866
1/16/2023 1:00,20981.5,21344.4,20929.1,21193.1,73801.113
1/16/2023 0:00,20882.7,21015.7,20780.2,20981.4,26422.236
1/15/2023 23:00,20927,20952.3,20850,20882.7,11232.446
1/15/2023 22:00,20912.1,20970,20750,20927.1,17040.09
1/15/2023 21:00,20914.7,20947,20871.3,20912,7023.708
1/15/2023 20:00,20877.3,20943,20845.2,20914.6,9398.804
1/15/2023 19:00,20827,20916.9,20784.6,20877.2,11063.55
1/15/2023 18:00,20931,20934.7,20670,20826.9,39370.421
1/15/2023 17:00,20884.7,21073.8,20876.2,20931,32811.687
1/15/2023 16:00,20925,20980.6,20866.2,20884.7,22801.176
1/15/2023 15:00,20805.4,21028,20792.2,20925,37379.804
1/15/2023 14:00,20719.4,20835.4,20696.4,20805.3,16126.23
1/15/2023 13:00,20707.9,20880,20701,20719.5,19742.26
1/15/2023 12:00,20737.4,20756.2,20661.1,20707.8,9555.125
1/15/2023 11:00,20748.2,20757.2,20666.3,20737.4,9594.315
1/15/2023 10:00,20772.4,20780,20705,20748.2,12293.308
1/15/2023 9:00,20626.4,20775.6,20581.4,20772.4,21518.291
1/15/2023 8:00,20750.1,20768.3,20601,20626.5,20115.643
1/15/2023 7:00,20725.5,20754,20673.9,20750,8809.895
1/15/2023 6:00,20758.4,20798,20708.2,20725.5,6377.47
1/15/2023 5:00,20710.2,20797.8,20687.1,20758.3,10106.414
1/15/2023 4:00,20736.5,20778.6,20693.3,20710.2,9481.814
1/15/2023 3:00,20684.9,20763.6,20556,20736.5,21440.793
1/15/2023 2:00,20785.3,20832,20680.1,20685.1,13436.613
1/15/2023 1:00,20774.7,20798.5,20655.5,20785.3,16403.383
1/15/2023 0:00,20962.8,21012,20632.1,20774.7,45363.319
1/14/2023 23:00,21004.4,21092,20940.4,20962.8,20804.244
1/14/2023 22:00,20914.2,21049.6,20875.8,21004.4,12790.041
1/14/2023 21:00,20895,20970.9,20846,20914.2,15402.418
1/14/2023 20:00,20796.8,20920.1,20773.9,20895,10650.666
1/14/2023 19:00,20769.3,20880,20729.9,20796.8,15830.095
1/14/2023 18:00,20766,20812.4,20670.7,20769.3,19369.163
1/14/2023 17:00,20822.3,20930.5,20730.6,20766,21860.415
1/14/2023 16:00,20796.9,20879.6,20756,20822.4,21589.39
1/14/2023 15:00,20841.9,20906.6,20621,20796.9,38496.743
1/14/2023 14:00,20945.9,21240,20544,20841.9,73025.654
1/14/2023 13:00,20920.9,21009.8,20801.2,20945.9,29887.486
1/14/2023 12:00,20733.3,20988,20586,20920.9,45479.167
1/14/2023 11:00,20513.8,20771.2,20492.7,20733.4,42461.917
1/14/2023 10:00,20542.4,20542.5,20257.3,20513.8,46598.336
1/14/2023 9:00,21016.2,21022.6,20322,20542.4,100124.539
1/14/2023 8:00,20913,21045,20893.4,21016.2,19732.16
1/14/2023 7:00,20974.7,20985.9,20855.5,20913.1,15114.661
1/14/2023 6:00,20864.3,21004.5,20864.2,20974.7,15260.675
1/14/2023 5:00,20920.3,20938.8,20801.3,20864.2,21642.997
1/14/2023 4:00,20996.2,21060,20900.4,20920.2,23846.946
1/14/2023 3:00,20959.8,21014,20795.4,20996.3,31564.405
1/14/2023 2:00,20934.3,21059.3,20850,20959.8,49260.496
1/14/2023 1:00,20901.8,21115,20711,20934.3,76272.008
1/14/2023 0:00,19924.3,21544,19882.6,20901.9,243602.061
1/13/2023 23:00,19842.1,19936.4,19725.9,19924.2,30991.685
1/13/2023 22:00,19808.9,19997.8,19780,19842,69109.294
1/13/2023 21:00,19464,19904.8,19367,19808.8,103531.809
1/13/2023 20:00,19354.1,19491,19307.4,19464.1,50020.564
1/13/2023 19:00,19282.6,19364.8,19239,19354.2,23811.715
1/13/2023 18:00,19248.4,19380,19248.3,19282.7,30983.171
1/13/2023 17:00,19126.6,19398,19098,19248.4,68432.635
1/13/2023 16:00,19252.6,19264.8,19053,19126.6,47322.629
1/13/2023 15:00,18990,19299.2,18981.8,19252.5,107653.856
1/13/2023 14:00,18845.8,19152.1,18824.3,18990.1,52246.655
1/13/2023 13:00,18855.1,18892.5,18806,18845.8,17130.556
1/13/2023 12:00,18911.7,18928.3,18801.4,18855,23723.319
1/13/2023 11:00,19036.1,19036.2,18880,18911.7,28501.15
1/13/2023 10:00,18901.2,19050,18851.1,19036.1,47521.123
1/13/2023 9:00,18834.8,18927.9,18834,18901.2,19108.437
1/13/2023 8:00,18817.7,18854.2,18803.9,18834.8,7298.542
1/13/2023 7:00,18844.1,18848.5,18779.6,18817.7,8055.615
1/13/2023 6:00,18780.2,18856,18774.4,18844,6466.662
1/13/2023 5:00,18814.7,18827.2,18770.5,18780.2,9712.88
1/13/2023 4:00,18871.5,18875.4,18808.1,18814.7,6733.403
1/13/2023 3:00,18833.9,18877.9,18819.4,18871.6,7391.252
1/13/2023 2:00,18807.9,18837.5,18782.7,18833.9,7502.594
1/13/2023 1:00,18769.5,18815.6,18745.4,18808,9573.903
1/13/2023 0:00,18838.1,18881.7,18711,18769.5,23984.383
1/12/2023 23:00,18907.4,18907.4,18837.3,18838,11645.233
1/12/2023 22:00,18823.4,18928,18771.7,18907.4,15879.069
1/12/2023 21:00,19042.2,19120,18758.5,18823.3,52929.601
1/12/2023 20:00,18877.3,19085,18814.2,19042.2,44118.66
1/12/2023 19:00,18790.1,19062.5,18753.7,18877.2,59277.581
1/12/2023 18:00,18840,19000,18607.9,18790,104483.911
1/12/2023 17:00,18128.4,18920,18096.4,18840,147392.412
1/12/2023 16:00,18077.6,18137.4,18045.7,18128.3,17317.695
1/12/2023 15:00,17989.7,18132.9,17981.7,18077.7,38854.384
1/12/2023 14:00,18277.7,18348.8,17920,17989.7,97133.894
1/12/2023 13:00,18263.3,18377.4,17907.3,18277.6,160884.884
1/12/2023 12:00,18194.4,18277.6,18163.5,18263.3,25204.317
1/12/2023 11:00,18179.7,18220,18157.1,18194.5,10381.586
1/12/2023 10:00,18159.6,18211.5,18137.2,18179.7,13251.693
1/12/2023 9:00,18145.1,18168.7,18122.7,18159.6,10512.627
1/12/2023 8:00,18129.2,18145.4,18062,18145.1,11723.615
1/12/2023 7:00,18142,18172.9,18110.4,18129.3,9201.858
1/12/2023 6:00,18080.6,18157.1,18079.2,18142,13171.679
1/12/2023 5:00,18206.3,18233,18070,18080.6,20457.081
1/12/2023 4:00,18217.1,18224.4,18190.9,18206.4,8716.506
1/12/2023 3:00,18199.6,18234.6,18190.4,18217.2,11683.649
1/12/2023 2:00,18214.1,18400,18170.7,18199.5,38121.679
1/12/2023 1:00,18263.9,18287.2,18136.7,18214.1,46199.215
1/12/2023 0:00,17935.6,18300,17902.4,18264,71791.931
1/11/2023 23:00,17548,18013.2,17541.4,17935.7,98650.169
1/11/2023 22:00,17547.5,17589,17503.8,17548,19981.799
1/11/2023 21:00,17542.4,17561.3,17522,17547.5,8545.43
1/11/2023 20:00,17540.7,17574,17501.4,17542.5,17265.08
1/11/2023 19:00,17476.4,17545.6,17460,17540.6,18016.898
1/11/2023 18:00,17373.4,17550.9,17373.3,17476.5,46693.798
1/11/2023 17:00,17339.9,17384.7,17335.1,17373.3,8944.476
1/11/2023 16:00,17325.2,17359,17320.3,17339.9,12567.44
1/11/2023 15:00,17406,17429.7,17306.4,17325.3,26930.179
1/11/2023 14:00,17404.7,17427.9,17367.2,17406,15603.522
1/11/2023 13:00,17408.6,17426,17375.3,17404.8,11115.628
1/11/2023 12:00,17428.6,17428.7,17391.3,17408.7,8862.767
1/11/2023 11:00,17431.6,17446.3,17420,17428.7,5126.86
1/11/2023 10:00,17436.9,17450,17426.9,17431.7,4562.841
1/11/2023 9:00,17440.4,17464,17431,17437,7792.821
1/11/2023 8:00,17437.1,17441,17399.5,17440.3,7315.346
1/11/2023 7:00,17427.1,17456,17422.3,17437.1,6399.375
1/11/2023 6:00,17398.7,17433.3,17380,17427.1,8112.456
1/11/2023 5:00,17401.3,17427.9,17391,17398.7,6185.899
1/11/2023 4:00,17407.7,17415.4,17383.7,17401.2,5213.004
1/11/2023 3:00,17380,17416.2,17360,17407.7,9326.157
1/11/2023 2:00,17450.2,17452,17375,17380,10947.654
1/11/2023 1:00,17456.7,17500,17427.6,17450.1,11184.797
1/11/2023 0:00,17428.8,17487.5,17420.3,17456.7,10932.71
1/10/2023 23:00,17419.8,17434,17393.3,17428.8,7385.913
1/10/2023 22:00,17453.5,17453.6,17411.7,17419.9,9363.072
1/10/2023 21:00,17466.6,17483.8,17440,17453.6,8705.394
1/10/2023 20:00,17424.1,17485.4,17398.3,17466.7,22713.61
1/10/2023 19:00,17427.6,17448,17390.4,17424.1,17963.296
1/10/2023 18:00,17318.6,17438,17317.3,17427.7,33892.659
1/10/2023 17:00,17294.2,17331.8,17280,17318.5,6951.798
1/10/2023 16:00,17317.6,17332.9,17273.3,17294.1,14757.19
1/10/2023 15:00,17279.4,17368.7,17263.3,17317.5,37784.812
1/10/2023 14:00,17238.7,17325.4,17209.5,17279.4,36759.513
1/10/2023 13:00,17216.2,17248.5,17204.4,17238.7,9912.592
1/10/2023 12:00,17244.3,17247.5,17212,17216.1,8347.089
1/10/2023 11:00,17264.6,17278,17242.9,17244.4,7609.6
1/10/2023 10:00,17240.1,17269.9,17227,17264.6,6176.028
1/10/2023 9:00,17250.9,17269.9,17236,17240.1,7578.636
1/10/2023 8:00,17194.6,17263.4,17181.2,17250.9,15679.71
1/10/2023 7:00,17196.9,17200.6,17184.4,17194.7,3563.696
1/10/2023 6:00,17222.4,17225.5,17181.8,17196.8,5247.231
1/10/2023 5:00,17215.6,17228,17203.3,17222.4,4454.395
1/10/2023 4:00,17199.9,17215.6,17190.5,17215.5,4989.184
1/10/2023 3:00,17177,17200.5,17168,17199.9,3590.519
1/10/2023 2:00,17187.1,17207.4,17140.4,17177,10034.579
1/10/2023 1:00,17211,17227.7,17181.9,17187.2,6903.167
1/10/2023 0:00,17169.6,17212.6,17169.5,17211,6956.688
1/9/2023 23:00,17197.9,17198,17118.3,17169.7,13062.667
1/9/2023 22:00,17172.5,17215.1,17159.9,17198,7755.894
1/9/2023 21:00,17212.8,17238,17157,17172.5,18826.317
1/9/2023 20:00,17285.6,17302.3,17171.8,17212.9,30981.954
1/9/2023 19:00,17341.3,17341.3,17285.7,17285.7,10702.689
1/9/2023 18:00,17348.9,17387.8,17317.6,17341.3,21930.866
1/9/2023 17:00,17318.5,17365,17308.1,17348.9,18454.227
1/9/2023 16:00,17260.4,17345.7,17259.6,17318.4,26375.457
1/9/2023 15:00,17255.3,17325,17220.1,17260.4,36956.508
1/9/2023 14:00,17218.5,17265.9,17200.1,17255.2,16101.262
1/9/2023 13:00,17242.6,17289,17181.9,17218.6,19686.683
1/9/2023 12:00,17232.2,17246.6,17223,17242.6,7630.195
1/9/2023 11:00,17255.4,17270.6,17230.3,17232.2,8365.844
1/9/2023 10:00,17230,17277.7,17227.5,17255.4,14131.052
1/9/2023 9:00,17182.7,17268,17181.1,17230.1,19360.962
1/9/2023 8:00,17189.8,17230,17180,17182.7,8896.254
1/9/2023 7:00,17180.9,17204.5,17178.3,17189.7,5972.366
1/9/2023 6:00,17195,17205.7,17171.7,17180.9,7630.862
1/9/2023 5:00,17216.1,17248,17193.3,17195,9693.771
1/9/2023 4:00,17188.1,17239.8,17186,17216.1,12566.213
1/9/2023 3:00,17182.9,17207,17171.9,17188.1,8552.086
1/9/2023 2:00,17167,17245.1,17154.3,17182.9,26220.759
1/9/2023 1:00,17178.9,17238.6,17138.6,17167,18720.147
1/9/2023 0:00,17124.6,17192.3,17098.2,17178.9,31702.774
1/8/2023 23:00,16956.8,17181.1,16956.8,17124.7,41181.724
1/8/2023 22:00,16949.2,16969.8,16946.1,16956.8,3861.252
1/8/2023 21:00,16959.5,16983,16940,16949.2,5695.692
1/8/2023 20:00,16920.3,16974.6,16916.5,16959.4,10144.525
1/8/2023 19:00,16922.1,16932.6,16915.7,16920.3,2361.461
1/8/2023 18:00,16920,16927.7,16912,16922.1,3192.365
1/8/2023 17:00,16930.1,16944.2,16912.2,16919.9,5318.739
1/8/2023 16:00,16990.9,17015.1,16910.2,16930.1,20311.479
1/8/2023 15:00,16945.7,17015.6,16931.7,16991,15661.036
1/8/2023 14:00,16924.1,16948,16924,16945.6,4701.892
1/8/2023 13:00,16915.4,16929.5,16912.7,16924.1,2907.513
1/8/2023 12:00,16918.5,16922.5,16915.3,16915.3,3784.313
1/8/2023 11:00,16930.8,16933.2,16917.8,16918.6,3208.082
1/8/2023 10:00,16927.4,16931.6,16927.2,16930.8,1912.733
1/8/2023 9:00,16938.8,16960,16918.4,16927.4,7503.543
1/8/2023 8:00,16945.5,16949.9,16933,16938.8,2905.593
1/8/2023 7:00,16945.8,16947.5,16938.1,16945.5,2888.958
1/8/2023 6:00,16937.2,16945.9,16927.5,16945.8,2074.113
1/8/2023 5:00,16930.8,16937.2,16929.3,16937.2,1450.567
1/8/2023 4:00,16938.9,16939.4,16930,16930.8,1584.257
1/8/2023 3:00,16925.5,16939.5,16923.2,16939,2696.45
1/8/2023 2:00,16924.9,16927.4,16912.3,16925.4,1786.53
1/8/2023 1:00,16919.3,16930,16908.6,16924.8,3755.241
1/8/2023 0:00,16936.5,16949.3,16905,16919.4,6829.26
1/7/2023 23:00,16930.4,16940.4,16925.6,16936.5,1782.87
1/7/2023 22:00,16931.5,16932.4,16922.9,16930.4,1846.527
1/7/2023 21:00,16939.3,16942,16929.1,16931.5,2621.893
1/7/2023 20:00,16937.3,16945.8,16930.1,16939.3,3573.604
1/7/2023 19:00,16932.1,16939.6,16929.6,16937.3,1851.553
1/7/2023 18:00,16923.2,16933.3,16923.2,16932.2,1931.878
1/7/2023 17:00,16916.4,16929.8,16914.1,16923.2,2068.515
1/7/2023 16:00,16934.5,16934.5,16910.4,16916.4,3508.278
1/7/2023 15:00,16931.8,16944,16928.9,16934.5,2901.621
1/7/2023 14:00,16911.9,16943.2,16900.1,16931.7,5990.949
1/7/2023 13:00,16912.5,16931.7,16906.5,16911.9,4573.774
1/7/2023 12:00,16912.3,16915.1,16902,16912.6,3263.207
1/7/2023 11:00,16917.2,16920,16903,16912.3,3366.819
1/7/2023 10:00,16924,16924.1,16905.6,16917.1,2823.815
1/7/2023 9:00,16922.1,16927.1,16915.3,16924.1,3136.234
1/7/2023 8:00,16939.8,16946.4,16920.6,16922.2,4131.389
1/7/2023 7:00,16925.1,16940.9,16925.1,16939.8,2512.011
1/7/2023 6:00,16926.8,16930,16915.8,16925.1,3410.9
1/7/2023 5:00,16930,16933.2,16925.2,16926.9,2107.052
1/7/2023 4:00,16944.3,16945,16928,16930,2526.168
1/7/2023 3:00,16934.9,16948.1,16929.5,16944.4,3297.321
1/7/2023 2:00,16941.1,16947.4,16927.9,16935,3939.415
1/7/2023 1:00,16969.9,16973.6,16935.2,16941.1,4401.729
1/7/2023 0:00,16943.9,16970,16924.8,16970,6405.583
1/6/2023 23:00,16948.8,16974.4,16935,16943.8,8756.306
1/6/2023 22:00,16923,16958.9,16922.9,16948.8,6267.036
1/6/2023 21:00,16888.6,16943.4,16881.8,16922.9,11252.297
1/6/2023 20:00,16932.7,17030,16881,16888.7,41959.935
1/6/2023 19:00,16841.6,16960,16837.7,16932.6,30019.766
1/6/2023 18:00,16815,16858.6,16814.9,16841.5,11125.211
1/6/2023 17:00,16820.5,16836.8,16805,16814.9,5380.131
1/6/2023 16:00,16834.1,16846.3,16801.6,16820.6,11461.978
1/6/2023 15:00,16743,16843,16743,16834.2,24472.004
1/6/2023 14:00,16766.9,16784,16715,16742.9,19659.166
1/6/2023 13:00,16724.3,16812.6,16664.8,16766.9,49100.158
1/6/2023 12:00,16731.5,16742.6,16712,16724.4,9061.594
1/6/2023 11:00,16760.2,16764.1,16685.2,16731.4,23022.788
1/6/2023 10:00,16781.3,16796.8,16755.3,16760.2,6194.064
1/6/2023 9:00,16792.7,16792.8,16755,16781.2,10013.057
1/6/2023 8:00,16785.6,16805.3,16785.6,16792.8,4301.9
1/6/2023 7:00,16779.2,16796.5,16773.4,16785.6,5591.799
1/6/2023 6:00,16801.3,16807.3,16773,16779.1,5909.454
1/6/2023 5:00,16814.4,16814.4,16778.3,16801.4,6139.426
1/6/2023 4:00,16825,16828,16796.3,16814.3,6217.468
1/6/2023 3:00,16828.8,16834.2,16820,16825.1,2861.271
1/6/2023 2:00,16818.1,16831.2,16795.6,16828.8,6370.672
1/6/2023 1:00,16852.1,16854.7,16812.3,16818.1,4807.908
1/6/2023 0:00,16823.8,16865,16818.9,16852.1,7028.24
1/5/2023 23:00,16829.9,16838.4,16810,16823.8,5780.316
1/5/2023 22:00,16840,16848.6,16825.3,16829.9,2954.103
1/5/2023 21:00,16852.8,16857.8,16827.6,16840,5015.939
1/5/2023 20:00,16856.3,16863.4,16839.4,16852.8,5329.164
1/5/2023 19:00,16837,16867.8,16821,16856.4,7314.816
1/5/2023 18:00,16806.8,16840,16794,16837,7502.341
1/5/2023 17:00,16833,16839.8,16806.7,16806.8,5674.044
1/5/2023 16:00,16836.7,16856.8,16816,16833,8698.276
1/5/2023 15:00,16822.6,16872.8,16817,16836.6,23417.468
1/5/2023 14:00,16771,16829,16740.4,16822.6,26660.991
1/5/2023 13:00,16813.6,16821.1,16770.1,16771.1,14522.537
1/5/2023 12:00,16827,16827,16807.9,16813.6,4285.55
1/5/2023 11:00,16816.4,16830,16807.9,16827,4609.052
1/5/2023 10:00,16800.7,16829,16798.2,16816.4,6192.154
1/5/2023 9:00,16799.9,16806,16775.1,16800.6,7577.37
1/5/2023 8:00,16816.1,16822,16786.5,16799.9,4779.411
1/5/2023 7:00,16810.4,16816.7,16782.4,16816.1,6986.003
1/5/2023 6:00,16836.2,16836.2,16804.4,16810.5,4590.842
1/5/2023 5:00,16829,16840.7,16829,16836.1,2410.192
1/5/2023 4:00,16819,16834.7,16815,16829.1,2549.775
1/5/2023 3:00,16827.9,16828.3,16810.3,16819,2848.03
1/5/2023 2:00,16825,16836.6,16816.9,16827.9,2381.822
1/5/2023 1:00,16819.8,16842.5,16800,16825,5989.228
1/5/2023 0:00,16842.2,16869,16817.4,16819.9,8299.923
1/4/2023 23:00,16818.7,16860.9,16807.3,16842.1,6500.864
1/4/2023 22:00,16819.3,16837.2,16808.5,16818.7,3870.981
1/4/2023 21:00,16801.1,16820.4,16789.1,16819.4,5258.686
1/4/2023 20:00,16835.9,16844.2,16766,16801.2,14545.323
1/4/2023 19:00,16941.9,16984.6,16777.7,16835.9,46623.188
1/4/2023 18:00,16885.4,16980,16864,16942,23539.176
1/4/2023 17:00,16850.8,16945.6,16841.8,16885.4,20882.503
1/4/2023 16:00,16846.5,16890.8,16824.3,16850.7,18406.97
1/4/2023 15:00,16820.9,16850.4,16759.3,16846.5,28117.369
1/4/2023 14:00,16820.2,16852.1,16789,16821,15888.621
1/4/2023 13:00,16808,16829.8,16804.3,16820.1,5583.459
1/4/2023 12:00,16826.7,16838.7,16800.1,16808,10884.695
1/4/2023 11:00,16837.9,16847.4,16826.2,16826.8,4561.085
1/4/2023 10:00,16838.9,16840.9,16826.1,16838,4847.863
1/4/2023 9:00,16857.1,16860.4,16824.5,16838.9,6614.273
1/4/2023 8:00,16862.5,16913.6,16826.7,16857.1,18658.974
1/4/2023 7:00,16872.8,16885.4,16841.1,16862.5,9605.247
1/4/2023 6:00,16848.3,16872.9,16842.2,16872.9,6521.234
1/4/2023 5:00,16852.5,16856.5,16832.3,16848.3,7856.39
1/4/2023 4:00,16855.9,16904.4,16841,16852.4,20900.843
1/4/2023 3:00,16729.1,16870,16729,16855.9,40712.041
1/4/2023 2:00,16696.1,16749.8,16695.5,16729,10677.859
1/4/2023 1:00,16655.6,16730,16652.3,16696.1,14283.553
1/4/2023 0:00,16667.3,16668.4,16645.7,16655.6,4299.783
1/3/2023 23:00,16670.2,16688.2,16660.2,16667.2,6070.52
1/3/2023 22:00,16658.8,16673,16642.9,16670.1,4068.634
1/3/2023 21:00,16656,16665.7,16652.4,16658.8,3880.582
1/3/2023 20:00,16637.6,16665.8,16636,16656.1,6661.503
1/3/2023 19:00,16637.6,16652,16615.1,16637.7,5505.693
1/3/2023 18:00,16626.1,16645.8,16621.2,16637.7,5468.815
1/3/2023 17:00,16617.3,16637,16600.3,16626,9304.479
1/3/2023 16:00,16670.9,16680.1,16606,16617.3,14840.489
1/3/2023 15:00,16653.1,16674.9,16610,16670.8,29071.069
1/3/2023 14:00,16718.2,16764.9,16633,16653.1,33040.987
1/3/2023 13:00,16703.8,16732.2,16703.7,16718.1,5633.08
1/3/2023 12:00,16714.2,16721.2,16695.7,16703.7,6066.134
1/3/2023 11:00,16718.2,16729.8,16703,16714.2,3878.215
1/3/2023 10:00,16732.9,16740.9,16716,16718.3,4774.934
1/3/2023 9:00,16710.1,16750.5,16710,16732.9,6532.91
1/3/2023 8:00,16723.1,16728.9,16691.7,16710,6822.343
1/3/2023 7:00,16719.8,16726.4,16700.6,16723.1,6435.281
1/3/2023 6:00,16720,16774,16717.7,16719.8,14948.156
1/3/2023 5:00,16677.9,16721.9,16677.7,16720,5682.914
1/3/2023 4:00,16684.4,16691.2,16675.2,16678,2331.004
1/3/2023 3:00,16666.5,16694,16661.5,16684.5,3801.419
1/3/2023 2:00,16670.4,16680,16665.2,16666.5,2974.963
1/3/2023 1:00,16689,16689.1,16645.5,16670.5,6321.721
1/3/2023 0:00,16665.9,16699.7,16639.5,16689.1,8954.36
1/2/2023 23:00,16694.6,16717.4,16650,16666,11556.583
1/2/2023 22:00,16751.9,16755.7,16685.1,16694.6,10723.212
1/2/2023 21:00,16722.7,16799,16715,16751.9,9106.205
1/2/2023 20:00,16730.5,16732,16702.7,16722.8,3836.094
1/2/2023 19:00,16718.3,16732.1,16711.1,16730.5,2697.782
1/2/2023 18:00,16710,16725.8,16703.9,16718.3,3188.873
1/2/2023 17:00,16704.1,16716.5,16702.6,16710.1,4115.314
1/2/2023 16:00,16729.2,16732.9,16704,16704.1,6548.028
1/2/2023 15:00,16694.7,16744.8,16688.4,16729.2,12200.994
1/2/2023 14:00,16687.7,16702.5,16665,16694.8,8935.589
1/2/2023 13:00,16713.2,16716.5,16674.3,16687.8,10046.081
1/2/2023 12:00,16728.4,16736.1,16713,16713.2,4678.572
1/2/2023 11:00,16720.1,16734,16696,16728.5,6775.332
1/2/2023 10:00,16710,16759.8,16703.2,16720.2,8279.414
1/2/2023 9:00,16724.6,16735.9,16705.1,16710,7428.434
1/2/2023 8:00,16712.6,16764,16701,16724.5,15067.451
1/2/2023 7:00,16632.5,16767.8,16630.8,16712.5,34167.373
1/2/2023 6:00,16640.1,16654.8,16627.8,16632.4,4079.99
1/2/2023 5:00,16631.8,16653.8,16612.8,16640,6882.642
1/2/2023 4:00,16654.7,16665,16621.8,16631.8,8205.467
1/2/2023 3:00,16580.4,16700.7,16575,16654.6,18043.112
1/2/2023 2:00,16556.5,16587.1,16547.5,16580.4,3292.203
1/2/2023 1:00,16578,16579.3,16541.2,16556.5,9532.229
1/2/2023 0:00,16610.4,16618.4,16572.9,16578,5774.202
1/1/2023 23:00,16594.4,16617.4,16594.4,16610.3,5040.212
1/1/2023 22:00,16597.6,16605.4,16579.1,16594.4,3633.682
1/1/2023 21:00,16593.7,16599.7,16584.1,16597.6,3040.626
1/1/2023 20:00,16596.1,16618.8,16592,16593.8,4951.995
1/1/2023 19:00,16584.3,16615.8,16584.2,16596.1,7406.797
1/1/2023 18:00,16573.1,16597,16573,16584.3,4955.635
1/1/2023 17:00,16556.1,16589.4,16555.5,16573.1,6126.892
1/1/2023 16:00,16553,16579,16552.6,16556,7482.092
1/1/2023 15:00,16533.2,16553.1,16524.6,16553.1,3107.183
1/1/2023 14:00,16539.9,16549.7,16533.1,16533.1,2448.444
1/1/2023 13:00,16553.8,16559.8,16530.5,16539.9,4505.256
1/1/2023 12:00,16549.8,16565.9,16542.9,16553.9,5482.001
1/1/2023 11:00,16542.9,16549.8,16535.1,16549.8,3768.388
1/1/2023 10:00,16532.7,16542.9,16527.3,16542.8,4110.425
1/1/2023 9:00,16504.3,16536.1,16496.8,16532.7,3948.702
1/1/2023 8:00,16519.5,16524.9,16502,16504.2,3289.761
1/1/2023 7:00,16535.3,16537.5,16488,16519.6,8852.672
1/1/2023 6:00,16525.6,16545.7,16525.6,16535.3,2726.582
1/1/2023 5:00,16517.8,16531.1,16508,16525.7,3268.293
1/1/2023 4:00,16529.2,16530.4,16508.8,16517.8,3150.954
1/1/2023 3:00,16542.5,16542.5,16515,16529.3,3214.48
1/1/2023 2:00,16550.5,16557.1,16534.8,16542.4,2399.668
1/1/2023 1:00,16527.1,16554.3,16524.1,16550.4,3210.826
1/1/2023 0:00,16537.5,16540.9,16504,16527,5381.399
